年,年齢,年齢区分,年収（万円）,年収（円）,月例賃金（円）,年間賞与相当額（円）,所得税（円）,住民税（円）,厚生年金（円）,健康保険（円）,介護保険（円）,雇用保険（円）,社会保険料総額（円）,控除総額（円）,名目手取り（円）,実効負担率（%）,手取り率（%）,手取り（100円あたり）,所得税（100円あたり）,住民税（100円あたり）,厚生年金（100円あたり）,健康保険（100円あたり）,介護保険（100円あたり）,雇用保険（100円あたり）,性別,扶養人数,給与所得のみ
1990,35,20～39歳,200,2000000.0,126634.15408479498,480390.1509824601,70000.0,39700.0,108108.0,64944.6,0.0,11000.0,184052.6,293752.6,1706247.4,14.687629999999999,85.31236999999999,85.31236999999999,3.5000000000000004,1.9849999999999999,5.4054,3.24723,0.0,0.5499999999999999,男性,0,True
1990,35,20～39歳,250,2500000.0,158292.69260599374,600487.6887280752,100100.0,54700.0,137280.0,82441.2,0.0,13750.0,233471.2,388271.2,2111728.8,15.530848,84.469152,84.469152,4.004,2.188,5.4912,3.2976479999999997,0.0,0.5499999999999999,男性,0,True
1990,35,20～39歳,300,3000000.0,189951.23112719247,720585.2264736904,130700.0,70000.0,163020.0,97921.2,0.0,16500.0,277441.2,478141.2,2521858.8,15.93804,84.06195999999998,84.06195999999998,4.3566666666666665,2.3333333333333335,5.434,3.26404,0.0,0.5499999999999999,男性,0,True
1990,35,20～39歳,350,3500000.0,221609.76964839123,840682.7642193055,163300.0,90000.0,188760.0,113401.8,0.0,19250.0,321411.8,574711.8,2925288.2,16.420337142857143,83.57966285714286,83.57966285714286,4.6657142857142855,2.571428571428571,5.393142857142857,3.2400514285714284,0.0,0.5499999999999999,男性,0,True
1990,35,20～39歳,400,4000000.0,253268.30816958996,960780.3019649202,197500.0,124200.0,223080.0,133921.8,0.0,22000.0,379001.8,700701.8,3299298.2,17.517545000000002,82.48245500000002,82.48245500000002,4.9375,3.105,5.577,3.3480449999999995,0.0,0.5499999999999999,男性,0,True
1990,35,20～39歳,450,4500000.0,284926.8466907887,1080877.8397105357,234500.0,161200.0,240240.0,144362.4,0.0,24750.0,409352.4,805052.4,3694947.6,17.890053333333334,82.10994666666667,82.10994666666667,5.21111111111111,3.582222222222222,5.338666666666667,3.2080533333333334,0.0,0.5499999999999999,男性,0,True
1990,35,20～39歳,500,5000000.0,316585.3852119875,1200975.3774561505,268800.0,195500.0,274560.0,164882.4,0.0,27500.0,466942.4,931242.4,4068757.6,18.624848,81.375152,81.375152,5.376,3.91,5.4912,3.2976479999999997,0.0,0.5499999999999999,男性,0,True
1990,35,20～39歳,550,5500000.0,348243.9237331862,1321072.9152017653,311400.0,232400.0,291720.0,175323.0,0.0,30250.0,497293.0,1041093.0,4458907.0,18.928963636363637,81.07103636363637,81.07103636363637,5.661818181818182,4.225454545454546,5.303999999999999,3.1876909090909087,0.0,0.5499999999999999,男性,0,True
1990,35,20～39歳,600,6000000.0,379902.46225438494,1441170.4529473807,380000.0,266700.0,326040.0,195843.0,0.0,33000.0,554883.0,1201583.0,4798417.0,20.026383333333335,79.97361666666667,79.97361666666667,6.333333333333334,4.445,5.434,3.26405,0.0,0.5499999999999999,男性,0,True
1990,35,20～39歳,650,6500000.0,411561.00077558367,1561267.9906929955,461200.0,307300.0,351780.0,211323.6,0.0,35750.0,598853.6,1367353.6,5132646.4,21.03620923076923,78.96379076923078,78.96379076923078,7.095384615384616,4.727692307692307,5.412,3.251132307692308,0.0,0.5499999999999999,男性,0,True
1990,35,20～39歳,700,7000000.0,443219.53929678246,1681365.528438611,542400.0,347900.0,377520.0,226803.6,0.0,38500.0,642823.6,1533123.6,5466876.4,21.901765714285716,78.0982342857143,78.0982342857143,7.748571428571428,4.97,5.393142857142857,3.2400514285714284,0.0,0.5499999999999999,男性,0,True
1990,35,20～39歳,750,7500000.0,474878.0778179812,1801463.0661842257,623600.0,388500.0,403260.0,242284.2,0.0,41250.0,686794.2,1698894.2,5801105.8,22.651922666666664,77.34807733333334,77.34807733333334,8.314666666666666,5.18,5.3768,3.230456,0.0,0.5499999999999999,男性,0,True
1990,35,20～39歳,800,8000000.0,506536.6163391799,1921560.6039298405,704800.0,429100.0,429000.0,257764.2,0.0,44000.0,730764.2,1864664.2,6135335.8,23.3083025,76.6916975,76.6916975,8.81,5.36375,5.3625,3.2220525,0.0,0.5499999999999999,男性,0,True
1990,35,20～39歳,850,8500000.0,538195.1548603787,2041658.141675456,786000.0,469700.0,454740.0,273244.8,0.0,46750.0,774734.8,2030434.8,6469565.2,23.88746823529412,76.11253176470588,76.11253176470588,9.247058823529413,5.525882352941176,5.349882352941177,3.2146447058823533,0.0,0.5499999999999999,男性,0,True
1990,35,20～39歳,900,9000000.0,569853.6933815774,2161755.6794210714,872400.0,533000.0,454740.0,288724.8,0.0,49500.0,792964.8,2198364.8,6801635.2,24.426275555555556,75.57372444444445,75.57372444444445,9.693333333333333,5.9222222222222225,5.052666666666666,3.2080533333333334,0.0,0.5499999999999999,男性,0,True
1990,35,20～39歳,950,9500000.0,601512.2319027762,2281853.2171666855,987900.0,597600.0,454740.0,304205.4,0.0,52250.0,811195.4,2396695.4,7103304.6,25.22837263157895,74.77162736842105,74.77162736842105,10.398947368421052,6.290526315789474,4.786736842105263,3.202162105263158,0.0,0.5499999999999999,男性,0,True
1990,35,20～39歳,1000,10000000.0,633170.770423975,2401950.754912301,1117500.0,662400.0,454740.0,319685.4,0.0,55000.0,829425.4,2609325.4,7390674.6,26.093253999999998,73.906746,73.906746,11.175,6.624,4.5474,3.1968540000000005,0.0,0.5499999999999999,男性,0,True
1990,35,20～39歳,1050,10500000.0,664829.3089451736,2522048.2926579164,1254600.0,731000.0,454740.0,335166.0,0.0,57750.0,847656.0,2833256.0,7666744.0,26.98339047619048,73.01660952380954,73.01660952380954,11.948571428571428,6.961904761904762,4.330857142857143,3.192057142857143,0.0,0.5499999999999999,男性,0,True
1990,35,20～39歳,1100,11000000.0,696487.8474663724,2642145.8304035305,1386900.0,797100.0,454740.0,365766.0,0.0,60500.0,881006.0,3065006.0,7934994.0,27.86369090909091,72.1363090909091,72.1363090909091,12.60818181818182,7.246363636363637,4.134,3.325145454545454,0.0,0.5499999999999999,男性,0,True
1990,35,20～39歳,1150,11500000.0,728146.3859875712,2762243.368149146,1528500.0,867900.0,454740.0,366126.6,0.0,63250.0,884116.6,3280516.6,8219483.4,28.526231304347828,71.47376869565217,71.47376869565217,13.291304347826086,7.54695652173913,3.9542608695652173,3.1837095652173906,0.0,0.5499999999999999,男性,0,True
1990,35,20～39歳,1200,12000000.0,759804.9245087699,2882340.9058947614,1670100.0,938700.0,454740.0,366486.6,0.0,66000.0,887226.6,3496026.6,8503973.4,29.133555,70.866445,70.866445,13.917499999999999,7.822500000000001,3.7895,3.054055,0.0,0.5499999999999999,男性,0,True
1990,35,20～39歳,1250,12500000.0,791463.4630299687,3002438.4436403755,1811700.0,1009500.0,454740.0,366847.2,0.0,68750.0,890337.2,3711537.2,8788462.8,29.6922976,70.30770240000001,70.30770240000001,14.4936,8.076,3.6379200000000003,2.9347776000000003,0.0,0.5499999999999999,男性,0,True
1990,35,20～39歳,1300,13000000.0,823122.0015511673,3122535.981385991,1953300.0,1080300.0,454740.0,367207.2,0.0,71500.0,893447.2,3927047.2,9072952.8,30.208055384615385,69.79194461538462,69.79194461538462,15.025384615384615,8.309999999999999,3.4979999999999998,2.824670769230769,0.0,0.5499999999999999,男性,0,True
1990,35,20～39歳,1350,13500000.0,854780.5400723661,3242633.5191316064,2094900.0,1151100.0,454740.0,367567.8,0.0,74250.0,896557.8,4142557.8,9357442.2,30.685613333333333,69.31438666666666,69.31438666666666,15.517777777777777,8.526666666666667,3.3684444444444446,2.7227244444444443,0.0,0.5499999999999999,男性,0,True
1990,35,20～39歳,1400,14000000.0,886439.0785935649,3362731.056877222,2282000.0,1221900.0,454740.0,367927.8,0.0,77000.0,899667.8,4403567.8,9596432.2,31.454055714285712,68.54594428571428,68.54594428571428,16.3,8.727857142857143,3.248142857142857,2.6280557142857144,0.0,0.5499999999999999,男性,0,True
1990,35,20～39歳,1450,14500000.0,918097.6171147636,3482828.594622836,2470800.0,1292700.0,454740.0,368288.4,0.0,79750.0,902778.4,4666278.4,9833721.599999998,32.1812303448276,67.8187696551724,67.8187696551724,17.040000000000003,8.915172413793105,3.1361379310344835,2.5399200000000004,0.0,0.55,男性,0,True
1990,35,20～39歳,1500,15000000.0,949756.1556359624,3602926.1323684515,2659600.0,1363500.0,454740.0,368648.4,0.0,82500.0,905888.4,4928988.4,10071011.6,32.85992266666667,67.14007733333332,67.14007733333332,17.730666666666668,9.09,3.0316,2.457656,0.0,0.5499999999999999,男性,0,True
1990,45,40～64歳,200,2000000.0,126634.15408479498,480390.1509824601,70000.0,39700.0,108108.0,64944.6,0.0,11000.0,184052.6,293752.6,1706247.4,14.687629999999999,85.31236999999999,85.31236999999999,3.5000000000000004,1.9849999999999999,5.4054,3.24723,0.0,0.5499999999999999,男性,0,True
1990,45,40～64歳,250,2500000.0,158292.69260599374,600487.6887280752,100100.0,54700.0,137280.0,82441.2,0.0,13750.0,233471.2,388271.2,2111728.8,15.530848,84.469152,84.469152,4.004,2.188,5.4912,3.2976479999999997,0.0,0.5499999999999999,男性,0,True
1990,45,40～64歳,300,3000000.0,189951.23112719247,720585.2264736904,130700.0,70000.0,163020.0,97921.2,0.0,16500.0,277441.2,478141.2,2521858.8,15.93804,84.06195999999998,84.06195999999998,4.3566666666666665,2.3333333333333335,5.434,3.26404,0.0,0.5499999999999999,男性,0,True
1990,45,40～64歳,350,3500000.0,221609.76964839123,840682.7642193055,163300.0,90000.0,188760.0,113401.8,0.0,19250.0,321411.8,574711.8,2925288.2,16.420337142857143,83.57966285714286,83.57966285714286,4.6657142857142855,2.571428571428571,5.393142857142857,3.2400514285714284,0.0,0.5499999999999999,男性,0,True
1990,45,40～64歳,400,4000000.0,253268.30816958996,960780.3019649202,197500.0,124200.0,223080.0,133921.8,0.0,22000.0,379001.8,700701.8,3299298.2,17.517545000000002,82.48245500000002,82.48245500000002,4.9375,3.105,5.577,3.3480449999999995,0.0,0.5499999999999999,男性,0,True
1990,45,40～64歳,450,4500000.0,284926.8466907887,1080877.8397105357,234500.0,161200.0,240240.0,144362.4,0.0,24750.0,409352.4,805052.4,3694947.6,17.890053333333334,82.10994666666667,82.10994666666667,5.21111111111111,3.582222222222222,5.338666666666667,3.2080533333333334,0.0,0.5499999999999999,男性,0,True
1990,45,40～64歳,500,5000000.0,316585.3852119875,1200975.3774561505,268800.0,195500.0,274560.0,164882.4,0.0,27500.0,466942.4,931242.4,4068757.6,18.624848,81.375152,81.375152,5.376,3.91,5.4912,3.2976479999999997,0.0,0.5499999999999999,男性,0,True
1990,45,40～64歳,550,5500000.0,348243.9237331862,1321072.9152017653,311400.0,232400.0,291720.0,175323.0,0.0,30250.0,497293.0,1041093.0,4458907.0,18.928963636363637,81.07103636363637,81.07103636363637,5.661818181818182,4.225454545454546,5.303999999999999,3.1876909090909087,0.0,0.5499999999999999,男性,0,True
1990,45,40～64歳,600,6000000.0,379902.46225438494,1441170.4529473807,380000.0,266700.0,326040.0,195843.0,0.0,33000.0,554883.0,1201583.0,4798417.0,20.026383333333335,79.97361666666667,79.97361666666667,6.333333333333334,4.445,5.434,3.26405,0.0,0.5499999999999999,男性,0,True
1990,45,40～64歳,650,6500000.0,411561.00077558367,1561267.9906929955,461200.0,307300.0,351780.0,211323.6,0.0,35750.0,598853.6,1367353.6,5132646.4,21.03620923076923,78.96379076923078,78.96379076923078,7.095384615384616,4.727692307692307,5.412,3.251132307692308,0.0,0.5499999999999999,男性,0,True
1990,45,40～64歳,700,7000000.0,443219.53929678246,1681365.528438611,542400.0,347900.0,377520.0,226803.6,0.0,38500.0,642823.6,1533123.6,5466876.4,21.901765714285716,78.0982342857143,78.0982342857143,7.748571428571428,4.97,5.393142857142857,3.2400514285714284,0.0,0.5499999999999999,男性,0,True
1990,45,40～64歳,750,7500000.0,474878.0778179812,1801463.0661842257,623600.0,388500.0,403260.0,242284.2,0.0,41250.0,686794.2,1698894.2,5801105.8,22.651922666666664,77.34807733333334,77.34807733333334,8.314666666666666,5.18,5.3768,3.230456,0.0,0.5499999999999999,男性,0,True
1990,45,40～64歳,800,8000000.0,506536.6163391799,1921560.6039298405,704800.0,429100.0,429000.0,257764.2,0.0,44000.0,730764.2,1864664.2,6135335.8,23.3083025,76.6916975,76.6916975,8.81,5.36375,5.3625,3.2220525,0.0,0.5499999999999999,男性,0,True
1990,45,40～64歳,850,8500000.0,538195.1548603787,2041658.141675456,786000.0,469700.0,454740.0,273244.8,0.0,46750.0,774734.8,2030434.8,6469565.2,23.88746823529412,76.11253176470588,76.11253176470588,9.247058823529413,5.525882352941176,5.349882352941177,3.2146447058823533,0.0,0.5499999999999999,男性,0,True
1990,45,40～64歳,900,9000000.0,569853.6933815774,2161755.6794210714,872400.0,533000.0,454740.0,288724.8,0.0,49500.0,792964.8,2198364.8,6801635.2,24.426275555555556,75.57372444444445,75.57372444444445,9.693333333333333,5.9222222222222225,5.052666666666666,3.2080533333333334,0.0,0.5499999999999999,男性,0,True
1990,45,40～64歳,950,9500000.0,601512.2319027762,2281853.2171666855,987900.0,597600.0,454740.0,304205.4,0.0,52250.0,811195.4,2396695.4,7103304.6,25.22837263157895,74.77162736842105,74.77162736842105,10.398947368421052,6.290526315789474,4.786736842105263,3.202162105263158,0.0,0.5499999999999999,男性,0,True
1990,45,40～64歳,1000,10000000.0,633170.770423975,2401950.754912301,1117500.0,662400.0,454740.0,319685.4,0.0,55000.0,829425.4,2609325.4,7390674.6,26.093253999999998,73.906746,73.906746,11.175,6.624,4.5474,3.1968540000000005,0.0,0.5499999999999999,男性,0,True
1990,45,40～64歳,1050,10500000.0,664829.3089451736,2522048.2926579164,1254600.0,731000.0,454740.0,335166.0,0.0,57750.0,847656.0,2833256.0,7666744.0,26.98339047619048,73.01660952380954,73.01660952380954,11.948571428571428,6.961904761904762,4.330857142857143,3.192057142857143,0.0,0.5499999999999999,男性,0,True
1990,45,40～64歳,1100,11000000.0,696487.8474663724,2642145.8304035305,1386900.0,797100.0,454740.0,365766.0,0.0,60500.0,881006.0,3065006.0,7934994.0,27.86369090909091,72.1363090909091,72.1363090909091,12.60818181818182,7.246363636363637,4.134,3.325145454545454,0.0,0.5499999999999999,男性,0,True
1990,45,40～64歳,1150,11500000.0,728146.3859875712,2762243.368149146,1528500.0,867900.0,454740.0,366126.6,0.0,63250.0,884116.6,3280516.6,8219483.4,28.526231304347828,71.47376869565217,71.47376869565217,13.291304347826086,7.54695652173913,3.9542608695652173,3.1837095652173906,0.0,0.5499999999999999,男性,0,True
1990,45,40～64歳,1200,12000000.0,759804.9245087699,2882340.9058947614,1670100.0,938700.0,454740.0,366486.6,0.0,66000.0,887226.6,3496026.6,8503973.4,29.133555,70.866445,70.866445,13.917499999999999,7.822500000000001,3.7895,3.054055,0.0,0.5499999999999999,男性,0,True
1990,45,40～64歳,1250,12500000.0,791463.4630299687,3002438.4436403755,1811700.0,1009500.0,454740.0,366847.2,0.0,68750.0,890337.2,3711537.2,8788462.8,29.6922976,70.30770240000001,70.30770240000001,14.4936,8.076,3.6379200000000003,2.9347776000000003,0.0,0.5499999999999999,男性,0,True
1990,45,40～64歳,1300,13000000.0,823122.0015511673,3122535.981385991,1953300.0,1080300.0,454740.0,367207.2,0.0,71500.0,893447.2,3927047.2,9072952.8,30.208055384615385,69.79194461538462,69.79194461538462,15.025384615384615,8.309999999999999,3.4979999999999998,2.824670769230769,0.0,0.5499999999999999,男性,0,True
1990,45,40～64歳,1350,13500000.0,854780.5400723661,3242633.5191316064,2094900.0,1151100.0,454740.0,367567.8,0.0,74250.0,896557.8,4142557.8,9357442.2,30.685613333333333,69.31438666666666,69.31438666666666,15.517777777777777,8.526666666666667,3.3684444444444446,2.7227244444444443,0.0,0.5499999999999999,男性,0,True
1990,45,40～64歳,1400,14000000.0,886439.0785935649,3362731.056877222,2282000.0,1221900.0,454740.0,367927.8,0.0,77000.0,899667.8,4403567.8,9596432.2,31.454055714285712,68.54594428571428,68.54594428571428,16.3,8.727857142857143,3.248142857142857,2.6280557142857144,0.0,0.5499999999999999,男性,0,True
1990,45,40～64歳,1450,14500000.0,918097.6171147636,3482828.594622836,2470800.0,1292700.0,454740.0,368288.4,0.0,79750.0,902778.4,4666278.4,9833721.599999998,32.1812303448276,67.8187696551724,67.8187696551724,17.040000000000003,8.915172413793105,3.1361379310344835,2.5399200000000004,0.0,0.55,男性,0,True
1990,45,40～64歳,1500,15000000.0,949756.1556359624,3602926.1323684515,2659600.0,1363500.0,454740.0,368648.4,0.0,82500.0,905888.4,4928988.4,10071011.6,32.85992266666667,67.14007733333332,67.14007733333332,17.730666666666668,9.09,3.0316,2.457656,0.0,0.5499999999999999,男性,0,True
1991,35,20～39歳,200,2000000.0,126137.46162164392,486350.4605402729,69900.0,39600.0,109620.0,64962.6,0.0,11000.0,185582.6,295082.6,1704917.4,14.754129999999998,85.24587,85.24587,3.495,1.9800000000000002,5.481,3.2481299999999997,0.0,0.5499999999999999,男性,0,True
1991,35,20～39歳,250,2500000.0,157671.8270270549,607938.0756753412,99900.0,54600.0,139200.0,82463.4,0.0,13750.0,235413.4,389913.4,2110086.6,15.596536,84.403464,84.403464,3.9960000000000004,2.1839999999999997,5.568,3.298536,0.0,0.5499999999999999,男性,0,True
1991,35,20～39歳,300,3000000.0,189206.1924324659,729525.6908104091,130500.0,69900.0,165300.0,97948.2,0.0,16500.0,279748.2,480148.2,2519851.8,16.00494,83.99506,83.99506,4.35,2.33,5.510000000000001,3.26494,0.0,0.5499999999999999,男性,0,True
1991,35,20～39歳,350,3500000.0,220740.5578378769,851113.3059454774,163000.0,89700.0,191400.0,113433.0,0.0,19250.0,324083.0,576783.0,2923217.0,16.479514285714288,83.52048571428571,83.52048571428571,4.657142857142857,2.5628571428571427,5.468571428571429,3.2409428571428567,0.0,0.5499999999999999,男性,0,True
1991,35,20～39歳,400,4000000.0,252274.92324328783,972700.9210805458,197200.0,123900.0,226200.0,133957.8,0.0,22000.0,382157.8,703257.8,3296742.2,17.581445000000002,82.418555,82.418555,4.93,3.0974999999999997,5.655,3.3489449999999996,0.0,0.5499999999999999,男性,0,True
1991,35,20～39歳,450,4500000.0,283809.2886486988,1094288.536215614,234200.0,160900.0,243600.0,144402.6,0.0,24750.0,412752.6,807852.6,3692147.4,17.95228,82.04772,82.04772,5.204444444444444,3.5755555555555554,5.413333333333333,3.208946666666667,0.0,0.5499999999999999,男性,0,True
1991,35,20～39歳,500,5000000.0,315343.6540541098,1215876.1513506824,268400.0,195100.0,278400.0,164927.4,0.0,27500.0,470827.4,934327.4,4065672.6,18.686548,81.313452,81.313452,5.367999999999999,3.902,5.568,3.298548,0.0,0.5499999999999999,男性,0,True
1991,35,20～39歳,550,5500000.0,346878.01945952076,1337463.7664857507,310600.0,232000.0,295800.0,175372.2,0.0,30250.0,501422.2,1044022.2,4455977.8,18.98222181818182,81.01777818181817,81.01777818181817,5.647272727272727,4.218181818181818,5.378181818181818,3.188585454545455,0.0,0.5499999999999999,男性,0,True
1991,35,20～39歳,600,6000000.0,378412.3848649318,1459051.3816208183,379000.0,266200.0,330600.0,195897.0,0.0,33000.0,559497.0,1204697.0,4795303.0,20.07828333333333,79.92171666666667,79.92171666666667,6.316666666666666,4.4366666666666665,5.510000000000001,3.26495,0.0,0.5499999999999999,男性,0,True
1991,35,20～39歳,650,6500000.0,409946.75027034275,1580638.9967558866,460200.0,306800.0,356700.0,211381.8,0.0,35750.0,603831.8,1370831.8,5129168.2,21.08972,78.91028,78.91028,7.08,4.72,5.487692307692308,3.252027692307692,0.0,0.5499999999999999,男性,0,True
1991,35,20～39歳,700,7000000.0,441481.1156757538,1702226.611890955,541200.0,347300.0,382800.0,226866.6,0.0,38500.0,648166.6,1536666.6,5463333.4,21.95238,78.04762000000001,78.04762000000001,7.731428571428571,4.961428571428572,5.468571428571429,3.2409514285714285,0.0,0.5499999999999999,男性,0,True
1991,35,20～39歳,750,7500000.0,473015.48108116473,1823814.2270260232,622400.0,387900.0,408900.0,242351.4,0.0,41250.0,692501.4,1702801.4,5797198.6,22.704018666666663,77.29598133333333,77.29598133333333,8.298666666666668,5.172000000000001,5.452,3.231352,0.0,0.5499999999999999,男性,0,True
1991,35,20～39歳,800,8000000.0,504549.84648657567,1945401.8421610915,703600.0,428500.0,435000.0,257836.2,0.0,44000.0,736836.2,1868936.2,6131063.8,23.3617025,76.6382975,76.6382975,8.795,5.35625,5.4375,3.2229525000000003,0.0,0.5499999999999999,男性,0,True
1991,35,20～39歳,850,8500000.0,536084.2118919868,2066989.4572961591,784600.0,469000.0,461100.0,273320.4,0.0,46750.0,781170.4,2034770.4,6465229.6,23.938475294117644,76.06152470588235,76.06152470588235,9.230588235294118,5.517647058823529,5.424705882352941,3.215534117647059,0.0,0.5499999999999999,男性,0,True
1991,35,20～39歳,900,9000000.0,567618.5772973977,2188577.072431228,871000.0,531900.0,461100.0,288805.2,0.0,49500.0,799405.2,2202305.2,6797694.8,24.47005777777778,75.52994222222222,75.52994222222222,9.677777777777779,5.91,5.123333333333333,3.208946666666667,0.0,0.5499999999999999,男性,0,True
1991,35,20～39歳,950,9500000.0,599152.9427028087,2310164.6875662957,986100.0,596700.0,461100.0,304290.0,0.0,52250.0,817640.0,2400440.0,7099560.0,25.26778947368421,74.7322105263158,74.7322105263158,10.38,6.281052631578947,4.853684210526316,3.2030526315789474,0.0,0.5499999999999999,男性,0,True
1991,35,20～39歳,1000,10000000.0,630687.3081082196,2431752.3027013647,1115700.0,661500.0,461100.0,319774.8,0.0,55000.0,835874.8,2613074.8,7386925.2,26.130747999999997,73.869252,73.869252,11.157,6.615,4.611,3.1977479999999994,0.0,0.5499999999999999,男性,0,True
1991,35,20～39歳,1050,10500000.0,662221.6735136306,2553339.9178364323,1252500.0,729900.0,461100.0,335259.6,0.0,57750.0,854109.6,2836509.6,7663490.4,27.014377142857143,72.98562285714286,72.98562285714286,11.928571428571429,6.951428571428571,4.3914285714285715,3.1929485714285715,0.0,0.5499999999999999,男性,0,True
1991,35,20～39歳,1100,11000000.0,693756.0389190415,2674927.5329715014,1389600.0,798500.0,461100.0,350744.4,0.0,60500.0,872344.4,3060444.4,7939555.6,27.82222181818182,72.17777818181817,72.17777818181817,12.632727272727273,7.25909090909091,4.191818181818182,3.188585454545455,0.0,0.5499999999999999,男性,0,True
1991,35,20～39歳,1150,11500000.0,725290.4043244526,2796515.148106569,1526700.0,867000.0,461100.0,366229.2,0.0,63250.0,890579.2,3284279.2,8215720.800000002,28.55894956521739,71.44105043478261,71.44105043478261,13.275652173913041,7.539130434782608,4.009565217391304,3.184601739130434,0.0,0.5499999999999999,男性,0,True
1991,35,20～39歳,1200,12000000.0,756824.7697298636,2918102.7632416366,1668300.0,937800.0,461100.0,366594.0,0.0,66000.0,893694.0,3499794.0,8500206.0,29.16495,70.83505,70.83505,13.902500000000002,7.8149999999999995,3.8425000000000002,3.05495,0.0,0.5499999999999999,男性,0,True
1991,35,20～39歳,1250,12500000.0,788359.1351352745,3039690.3783767056,1809900.0,1008600.0,461100.0,366958.8,0.0,68750.0,896808.8,3715308.8,8784691.2,29.7224704,70.2775296,70.2775296,14.4792,8.0688,3.6887999999999996,2.9356704,0.0,0.5499999999999999,男性,0,True
1991,35,20～39歳,1300,13000000.0,819893.5005406855,3161277.993511773,1951500.0,1079400.0,461100.0,367323.6,0.0,71500.0,899923.6,3930823.6,9069176.4,30.237104615384613,69.76289538461539,69.76289538461539,15.011538461538462,8.303076923076922,3.546923076923077,2.825566153846154,0.0,0.5499999999999999,男性,0,True
1991,35,20～39歳,1350,13500000.0,851427.8659460965,3282865.608646842,2092800.0,1150100.0,461100.0,367688.4,0.0,74250.0,903038.4,4145938.4,9354061.6,30.710654814814813,69.28934518518518,69.28934518518518,15.502222222222223,8.51925925925926,3.4155555555555557,2.723617777777778,0.0,0.5499999999999999,男性,0,True
1991,35,20～39歳,1400,14000000.0,882962.2313515076,3404453.22378191,2279200.0,1220900.0,461100.0,368053.2,0.0,77000.0,906153.2,4406253.2,9593746.8,31.473237142857148,68.52676285714287,68.52676285714287,16.28,8.720714285714285,3.293571428571428,2.6289514285714284,0.0,0.5499999999999999,男性,0,True
1991,35,20～39歳,1450,14500000.0,914496.5967569185,3526040.8389169774,2468000.0,1291700.0,461100.0,368418.0,0.0,79750.0,909268.0,4668968.0,9831032.0,32.19977931034483,67.80022068965518,67.80022068965518,17.020689655172415,8.908275862068965,3.18,2.5408137931034482,0.0,0.5499999999999999,男性,0,True
1991,35,20～39歳,1500,15000000.0,946030.9621623295,3647628.4540520464,2656800.0,1362500.0,461100.0,368782.8,0.0,82500.0,912382.8,4931682.8,10068317.2,32.87788533333333,67.12211466666666,67.12211466666666,17.712,9.083333333333334,3.074,2.458552,0.0,0.5499999999999999,男性,0,True
1991,45,40～64歳,200,2000000.0,126137.46162164392,486350.4605402729,69900.0,39600.0,109620.0,64962.6,0.0,11000.0,185582.6,295082.6,1704917.4,14.754129999999998,85.24587,85.24587,3.495,1.9800000000000002,5.481,3.2481299999999997,0.0,0.5499999999999999,男性,0,True
1991,45,40～64歳,250,2500000.0,157671.8270270549,607938.0756753412,99900.0,54600.0,139200.0,82463.4,0.0,13750.0,235413.4,389913.4,2110086.6,15.596536,84.403464,84.403464,3.9960000000000004,2.1839999999999997,5.568,3.298536,0.0,0.5499999999999999,男性,0,True
1991,45,40～64歳,300,3000000.0,189206.1924324659,729525.6908104091,130500.0,69900.0,165300.0,97948.2,0.0,16500.0,279748.2,480148.2,2519851.8,16.00494,83.99506,83.99506,4.35,2.33,5.510000000000001,3.26494,0.0,0.5499999999999999,男性,0,True
1991,45,40～64歳,350,3500000.0,220740.5578378769,851113.3059454774,163000.0,89700.0,191400.0,113433.0,0.0,19250.0,324083.0,576783.0,2923217.0,16.479514285714288,83.52048571428571,83.52048571428571,4.657142857142857,2.5628571428571427,5.468571428571429,3.2409428571428567,0.0,0.5499999999999999,男性,0,True
1991,45,40～64歳,400,4000000.0,252274.92324328783,972700.9210805458,197200.0,123900.0,226200.0,133957.8,0.0,22000.0,382157.8,703257.8,3296742.2,17.581445000000002,82.418555,82.418555,4.93,3.0974999999999997,5.655,3.3489449999999996,0.0,0.5499999999999999,男性,0,True
1991,45,40～64歳,450,4500000.0,283809.2886486988,1094288.536215614,234200.0,160900.0,243600.0,144402.6,0.0,24750.0,412752.6,807852.6,3692147.4,17.95228,82.04772,82.04772,5.204444444444444,3.5755555555555554,5.413333333333333,3.208946666666667,0.0,0.5499999999999999,男性,0,True
1991,45,40～64歳,500,5000000.0,315343.6540541098,1215876.1513506824,268400.0,195100.0,278400.0,164927.4,0.0,27500.0,470827.4,934327.4,4065672.6,18.686548,81.313452,81.313452,5.367999999999999,3.902,5.568,3.298548,0.0,0.5499999999999999,男性,0,True
1991,45,40～64歳,550,5500000.0,346878.01945952076,1337463.7664857507,310600.0,232000.0,295800.0,175372.2,0.0,30250.0,501422.2,1044022.2,4455977.8,18.98222181818182,81.01777818181817,81.01777818181817,5.647272727272727,4.218181818181818,5.378181818181818,3.188585454545455,0.0,0.5499999999999999,男性,0,True
1991,45,40～64歳,600,6000000.0,378412.3848649318,1459051.3816208183,379000.0,266200.0,330600.0,195897.0,0.0,33000.0,559497.0,1204697.0,4795303.0,20.07828333333333,79.92171666666667,79.92171666666667,6.316666666666666,4.4366666666666665,5.510000000000001,3.26495,0.0,0.5499999999999999,男性,0,True
1991,45,40～64歳,650,6500000.0,409946.75027034275,1580638.9967558866,460200.0,306800.0,356700.0,211381.8,0.0,35750.0,603831.8,1370831.8,5129168.2,21.08972,78.91028,78.91028,7.08,4.72,5.487692307692308,3.252027692307692,0.0,0.5499999999999999,男性,0,True
1991,45,40～64歳,700,7000000.0,441481.1156757538,1702226.611890955,541200.0,347300.0,382800.0,226866.6,0.0,38500.0,648166.6,1536666.6,5463333.4,21.95238,78.04762000000001,78.04762000000001,7.731428571428571,4.961428571428572,5.468571428571429,3.2409514285714285,0.0,0.5499999999999999,男性,0,True
1991,45,40～64歳,750,7500000.0,473015.48108116473,1823814.2270260232,622400.0,387900.0,408900.0,242351.4,0.0,41250.0,692501.4,1702801.4,5797198.6,22.704018666666663,77.29598133333333,77.29598133333333,8.298666666666668,5.172000000000001,5.452,3.231352,0.0,0.5499999999999999,男性,0,True
1991,45,40～64歳,800,8000000.0,504549.84648657567,1945401.8421610915,703600.0,428500.0,435000.0,257836.2,0.0,44000.0,736836.2,1868936.2,6131063.8,23.3617025,76.6382975,76.6382975,8.795,5.35625,5.4375,3.2229525000000003,0.0,0.5499999999999999,男性,0,True
1991,45,40～64歳,850,8500000.0,536084.2118919868,2066989.4572961591,784600.0,469000.0,461100.0,273320.4,0.0,46750.0,781170.4,2034770.4,6465229.6,23.938475294117644,76.06152470588235,76.06152470588235,9.230588235294118,5.517647058823529,5.424705882352941,3.215534117647059,0.0,0.5499999999999999,男性,0,True
1991,45,40～64歳,900,9000000.0,567618.5772973977,2188577.072431228,871000.0,531900.0,461100.0,288805.2,0.0,49500.0,799405.2,2202305.2,6797694.8,24.47005777777778,75.52994222222222,75.52994222222222,9.677777777777779,5.91,5.123333333333333,3.208946666666667,0.0,0.5499999999999999,男性,0,True
1991,45,40～64歳,950,9500000.0,599152.9427028087,2310164.6875662957,986100.0,596700.0,461100.0,304290.0,0.0,52250.0,817640.0,2400440.0,7099560.0,25.26778947368421,74.7322105263158,74.7322105263158,10.38,6.281052631578947,4.853684210526316,3.2030526315789474,0.0,0.5499999999999999,男性,0,True
1991,45,40～64歳,1000,10000000.0,630687.3081082196,2431752.3027013647,1115700.0,661500.0,461100.0,319774.8,0.0,55000.0,835874.8,2613074.8,7386925.2,26.130747999999997,73.869252,73.869252,11.157,6.615,4.611,3.1977479999999994,0.0,0.5499999999999999,男性,0,True
1991,45,40～64歳,1050,10500000.0,662221.6735136306,2553339.9178364323,1252500.0,729900.0,461100.0,335259.6,0.0,57750.0,854109.6,2836509.6,7663490.4,27.014377142857143,72.98562285714286,72.98562285714286,11.928571428571429,6.951428571428571,4.3914285714285715,3.1929485714285715,0.0,0.5499999999999999,男性,0,True
1991,45,40～64歳,1100,11000000.0,693756.0389190415,2674927.5329715014,1389600.0,798500.0,461100.0,350744.4,0.0,60500.0,872344.4,3060444.4,7939555.6,27.82222181818182,72.17777818181817,72.17777818181817,12.632727272727273,7.25909090909091,4.191818181818182,3.188585454545455,0.0,0.5499999999999999,男性,0,True
1991,45,40～64歳,1150,11500000.0,725290.4043244526,2796515.148106569,1526700.0,867000.0,461100.0,366229.2,0.0,63250.0,890579.2,3284279.2,8215720.800000002,28.55894956521739,71.44105043478261,71.44105043478261,13.275652173913041,7.539130434782608,4.009565217391304,3.184601739130434,0.0,0.5499999999999999,男性,0,True
1991,45,40～64歳,1200,12000000.0,756824.7697298636,2918102.7632416366,1668300.0,937800.0,461100.0,366594.0,0.0,66000.0,893694.0,3499794.0,8500206.0,29.16495,70.83505,70.83505,13.902500000000002,7.8149999999999995,3.8425000000000002,3.05495,0.0,0.5499999999999999,男性,0,True
1991,45,40～64歳,1250,12500000.0,788359.1351352745,3039690.3783767056,1809900.0,1008600.0,461100.0,366958.8,0.0,68750.0,896808.8,3715308.8,8784691.2,29.7224704,70.2775296,70.2775296,14.4792,8.0688,3.6887999999999996,2.9356704,0.0,0.5499999999999999,男性,0,True
1991,45,40～64歳,1300,13000000.0,819893.5005406855,3161277.993511773,1951500.0,1079400.0,461100.0,367323.6,0.0,71500.0,899923.6,3930823.6,9069176.4,30.237104615384613,69.76289538461539,69.76289538461539,15.011538461538462,8.303076923076922,3.546923076923077,2.825566153846154,0.0,0.5499999999999999,男性,0,True
1991,45,40～64歳,1350,13500000.0,851427.8659460965,3282865.608646842,2092800.0,1150100.0,461100.0,367688.4,0.0,74250.0,903038.4,4145938.4,9354061.6,30.710654814814813,69.28934518518518,69.28934518518518,15.502222222222223,8.51925925925926,3.4155555555555557,2.723617777777778,0.0,0.5499999999999999,男性,0,True
1991,45,40～64歳,1400,14000000.0,882962.2313515076,3404453.22378191,2279200.0,1220900.0,461100.0,368053.2,0.0,77000.0,906153.2,4406253.2,9593746.8,31.473237142857148,68.52676285714287,68.52676285714287,16.28,8.720714285714285,3.293571428571428,2.6289514285714284,0.0,0.5499999999999999,男性,0,True
1991,45,40～64歳,1450,14500000.0,914496.5967569185,3526040.8389169774,2468000.0,1291700.0,461100.0,368418.0,0.0,79750.0,909268.0,4668968.0,9831032.0,32.19977931034483,67.80022068965518,67.80022068965518,17.020689655172415,8.908275862068965,3.18,2.5408137931034482,0.0,0.5499999999999999,男性,0,True
1991,45,40～64歳,1500,15000000.0,946030.9621623295,3647628.4540520464,2656800.0,1362500.0,461100.0,368782.8,0.0,82500.0,912382.8,4931682.8,10068317.2,32.87788533333333,67.12211466666666,67.12211466666666,17.712,9.083333333333334,3.074,2.458552,0.0,0.5499999999999999,男性,0,True
1992,35,20～39歳,200,2000000.0,126798.84321619647,478413.8814056422,70200.0,39800.0,109620.0,63805.2,0.0,9380.3965296486,182805.5965296486,292805.5965296486,1707194.4034703514,14.640279826482432,85.35972017351757,85.35972017351757,3.51,1.9900000000000002,5.481,3.1902599999999994,0.0,0.46901982648243,男性,0,True
1992,35,20～39歳,250,2500000.0,158498.55402024562,598017.3517570527,100300.0,54800.0,139200.0,80994.0,0.0,11725.4956620607,231919.4956620607,387019.4956620607,2112980.5043379394,15.480779826482427,84.51922017351757,84.51922017351757,4.0120000000000005,2.1919999999999997,5.568,3.23976,0.0,0.469019826482428,男性,0,True
1992,35,20～39歳,300,3000000.0,190198.26482429472,717620.8221084634,130900.0,70100.0,165300.0,96202.8,0.0,14070.5947944729,275573.3947944728,476573.3947944728,2523426.605205527,15.885779826482427,84.11422017351757,84.11422017351757,4.363333333333333,2.336666666666667,5.510000000000001,3.20676,0.0,0.46901982648243,男性,0,True
1992,35,20～39歳,350,3500000.0,221897.97562834385,837224.2924598741,163500.0,90200.0,191400.0,111411.6,0.0,16415.693926885,319227.293926885,572927.293926885,2927072.706073115,16.369351255053857,83.63064874494614,83.63064874494614,4.671428571428572,2.577142857142857,5.468571428571429,3.183188571428572,0.0,0.4690198264824285,男性,0,True
1992,35,20～39歳,400,4000000.0,253597.68643239295,956827.7628112844,197800.0,124500.0,226200.0,131570.4,0.0,18760.7930592972,376531.1930592972,698831.1930592973,3301168.8069407027,17.47077982648243,82.52922017351757,82.52922017351757,4.945,3.1125,5.655,3.28926,0.0,0.46901982648243,男性,0,True
1992,35,20～39歳,450,4500000.0,285297.3972364421,1076431.233162695,234800.0,161500.0,243600.0,141829.2,0.0,21105.8921917093,406535.0921917093,802835.0921917093,3697164.907808291,17.84077982648243,82.15922017351758,82.15922017351758,5.217777777777777,3.5888888888888886,5.413333333333333,3.15176,0.0,0.4690198264824289,男性,0,True
1992,35,20～39歳,500,5000000.0,316997.10804049124,1196034.7035141054,269100.0,195800.0,278400.0,161988.0,0.0,23450.9913241215,463838.9913241215,928738.9913241215,4071261.0086758784,18.57477982648243,81.42522017351756,81.42522017351756,5.382,3.916,5.568,3.23976,0.0,0.46901982648243,男性,0,True
1992,35,20～39歳,550,5500000.0,348696.81884454034,1315638.1738655157,312200.0,232800.0,295800.0,172246.8,0.0,25796.0904565336,493842.8904565336,1038842.8904565335,4461157.109543467,18.888052553755156,81.11194744624486,81.11194744624486,5.676363636363637,4.2327272727272724,5.378181818181818,3.13176,0.0,0.46901982648242907,男性,0,True
1992,35,20～39歳,600,6000000.0,380396.52964858944,1435241.6442169268,380600.0,267000.0,330600.0,192405.6,0.0,28141.1895889458,551146.7895889457,1198746.7895889457,4801253.210411054,19.97911315981576,80.02088684018423,80.02088684018423,6.343333333333333,4.45,5.510000000000001,3.20676,0.0,0.46901982648243,男性,0,True
1992,35,20～39歳,650,6500000.0,412096.24045263854,1554845.114568337,462000.0,307700.0,356700.0,207614.4,0.0,30486.2887213579,594800.688721358,1364500.6887213578,5135499.311278641,20.992318288020893,79.0076817119791,79.0076817119791,7.107692307692309,4.733846153846154,5.487692307692309,3.194067692307693,0.0,0.4690198264824293,男性,0,True
1992,35,20～39歳,700,7000000.0,443795.9512566877,1674448.5849197481,543200.0,348300.0,382800.0,222823.2,0.0,32831.3878537701,638454.58785377,1529954.58785377,5470045.41214623,21.856494112196714,78.14350588780329,78.14350588780329,7.76,4.975714285714285,5.468571428571429,3.183188571428572,0.0,0.46901982648243,男性,0,True
1992,35,20～39歳,750,7500000.0,475495.6620607368,1794052.0552711585,624400.0,388900.0,408900.0,238032.0,0.0,35176.4869861822,682108.4869861822,1695408.4869861822,5804591.513013817,22.605446493149095,77.3945535068509,77.3945535068509,8.325333333333333,5.185333333333333,5.452,3.1737599999999997,0.0,0.4690198264824293,男性,0,True
1992,35,20～39歳,800,8000000.0,507195.3728647859,1913655.5256225688,705800.0,429600.0,435000.0,253240.8,0.0,37521.5861185944,725762.3861185944,1861162.3861185946,6138837.613881405,23.264529826482434,76.73547017351757,76.73547017351757,8.8225,5.37,5.4375,3.16551,0.0,0.46901982648243,男性,0,True
1992,35,20～39歳,850,8500000.0,538895.0836688351,2033258.9959739791,787000.0,470200.0,461100.0,268449.6,0.0,39866.6852510065,769416.2852510065,2026616.2852510065,6473383.7147489935,23.84254453236478,76.15745546763522,76.15745546763522,9.258823529411766,5.5317647058823525,5.424705882352941,3.158230588235294,0.0,0.4690198264824294,男性,0,True
1992,35,20～39歳,900,9000000.0,570594.7944728842,2152862.46632539,873600.0,533900.0,461100.0,283658.4,0.0,42211.7843834186,786970.1843834186,2194470.1843834184,6805529.815616582,24.38300204870465,75.61699795129535,75.61699795129535,9.706666666666667,5.932222222222222,5.123333333333333,3.15176,0.0,0.4690198264824289,男性,0,True
1992,35,20～39歳,950,9500000.0,602294.5052769333,2272465.9366768,990000.0,598700.0,461100.0,298867.2,0.0,44556.8835158308,804524.0835158308,2393224.083515831,7106775.91648417,25.191832458061374,74.80816754193863,74.80816754193863,10.421052631578947,6.302105263157895,4.853684210526316,3.1459705263157898,0.0,0.4690198264824295,男性,0,True
1992,35,20～39歳,1000,10000000.0,633994.2160809825,2392069.407028211,1119600.0,663500.0,461100.0,314076.0,0.0,46901.9826482429,822077.982648243,2605177.982648243,7394822.017351757,26.05177982648243,73.94822017351757,73.94822017351757,11.196,6.635000000000001,4.611,3.14076,0.0,0.46901982648242896,男性,0,True
1992,35,20～39歳,1050,10500000.0,665693.9268850315,2511672.877379622,1252500.0,729900.0,461100.0,344134.8,0.0,49247.0817806551,854481.8817806551,2836881.881780655,7663118.118219345,27.01792268362529,72.98207731637471,72.98207731637471,11.928571428571429,6.951428571428571,4.3914285714285715,3.277474285714286,0.0,0.4690198264824295,男性,0,True
1992,35,20～39歳,1100,11000000.0,697393.6376890807,2631276.3477310315,1389600.0,798500.0,461100.0,359343.6,0.0,51592.1809130672,872035.7809130672,3060135.780913067,7939864.219086933,27.81941619011879,72.1805838098812,72.1805838098812,12.632727272727273,7.25909090909091,4.191818181818182,3.2667599999999997,0.0,0.46901982648242907,男性,0,True
1992,35,20～39歳,1150,11500000.0,729093.3484931298,2750879.8180824425,1531500.0,869400.0,461100.0,359702.4,0.0,53937.2800454794,874739.6800454794,3275639.6800454794,8224360.31995452,28.4838233047433,71.51617669525669,71.51617669525669,13.317391304347826,7.5600000000000005,4.009565217391304,3.127846956521739,0.0,0.46901982648242957,男性,0,True
1992,35,20～39歳,1200,12000000.0,760793.0592971789,2870483.2884338535,1671600.0,939500.0,461100.0,364981.2,0.0,56282.3791778915,882363.5791778915,3493463.5791778914,8506536.420822108,29.112196493149096,70.8878035068509,70.8878035068509,13.930000000000001,7.829166666666667,3.8425000000000002,3.04151,0.0,0.4690198264824291,男性,0,True
1992,35,20～39歳,1250,12500000.0,792492.770101228,2990086.758785263,1812000.0,1009700.0,461100.0,370260.0,0.0,58627.4783103037,889987.4783103036,3711687.4783103038,8788312.521689696,29.693499826482427,70.30650017351758,70.30650017351758,14.496,8.0776,3.6887999999999996,2.96208,0.0,0.46901982648242957,男性,0,True
1992,35,20～39歳,1300,13000000.0,824192.4809052771,3109690.229136674,1952100.0,1079700.0,461100.0,375538.8,0.0,60972.5774427158,897611.3774427159,3929411.3774427157,9070588.622557282,30.226241364943974,69.77375863505603,69.77375863505603,15.016153846153848,8.305384615384618,3.5469230769230773,2.8887600000000004,0.0,0.4690198264824293,男性,0,True
1992,35,20～39歳,1350,13500000.0,855892.1917093262,3229293.699488085,2091900.0,1149600.0,461100.0,382047.6,0.0,63317.676575128,906465.276575128,4147965.276575128,9352034.723424872,30.725668715371317,69.27433128462869,69.27433128462869,15.495555555555557,8.515555555555556,3.4155555555555557,2.829982222222222,0.0,0.4690198264824297,男性,0,True
1992,35,20～39歳,1400,14000000.0,887591.9025133754,3348897.1698394963,2278000.0,1220400.0,461100.0,382406.4,0.0,65662.7757075401,909169.1757075401,4407569.17570754,9592430.82429246,31.482636969339566,68.51736303066043,68.51736303066043,16.271428571428572,8.717142857142857,3.293571428571428,2.731474285714286,0.0,0.4690198264824293,男性,0,True
1992,35,20～39歳,1450,14500000.0,919291.6133174244,3468500.640190906,2464400.0,1290300.0,461100.0,388915.2,0.0,68007.8748399523,918023.0748399522,4672723.074839952,9827276.925160047,32.22567637820657,67.77432362179343,67.77432362179343,16.99586206896552,8.898620689655171,3.18,2.6821737931034484,0.0,0.4690198264824297,男性,0,True
1992,35,20～39歳,1500,15000000.0,950991.3241214736,3588104.110542317,2653600.0,1361300.0,461100.0,389274.0,0.0,70352.9739723644,920726.9739723644,4935626.973972364,10064373.026027635,32.90417982648243,67.09582017351757,67.09582017351757,17.690666666666665,9.075333333333333,3.074,2.59516,0.0,0.4690198264824293,男性,0,True
1992,45,40～64歳,200,2000000.0,126798.84321619647,478413.8814056422,70200.0,39800.0,109620.0,63805.2,0.0,9380.3965296486,182805.5965296486,292805.5965296486,1707194.4034703514,14.640279826482432,85.35972017351757,85.35972017351757,3.51,1.9900000000000002,5.481,3.1902599999999994,0.0,0.46901982648243,男性,0,True
1992,45,40～64歳,250,2500000.0,158498.55402024562,598017.3517570527,100300.0,54800.0,139200.0,80994.0,0.0,11725.4956620607,231919.4956620607,387019.4956620607,2112980.5043379394,15.480779826482427,84.51922017351757,84.51922017351757,4.0120000000000005,2.1919999999999997,5.568,3.23976,0.0,0.469019826482428,男性,0,True
1992,45,40～64歳,300,3000000.0,190198.26482429472,717620.8221084634,130900.0,70100.0,165300.0,96202.8,0.0,14070.5947944729,275573.3947944728,476573.3947944728,2523426.605205527,15.885779826482427,84.11422017351757,84.11422017351757,4.363333333333333,2.336666666666667,5.510000000000001,3.20676,0.0,0.46901982648243,男性,0,True
1992,45,40～64歳,350,3500000.0,221897.97562834385,837224.2924598741,163500.0,90200.0,191400.0,111411.6,0.0,16415.693926885,319227.293926885,572927.293926885,2927072.706073115,16.369351255053857,83.63064874494614,83.63064874494614,4.671428571428572,2.577142857142857,5.468571428571429,3.183188571428572,0.0,0.4690198264824285,男性,0,True
1992,45,40～64歳,400,4000000.0,253597.68643239295,956827.7628112844,197800.0,124500.0,226200.0,131570.4,0.0,18760.7930592972,376531.1930592972,698831.1930592973,3301168.8069407027,17.47077982648243,82.52922017351757,82.52922017351757,4.945,3.1125,5.655,3.28926,0.0,0.46901982648243,男性,0,True
1992,45,40～64歳,450,4500000.0,285297.3972364421,1076431.233162695,234800.0,161500.0,243600.0,141829.2,0.0,21105.8921917093,406535.0921917093,802835.0921917093,3697164.907808291,17.84077982648243,82.15922017351758,82.15922017351758,5.217777777777777,3.5888888888888886,5.413333333333333,3.15176,0.0,0.4690198264824289,男性,0,True
1992,45,40～64歳,500,5000000.0,316997.10804049124,1196034.7035141054,269100.0,195800.0,278400.0,161988.0,0.0,23450.9913241215,463838.9913241215,928738.9913241215,4071261.0086758784,18.57477982648243,81.42522017351756,81.42522017351756,5.382,3.916,5.568,3.23976,0.0,0.46901982648243,男性,0,True
1992,45,40～64歳,550,5500000.0,348696.81884454034,1315638.1738655157,312200.0,232800.0,295800.0,172246.8,0.0,25796.0904565336,493842.8904565336,1038842.8904565335,4461157.109543467,18.888052553755156,81.11194744624486,81.11194744624486,5.676363636363637,4.2327272727272724,5.378181818181818,3.13176,0.0,0.46901982648242907,男性,0,True
1992,45,40～64歳,600,6000000.0,380396.52964858944,1435241.6442169268,380600.0,267000.0,330600.0,192405.6,0.0,28141.1895889458,551146.7895889457,1198746.7895889457,4801253.210411054,19.97911315981576,80.02088684018423,80.02088684018423,6.343333333333333,4.45,5.510000000000001,3.20676,0.0,0.46901982648243,男性,0,True
1992,45,40～64歳,650,6500000.0,412096.24045263854,1554845.114568337,462000.0,307700.0,356700.0,207614.4,0.0,30486.2887213579,594800.688721358,1364500.6887213578,5135499.311278641,20.992318288020893,79.0076817119791,79.0076817119791,7.107692307692309,4.733846153846154,5.487692307692309,3.194067692307693,0.0,0.4690198264824293,男性,0,True
1992,45,40～64歳,700,7000000.0,443795.9512566877,1674448.5849197481,543200.0,348300.0,382800.0,222823.2,0.0,32831.3878537701,638454.58785377,1529954.58785377,5470045.41214623,21.856494112196714,78.14350588780329,78.14350588780329,7.76,4.975714285714285,5.468571428571429,3.183188571428572,0.0,0.46901982648243,男性,0,True
1992,45,40～64歳,750,7500000.0,475495.6620607368,1794052.0552711585,624400.0,388900.0,408900.0,238032.0,0.0,35176.4869861822,682108.4869861822,1695408.4869861822,5804591.513013817,22.605446493149095,77.3945535068509,77.3945535068509,8.325333333333333,5.185333333333333,5.452,3.1737599999999997,0.0,0.4690198264824293,男性,0,True
1992,45,40～64歳,800,8000000.0,507195.3728647859,1913655.5256225688,705800.0,429600.0,435000.0,253240.8,0.0,37521.5861185944,725762.3861185944,1861162.3861185946,6138837.613881405,23.264529826482434,76.73547017351757,76.73547017351757,8.8225,5.37,5.4375,3.16551,0.0,0.46901982648243,男性,0,True
1992,45,40～64歳,850,8500000.0,538895.0836688351,2033258.9959739791,787000.0,470200.0,461100.0,268449.6,0.0,39866.6852510065,769416.2852510065,2026616.2852510065,6473383.7147489935,23.84254453236478,76.15745546763522,76.15745546763522,9.258823529411766,5.5317647058823525,5.424705882352941,3.158230588235294,0.0,0.4690198264824294,男性,0,True
1992,45,40～64歳,900,9000000.0,570594.7944728842,2152862.46632539,873600.0,533900.0,461100.0,283658.4,0.0,42211.7843834186,786970.1843834186,2194470.1843834184,6805529.815616582,24.38300204870465,75.61699795129535,75.61699795129535,9.706666666666667,5.932222222222222,5.123333333333333,3.15176,0.0,0.4690198264824289,男性,0,True
1992,45,40～64歳,950,9500000.0,602294.5052769333,2272465.9366768,990000.0,598700.0,461100.0,298867.2,0.0,44556.8835158308,804524.0835158308,2393224.083515831,7106775.91648417,25.191832458061374,74.80816754193863,74.80816754193863,10.421052631578947,6.302105263157895,4.853684210526316,3.1459705263157898,0.0,0.4690198264824295,男性,0,True
1992,45,40～64歳,1000,10000000.0,633994.2160809825,2392069.407028211,1119600.0,663500.0,461100.0,314076.0,0.0,46901.9826482429,822077.982648243,2605177.982648243,7394822.017351757,26.05177982648243,73.94822017351757,73.94822017351757,11.196,6.635000000000001,4.611,3.14076,0.0,0.46901982648242896,男性,0,True
1992,45,40～64歳,1050,10500000.0,665693.9268850315,2511672.877379622,1252500.0,729900.0,461100.0,344134.8,0.0,49247.0817806551,854481.8817806551,2836881.881780655,7663118.118219345,27.01792268362529,72.98207731637471,72.98207731637471,11.928571428571429,6.951428571428571,4.3914285714285715,3.277474285714286,0.0,0.4690198264824295,男性,0,True
1992,45,40～64歳,1100,11000000.0,697393.6376890807,2631276.3477310315,1389600.0,798500.0,461100.0,359343.6,0.0,51592.1809130672,872035.7809130672,3060135.780913067,7939864.219086933,27.81941619011879,72.1805838098812,72.1805838098812,12.632727272727273,7.25909090909091,4.191818181818182,3.2667599999999997,0.0,0.46901982648242907,男性,0,True
1992,45,40～64歳,1150,11500000.0,729093.3484931298,2750879.8180824425,1531500.0,869400.0,461100.0,359702.4,0.0,53937.2800454794,874739.6800454794,3275639.6800454794,8224360.31995452,28.4838233047433,71.51617669525669,71.51617669525669,13.317391304347826,7.5600000000000005,4.009565217391304,3.127846956521739,0.0,0.46901982648242957,男性,0,True
1992,45,40～64歳,1200,12000000.0,760793.0592971789,2870483.2884338535,1671600.0,939500.0,461100.0,364981.2,0.0,56282.3791778915,882363.5791778915,3493463.5791778914,8506536.420822108,29.112196493149096,70.8878035068509,70.8878035068509,13.930000000000001,7.829166666666667,3.8425000000000002,3.04151,0.0,0.4690198264824291,男性,0,True
1992,45,40～64歳,1250,12500000.0,792492.770101228,2990086.758785263,1812000.0,1009700.0,461100.0,370260.0,0.0,58627.4783103037,889987.4783103036,3711687.4783103038,8788312.521689696,29.693499826482427,70.30650017351758,70.30650017351758,14.496,8.0776,3.6887999999999996,2.96208,0.0,0.46901982648242957,男性,0,True
1992,45,40～64歳,1300,13000000.0,824192.4809052771,3109690.229136674,1952100.0,1079700.0,461100.0,375538.8,0.0,60972.5774427158,897611.3774427159,3929411.3774427157,9070588.622557282,30.226241364943974,69.77375863505603,69.77375863505603,15.016153846153848,8.305384615384618,3.5469230769230773,2.8887600000000004,0.0,0.4690198264824293,男性,0,True
1992,45,40～64歳,1350,13500000.0,855892.1917093262,3229293.699488085,2091900.0,1149600.0,461100.0,382047.6,0.0,63317.676575128,906465.276575128,4147965.276575128,9352034.723424872,30.725668715371317,69.27433128462869,69.27433128462869,15.495555555555557,8.515555555555556,3.4155555555555557,2.829982222222222,0.0,0.4690198264824297,男性,0,True
1992,45,40～64歳,1400,14000000.0,887591.9025133754,3348897.1698394963,2278000.0,1220400.0,461100.0,382406.4,0.0,65662.7757075401,909169.1757075401,4407569.17570754,9592430.82429246,31.482636969339566,68.51736303066043,68.51736303066043,16.271428571428572,8.717142857142857,3.293571428571428,2.731474285714286,0.0,0.4690198264824293,男性,0,True
1992,45,40～64歳,1450,14500000.0,919291.6133174244,3468500.640190906,2464400.0,1290300.0,461100.0,388915.2,0.0,68007.8748399523,918023.0748399522,4672723.074839952,9827276.925160047,32.22567637820657,67.77432362179343,67.77432362179343,16.99586206896552,8.898620689655171,3.18,2.6821737931034484,0.0,0.4690198264824297,男性,0,True
1992,45,40～64歳,1500,15000000.0,950991.3241214736,3588104.110542317,2653600.0,1361300.0,461100.0,389274.0,0.0,70352.9739723644,920726.9739723644,4935626.973972364,10064373.026027635,32.90417982648243,67.09582017351757,67.09582017351757,17.690666666666665,9.075333333333333,3.074,2.59516,0.0,0.4690198264824293,男性,0,True
1993,35,20～39歳,200,2000000.0,128285.62259711667,460572.5288345998,70300.0,32400.0,109620.0,63373.2,0.0,8192.4284338957,181185.6284338957,283885.6284338957,1716114.371566104,14.194281421694788,85.80571857830522,85.80571857830522,3.515,1.6200000000000003,5.481000000000001,3.16866,0.0,0.4096214216947851,男性,0,True
1993,35,20～39歳,250,2500000.0,160357.02824639584,575715.66104325,100500.0,44500.0,139200.0,80446.8,0.0,10240.5355423696,229887.3355423696,374887.3355423696,2125112.6644576304,14.995493421694785,85.00450657830521,85.00450657830521,4.02,1.78,5.568,3.2178720000000003,0.0,0.409621421694784,男性,0,True
1993,35,20～39歳,300,3000000.0,192428.43389567503,690858.7932518997,131100.0,56700.0,165300.0,95552.4,0.0,12288.6426508435,273141.0426508435,460941.0426508435,2539058.9573491565,15.364701421694784,84.63529857830522,84.63529857830522,4.37,1.8900000000000001,5.510000000000001,3.1850799999999997,0.0,0.40962142169478327,男性,0,True
1993,35,20～39歳,350,3500000.0,224499.83954495421,806001.9254605497,163800.0,72900.0,191400.0,110658.0,0.0,14336.7497593174,316394.7497593174,553094.7497593174,2946905.2502406826,15.802707135980496,84.1972928640195,84.1972928640195,4.68,2.0828571428571427,5.468571428571429,3.161657142857143,0.0,0.4096214216947829,男性,0,True
1993,35,20～39歳,400,4000000.0,256571.24519423334,921145.0576691997,198100.0,100300.0,226200.0,130683.0,0.0,16384.8568677913,373267.8568677913,671667.8568677914,3328332.143132208,16.791696421694787,83.2083035783052,83.2083035783052,4.952500000000001,2.5075000000000003,5.655000000000001,3.2670750000000006,0.0,0.4096214216947825,男性,0,True
1993,35,20～39歳,450,4500000.0,288642.6508435125,1036288.18987785,235200.0,130000.0,243600.0,140868.6,0.0,18432.9639762653,402901.5639762653,768101.5639762653,3731898.4360237345,17.068923643917007,82.93107635608298,82.93107635608298,5.226666666666667,2.888888888888889,5.413333333333333,3.1304133333333337,0.0,0.40962142169478444,男性,0,True
1993,35,20～39歳,500,5000000.0,320714.0564927917,1151431.3220865,269500.0,157500.0,278400.0,160894.2,0.0,20481.0710847392,459775.2710847392,886775.2710847391,4113224.728915261,17.735505421694782,82.26449457830523,82.26449457830523,5.390000000000001,3.15,5.568,3.217884,0.0,0.409621421694784,男性,0,True
1993,35,20～39歳,550,5500000.0,352785.4621420709,1266574.4542951493,307600.0,184900.0,313200.0,180919.2,0.0,22529.1781932131,516648.3781932131,1009148.3781932131,4490851.621806787,18.348152330785695,81.65184766921432,81.65184766921432,5.592727272727273,3.361818181818182,5.694545454545454,3.2894400000000004,0.0,0.40962142169478366,男性,0,True
1993,35,20～39歳,600,6000000.0,384856.86779135006,1381717.5865037993,381600.0,214500.0,330600.0,191104.8,0.0,24577.285301687,546282.085301687,1142382.085301687,4857617.914698313,19.039701421694783,80.96029857830521,80.96029857830521,6.36,3.5749999999999997,5.510000000000001,3.1850799999999997,0.0,0.40962142169478327,男性,0,True
1993,35,20～39歳,650,6500000.0,416928.2734406292,1496860.7187124493,463000.0,247100.0,356700.0,206210.4,0.0,26625.3924101609,589535.792410161,1299635.7924101609,5200364.207589839,19.99439680631017,80.00560319368984,80.00560319368984,7.1230769230769235,3.8015384615384615,5.487692307692309,3.1724676923076927,0.0,0.4096214216947831,男性,0,True
1993,35,20～39歳,700,7000000.0,448999.67908990843,1612003.8509210993,544400.0,279600.0,382800.0,221316.0,0.0,28673.4995186349,632789.4995186349,1456789.4995186348,5543210.500481365,20.811278564551923,79.18872143544807,79.18872143544807,7.777142857142858,3.994285714285714,5.468571428571429,3.161657142857143,0.0,0.4096214216947843,男性,0,True
1993,35,20～39歳,750,7500000.0,481071.08473918756,1727146.9831297493,625600.0,312100.0,408900.0,236421.0,0.0,30721.6066271088,676042.6066271088,1613742.6066271088,5886257.3933728915,21.516568088361453,78.48343191163856,78.48343191163856,8.341333333333335,4.161333333333333,5.452,3.1522799999999997,0.0,0.409621421694784,男性,0,True
1993,35,20～39歳,800,8000000.0,513142.4903884667,1842290.1153383993,707000.0,344700.0,435000.0,251526.6,0.0,32769.7137355827,719296.3137355826,1770996.3137355826,6229003.686264416,22.137453921694785,77.86254607830521,77.86254607830521,8.8375,4.308750000000001,5.437500000000001,3.1440825000000006,0.0,0.4096214216947838,男性,0,True
1993,35,20～39歳,850,8500000.0,545213.8960377459,1957433.24754705,785400.0,376000.0,461100.0,281392.2,0.0,34817.8208440566,777310.0208440566,1938710.0208440567,6561289.979155943,22.80835318640067,77.19164681359932,77.19164681359932,9.24,4.423529411764706,5.424705882352941,3.310496470588235,0.0,0.40962142169478355,男性,0,True
1993,35,20～39歳,900,9000000.0,577285.301687025,2072576.3797557,872000.0,426700.0,461100.0,296497.2,0.0,36865.9279525305,794463.1279525305,2093163.1279525305,6906836.872047469,23.25736808836145,76.74263191163855,76.74263191163855,9.688888888888888,4.7411111111111115,5.123333333333333,3.2944133333333334,0.0,0.4096214216947834,男性,0,True
1993,35,20～39歳,950,9500000.0,609356.7073363042,2187719.5119643486,987900.0,478600.0,461100.0,311602.8,0.0,38914.0350610045,811616.8350610045,2278116.8350610044,7221883.164938996,23.980177211168467,76.01982278883153,76.01982278883153,10.398947368421052,5.037894736842105,4.853684210526316,3.2800294736842104,0.0,0.40962142169478416,男性,0,True
1993,35,20～39歳,1000,10000000.0,641428.1129855834,2302862.644173,1117800.0,530600.0,461100.0,326708.4,0.0,40962.1421694784,828770.5421694784,2477170.5421694783,7522829.457830522,24.771705421694783,75.22829457830522,75.22829457830522,11.178,5.306,4.611,3.267084,0.0,0.409621421694784,男性,0,True
1993,35,20～39歳,1050,10500000.0,673499.5186348625,2418005.77638165,1255200.0,585500.0,461100.0,341814.0,0.0,43010.2492779523,845924.2492779522,2686624.249277952,7813375.750722048,25.586897612170972,74.41310238782903,74.41310238782903,11.954285714285714,5.576190476190476,4.3914285714285715,3.2553714285714284,0.0,0.4096214216947838,男性,0,True
1993,35,20～39歳,1100,11000000.0,705570.9242841417,2533148.9085902986,1392300.0,640400.0,461100.0,356919.0,0.0,45058.3563864262,863077.3563864263,2895777.3563864264,8104222.643613573,26.32524869442206,73.67475130557793,73.67475130557793,12.657272727272728,5.821818181818181,4.191818181818182,3.244718181818182,0.0,0.40962142169478366,男性,0,True
1993,35,20～39歳,1150,11500000.0,737642.3299334209,2648292.04079895,1528200.0,694700.0,461100.0,376944.6,0.0,47106.4634949001,885151.0634949001,3108051.0634949002,8391948.9365051,27.026530986912178,72.97346901308782,72.97346901308782,13.288695652173912,6.040869565217391,4.009565217391304,3.2777791304347828,0.0,0.40962142169478344,男性,0,True
1993,35,20～39歳,1200,12000000.0,769713.7355827001,2763435.1730075986,1670100.0,751500.0,461100.0,377290.2,0.0,49154.570603374,887544.770603374,3309144.770603374,8690855.229396626,27.57620642169478,72.42379357830522,72.42379357830522,13.917499999999999,6.2625,3.8425000000000002,3.144085,0.0,0.40962142169478327,男性,0,True
1993,35,20～39歳,1250,12500000.0,801785.1412319792,2878578.3052162486,1806000.0,806700.0,461100.0,397315.2,0.0,51202.677711848,909617.8777118479,3522317.877711848,8977682.122288153,28.178543021694786,71.82145697830522,71.82145697830522,14.448,6.4536,3.6887999999999996,3.1785216,0.0,0.409621421694784,男性,0,True
1993,35,20～39歳,1300,13000000.0,833856.5468812584,2993721.4374248986,1941900.0,874600.0,461100.0,417340.8,0.0,53250.7848203219,931691.5848203219,3748191.5848203218,9251808.415179677,28.832242960156325,71.16775703984368,71.16775703984368,14.937692307692311,6.727692307692308,3.5469230769230773,3.2103138461538463,0.0,0.4096214216947839,男性,0,True
1993,35,20～39歳,1350,13500000.0,865927.9525305376,3108864.5696335486,2076300.0,941800.0,461100.0,442286.4,0.0,55298.8919287958,958685.2919287959,3976785.291928796,9523214.708071204,29.457668829102197,70.54233117089781,70.54233117089781,15.379999999999999,6.9762962962962956,3.4155555555555557,3.2761955555555557,0.0,0.4096214216947837,男性,0,True
1993,35,20～39歳,1400,14000000.0,897999.3581798169,3224007.7018421986,2257200.0,1012600.0,461100.0,442632.0,0.0,57346.9990372697,961078.9990372697,4230878.9990372695,9769121.00096273,30.220564278837642,69.77943572116236,69.77943572116236,16.122857142857143,7.232857142857142,3.293571428571428,3.161657142857143,0.0,0.40962142169478355,男性,0,True
1993,35,20～39歳,1450,14500000.0,930070.7638290959,3339150.8340508486,2436400.0,1079800.0,461100.0,467577.0,0.0,59395.1061457436,988072.1061457436,4504272.106145743,9995727.893854257,31.063945559625814,68.93605444037418,68.93605444037418,16.802758620689655,7.446896551724137,3.18,3.224668965517241,0.0,0.40962142169478344,男性,0,True
1993,35,20～39歳,1500,15000000.0,962142.1694783751,3454293.9662594986,2615600.0,1147000.0,461100.0,492522.6,0.0,61443.2132542176,1015065.8132542175,4777665.813254218,10222334.186745781,31.851105421694786,68.1488945783052,68.1488945783052,17.43733333333333,7.6466666666666665,3.074,3.2834839999999996,0.0,0.409621421694784,男性,0,True
1993,45,40～64歳,200,2000000.0,128285.62259711667,460572.5288345998,70300.0,32400.0,109620.0,63373.2,0.0,8192.4284338957,181185.6284338957,283885.6284338957,1716114.371566104,14.194281421694788,85.80571857830522,85.80571857830522,3.515,1.6200000000000003,5.481000000000001,3.16866,0.0,0.4096214216947851,男性,0,True
1993,45,40～64歳,250,2500000.0,160357.02824639584,575715.66104325,100500.0,44500.0,139200.0,80446.8,0.0,10240.5355423696,229887.3355423696,374887.3355423696,2125112.6644576304,14.995493421694785,85.00450657830521,85.00450657830521,4.02,1.78,5.568,3.2178720000000003,0.0,0.409621421694784,男性,0,True
1993,45,40～64歳,300,3000000.0,192428.43389567503,690858.7932518997,131100.0,56700.0,165300.0,95552.4,0.0,12288.6426508435,273141.0426508435,460941.0426508435,2539058.9573491565,15.364701421694784,84.63529857830522,84.63529857830522,4.37,1.8900000000000001,5.510000000000001,3.1850799999999997,0.0,0.40962142169478327,男性,0,True
1993,45,40～64歳,350,3500000.0,224499.83954495421,806001.9254605497,163800.0,72900.0,191400.0,110658.0,0.0,14336.7497593174,316394.7497593174,553094.7497593174,2946905.2502406826,15.802707135980496,84.1972928640195,84.1972928640195,4.68,2.0828571428571427,5.468571428571429,3.161657142857143,0.0,0.4096214216947829,男性,0,True
1993,45,40～64歳,400,4000000.0,256571.24519423334,921145.0576691997,198100.0,100300.0,226200.0,130683.0,0.0,16384.8568677913,373267.8568677913,671667.8568677914,3328332.143132208,16.791696421694787,83.2083035783052,83.2083035783052,4.952500000000001,2.5075000000000003,5.655000000000001,3.2670750000000006,0.0,0.4096214216947825,男性,0,True
1993,45,40～64歳,450,4500000.0,288642.6508435125,1036288.18987785,235200.0,130000.0,243600.0,140868.6,0.0,18432.9639762653,402901.5639762653,768101.5639762653,3731898.4360237345,17.068923643917007,82.93107635608298,82.93107635608298,5.226666666666667,2.888888888888889,5.413333333333333,3.1304133333333337,0.0,0.40962142169478444,男性,0,True
1993,45,40～64歳,500,5000000.0,320714.0564927917,1151431.3220865,269500.0,157500.0,278400.0,160894.2,0.0,20481.0710847392,459775.2710847392,886775.2710847391,4113224.728915261,17.735505421694782,82.26449457830523,82.26449457830523,5.390000000000001,3.15,5.568,3.217884,0.0,0.409621421694784,男性,0,True
1993,45,40～64歳,550,5500000.0,352785.4621420709,1266574.4542951493,307600.0,184900.0,313200.0,180919.2,0.0,22529.1781932131,516648.3781932131,1009148.3781932131,4490851.621806787,18.348152330785695,81.65184766921432,81.65184766921432,5.592727272727273,3.361818181818182,5.694545454545454,3.2894400000000004,0.0,0.40962142169478366,男性,0,True
1993,45,40～64歳,600,6000000.0,384856.86779135006,1381717.5865037993,381600.0,214500.0,330600.0,191104.8,0.0,24577.285301687,546282.085301687,1142382.085301687,4857617.914698313,19.039701421694783,80.96029857830521,80.96029857830521,6.36,3.5749999999999997,5.510000000000001,3.1850799999999997,0.0,0.40962142169478327,男性,0,True
1993,45,40～64歳,650,6500000.0,416928.2734406292,1496860.7187124493,463000.0,247100.0,356700.0,206210.4,0.0,26625.3924101609,589535.792410161,1299635.7924101609,5200364.207589839,19.99439680631017,80.00560319368984,80.00560319368984,7.1230769230769235,3.8015384615384615,5.487692307692309,3.1724676923076927,0.0,0.4096214216947831,男性,0,True
1993,45,40～64歳,700,7000000.0,448999.67908990843,1612003.8509210993,544400.0,279600.0,382800.0,221316.0,0.0,28673.4995186349,632789.4995186349,1456789.4995186348,5543210.500481365,20.811278564551923,79.18872143544807,79.18872143544807,7.777142857142858,3.994285714285714,5.468571428571429,3.161657142857143,0.0,0.4096214216947843,男性,0,True
1993,45,40～64歳,750,7500000.0,481071.08473918756,1727146.9831297493,625600.0,312100.0,408900.0,236421.0,0.0,30721.6066271088,676042.6066271088,1613742.6066271088,5886257.3933728915,21.516568088361453,78.48343191163856,78.48343191163856,8.341333333333335,4.161333333333333,5.452,3.1522799999999997,0.0,0.409621421694784,男性,0,True
1993,45,40～64歳,800,8000000.0,513142.4903884667,1842290.1153383993,707000.0,344700.0,435000.0,251526.6,0.0,32769.7137355827,719296.3137355826,1770996.3137355826,6229003.686264416,22.137453921694785,77.86254607830521,77.86254607830521,8.8375,4.308750000000001,5.437500000000001,3.1440825000000006,0.0,0.4096214216947838,男性,0,True
1993,45,40～64歳,850,8500000.0,545213.8960377459,1957433.24754705,785400.0,376000.0,461100.0,281392.2,0.0,34817.8208440566,777310.0208440566,1938710.0208440567,6561289.979155943,22.80835318640067,77.19164681359932,77.19164681359932,9.24,4.423529411764706,5.424705882352941,3.310496470588235,0.0,0.40962142169478355,男性,0,True
1993,45,40～64歳,900,9000000.0,577285.301687025,2072576.3797557,872000.0,426700.0,461100.0,296497.2,0.0,36865.9279525305,794463.1279525305,2093163.1279525305,6906836.872047469,23.25736808836145,76.74263191163855,76.74263191163855,9.688888888888888,4.7411111111111115,5.123333333333333,3.2944133333333334,0.0,0.4096214216947834,男性,0,True
1993,45,40～64歳,950,9500000.0,609356.7073363042,2187719.5119643486,987900.0,478600.0,461100.0,311602.8,0.0,38914.0350610045,811616.8350610045,2278116.8350610044,7221883.164938996,23.980177211168467,76.01982278883153,76.01982278883153,10.398947368421052,5.037894736842105,4.853684210526316,3.2800294736842104,0.0,0.40962142169478416,男性,0,True
1993,45,40～64歳,1000,10000000.0,641428.1129855834,2302862.644173,1117800.0,530600.0,461100.0,326708.4,0.0,40962.1421694784,828770.5421694784,2477170.5421694783,7522829.457830522,24.771705421694783,75.22829457830522,75.22829457830522,11.178,5.306,4.611,3.267084,0.0,0.409621421694784,男性,0,True
1993,45,40～64歳,1050,10500000.0,673499.5186348625,2418005.77638165,1255200.0,585500.0,461100.0,341814.0,0.0,43010.2492779523,845924.2492779522,2686624.249277952,7813375.750722048,25.586897612170972,74.41310238782903,74.41310238782903,11.954285714285714,5.576190476190476,4.3914285714285715,3.2553714285714284,0.0,0.4096214216947838,男性,0,True
1993,45,40～64歳,1100,11000000.0,705570.9242841417,2533148.9085902986,1392300.0,640400.0,461100.0,356919.0,0.0,45058.3563864262,863077.3563864263,2895777.3563864264,8104222.643613573,26.32524869442206,73.67475130557793,73.67475130557793,12.657272727272728,5.821818181818181,4.191818181818182,3.244718181818182,0.0,0.40962142169478366,男性,0,True
1993,45,40～64歳,1150,11500000.0,737642.3299334209,2648292.04079895,1528200.0,694700.0,461100.0,376944.6,0.0,47106.4634949001,885151.0634949001,3108051.0634949002,8391948.9365051,27.026530986912178,72.97346901308782,72.97346901308782,13.288695652173912,6.040869565217391,4.009565217391304,3.2777791304347828,0.0,0.40962142169478344,男性,0,True
1993,45,40～64歳,1200,12000000.0,769713.7355827001,2763435.1730075986,1670100.0,751500.0,461100.0,377290.2,0.0,49154.570603374,887544.770603374,3309144.770603374,8690855.229396626,27.57620642169478,72.42379357830522,72.42379357830522,13.917499999999999,6.2625,3.8425000000000002,3.144085,0.0,0.40962142169478327,男性,0,True
1993,45,40～64歳,1250,12500000.0,801785.1412319792,2878578.3052162486,1806000.0,806700.0,461100.0,397315.2,0.0,51202.677711848,909617.8777118479,3522317.877711848,8977682.122288153,28.178543021694786,71.82145697830522,71.82145697830522,14.448,6.4536,3.6887999999999996,3.1785216,0.0,0.409621421694784,男性,0,True
1993,45,40～64歳,1300,13000000.0,833856.5468812584,2993721.4374248986,1941900.0,874600.0,461100.0,417340.8,0.0,53250.7848203219,931691.5848203219,3748191.5848203218,9251808.415179677,28.832242960156325,71.16775703984368,71.16775703984368,14.937692307692311,6.727692307692308,3.5469230769230773,3.2103138461538463,0.0,0.4096214216947839,男性,0,True
1993,45,40～64歳,1350,13500000.0,865927.9525305376,3108864.5696335486,2076300.0,941800.0,461100.0,442286.4,0.0,55298.8919287958,958685.2919287959,3976785.291928796,9523214.708071204,29.457668829102197,70.54233117089781,70.54233117089781,15.379999999999999,6.9762962962962956,3.4155555555555557,3.2761955555555557,0.0,0.4096214216947837,男性,0,True
1993,45,40～64歳,1400,14000000.0,897999.3581798169,3224007.7018421986,2257200.0,1012600.0,461100.0,442632.0,0.0,57346.9990372697,961078.9990372697,4230878.9990372695,9769121.00096273,30.220564278837642,69.77943572116236,69.77943572116236,16.122857142857143,7.232857142857142,3.293571428571428,3.161657142857143,0.0,0.40962142169478355,男性,0,True
1993,45,40～64歳,1450,14500000.0,930070.7638290959,3339150.8340508486,2436400.0,1079800.0,461100.0,467577.0,0.0,59395.1061457436,988072.1061457436,4504272.106145743,9995727.893854257,31.063945559625814,68.93605444037418,68.93605444037418,16.802758620689655,7.446896551724137,3.18,3.224668965517241,0.0,0.40962142169478344,男性,0,True
1993,45,40～64歳,1500,15000000.0,962142.1694783751,3454293.9662594986,2615600.0,1147000.0,461100.0,492522.6,0.0,61443.2132542176,1015065.8132542175,4777665.813254218,10222334.186745781,31.851105421694786,68.1488945783052,68.1488945783052,17.43733333333333,7.6466666666666665,3.074,3.2834839999999996,0.0,0.409621421694784,男性,0,True
1994,35,20～39歳,200,2000000.0,129017.94016407501,451784.7180310997,56000.0,34100.0,112140.0,63346.8,0.0,8000.0,183486.8,273586.8,1726413.2,13.679339999999998,86.32065999999999,86.32065999999999,2.8000000000000003,1.7049999999999998,5.607,3.1673400000000003,0.0,0.4,男性,0,True
1994,35,20～39歳,250,2500000.0,161272.42520509378,564730.8975388748,80100.0,46900.0,142400.0,80413.8,0.0,10000.0,232813.8,359813.8,2140186.2,14.392552,85.607448,85.607448,3.2039999999999997,1.876,5.696,3.216552,0.0,0.4,男性,0,True
1994,35,20～39歳,300,3000000.0,193526.91024611253,677677.0770466496,104600.0,59900.0,169100.0,95512.8,0.0,12000.0,276612.8,441112.8,2558887.2,14.703759999999999,85.29624,85.29624,3.4866666666666664,1.9966666666666668,5.636666666666667,3.18376,0.0,0.4,男性,0,True
1994,35,20～39歳,350,3500000.0,225781.3952871313,790623.2565544245,130700.0,73700.0,195800.0,110611.8,0.0,14000.0,320411.8,524811.8,2975188.2,14.994622857142858,85.00537714285716,85.00537714285716,3.7342857142857144,2.105714285714286,5.594285714285714,3.1603371428571427,0.0,0.4,男性,0,True
1994,35,20～39歳,400,4000000.0,258035.88032815003,903569.4360621994,158000.0,88300.0,231400.0,130630.2,0.0,16000.0,378030.2,624330.2,3375669.8,15.608254999999998,84.391745,84.391745,3.95,2.2075,5.785,3.265755,0.0,0.4,男性,0,True
1994,35,20～39歳,450,4500000.0,290290.3653691688,1016515.6155699743,185500.0,117400.0,267000.0,150649.2,0.0,18000.0,435649.2,738549.2,3761450.8,16.41220444444444,83.58779555555556,83.58779555555556,4.122222222222223,2.6088888888888886,5.933333333333334,3.3477600000000005,0.0,0.4,男性,0,True
1994,35,20～39歳,500,5000000.0,322544.85041018756,1129461.7950777495,215100.0,154400.0,284800.0,160828.2,0.0,20000.0,465628.2,835128.2,4164871.8,16.702564,83.29743599999999,83.29743599999999,4.3020000000000005,3.088,5.696,3.2165640000000004,0.0,0.4,男性,0,True
1994,35,20～39歳,550,5500000.0,354799.3354512063,1242407.974585524,244900.0,188600.0,320400.0,180847.2,0.0,22000.0,523247.2,956747.2,4543252.8,17.395403636363636,82.60459636363636,82.60459636363636,4.452727272727273,3.4290909090909096,5.825454545454545,3.288130909090909,0.0,0.4,男性,0,True
1994,35,20～39歳,600,6000000.0,387053.82049222506,1355354.1540932993,304100.0,225600.0,338200.0,191025.6,0.0,24000.0,553225.6,1082925.6,4917074.4,18.04876,81.95124,81.95124,5.068333333333333,3.7600000000000002,5.636666666666667,3.18376,0.0,0.4,男性,0,True
1994,35,20～39歳,650,6500000.0,419308.3055332438,1468300.3336010738,369100.0,266200.0,364900.0,206124.6,0.0,26000.0,597024.6,1232324.6,5267675.4,18.958840000000002,81.04116,81.04116,5.678461538461539,4.095384615384615,5.613846153846154,3.1711476923076924,0.0,0.4,男性,0,True
1994,35,20～39歳,700,7000000.0,451562.7905742626,1581246.513108849,434200.0,306900.0,391600.0,221223.6,0.0,28000.0,640823.6,1381923.6,5618076.4,19.741765714285716,80.2582342857143,80.2582342857143,6.202857142857143,4.384285714285714,5.594285714285714,3.1603371428571427,0.0,0.4,男性,0,True
1994,35,20～39歳,750,7500000.0,483817.27561528137,1694192.6926166236,499200.0,347500.0,418300.0,236322.0,0.0,30000.0,684622.0,1531322.0,5968678.0,20.417626666666667,79.58237333333334,79.58237333333334,6.656,4.633333333333333,5.577333333333334,3.15096,0.0,0.4,男性,0,True
1994,35,20～39歳,800,8000000.0,516071.76065630006,1807138.8721243988,557600.0,384000.0,471700.0,266181.0,0.0,32000.0,769881.0,1711481.0,6288519.0,21.3935125,78.6064875,78.6064875,6.97,4.8,5.89625,3.3272625,0.0,0.4,男性,0,True
1994,35,20～39歳,850,8500000.0,548326.2456973189,1920085.0516321734,626000.0,426800.0,476650.0,281280.0,0.0,34000.0,791930.0,1844730.0,6655270.0,21.70270588235294,78.29729411764706,78.29729411764706,7.364705882352942,5.021176470588236,5.60764705882353,3.3091764705882354,0.0,0.4,男性,0,True
1994,35,20～39歳,900,9000000.0,580580.7307383376,2033031.2311399486,694500.0,469600.0,481600.0,296379.0,0.0,36000.0,813979.0,1978079.0,7021921.0,21.978655555555555,78.02134444444444,78.02134444444444,7.716666666666666,5.217777777777777,5.351111111111111,3.2931000000000004,0.0,0.4,男性,0,True
1994,35,20～39歳,950,9500000.0,612835.2157793563,2145977.410647724,785500.0,512800.0,481600.0,311477.4,0.0,38000.0,831077.4,2129377.4,7370622.6,22.41449894736842,77.58550105263157,77.58550105263157,8.26842105263158,5.397894736842105,5.069473684210527,3.278709473684211,0.0,0.4,男性,0,True
1994,35,20～39歳,1000,10000000.0,645089.7008203751,2258923.590155499,889400.0,556100.0,481600.0,326576.4,0.0,40000.0,848176.4,2293676.4,7706323.6,22.936763999999997,77.063236,77.063236,8.894,5.561,4.816,3.2657640000000003,0.0,0.4,男性,0,True
1994,35,20～39歳,1050,10500000.0,677344.1858613939,2371869.769663273,999300.0,611100.0,481600.0,341675.4,0.0,42000.0,865275.4,2475675.4,8024324.6,23.577860952380952,76.42213904761904,76.42213904761904,9.517142857142858,5.82,4.586666666666667,3.2540514285714286,0.0,0.4,男性,0,True
1994,35,20～39歳,1100,11000000.0,709598.6709024126,2484815.949171048,1109200.0,679800.0,481600.0,356774.4,0.0,44000.0,882374.4,2671374.4,8328625.6,24.285221818181817,75.71477818181818,75.71477818181818,10.083636363636364,6.18,4.378181818181818,3.2434036363636363,0.0,0.4,男性,0,True
1994,35,20～39歳,1150,11500000.0,741853.1559434314,2597762.1286788234,1218000.0,747700.0,481600.0,376792.8,0.0,46000.0,904392.8,2870092.8,8629907.2,24.957328695652173,75.04267130434782,75.04267130434782,10.591304347826087,6.501739130434784,4.187826086956522,3.2764591304347825,0.0,0.4,男性,0,True
1994,35,20～39歳,1200,12000000.0,774107.6409844501,2710708.3081865986,1326700.0,815700.0,481600.0,396811.8,0.0,48000.0,926411.8,3068811.8,8931188.2,25.573431666666664,74.42656833333334,74.42656833333334,11.055833333333332,6.797499999999999,4.013333333333334,3.3067649999999995,0.0,0.4,男性,0,True
1994,35,20～39歳,1250,12500000.0,806362.1260254689,2823654.4876943724,1440200.0,886600.0,481600.0,397150.8,0.0,50000.0,928750.8,3255550.8,9244449.2,26.044406399999996,73.95559359999999,73.95559359999999,11.5216,7.0928,3.8528,3.1772063999999998,0.0,0.4,男性,0,True
1994,35,20～39歳,1300,13000000.0,838616.6110664876,2936600.6672021477,1548900.0,954600.0,481600.0,417169.8,0.0,52000.0,950769.8,3454269.8,9545730.2,26.57130615384615,73.42869384615383,73.42869384615383,11.914615384615384,7.343076923076923,3.704615384615385,3.2089984615384615,0.0,0.4,男性,0,True
1994,35,20～39歳,1350,13500000.0,870871.0961075064,3049546.846709923,1656400.0,1021800.0,481600.0,442108.2,0.0,54000.0,977708.2,3655908.2,9844091.8,27.08080148148148,72.91919851851853,72.91919851851853,12.269629629629629,7.568888888888889,3.567407407407407,3.2748755555555555,0.0,0.4,男性,0,True
1994,35,20～39歳,1400,14000000.0,903125.5811485252,3162493.026217698,1799600.0,1092600.0,481600.0,442447.2,0.0,56000.0,980047.2,3872247.2,10127752.8,27.658908571428576,72.34109142857143,72.34109142857143,12.854285714285716,7.804285714285713,3.44,3.1603371428571427,0.0,0.4,男性,0,True
1994,35,20～39歳,1450,14500000.0,935380.0661895439,3275439.205725472,1943300.0,1159900.0,481600.0,467386.2,0.0,58000.0,1006986.2,4110186.2,10389813.8,28.346111724137934,71.65388827586207,71.65388827586207,13.402068965517241,7.9993103448275855,3.3213793103448275,3.223353103448276,0.0,0.4,男性,0,True
1994,35,20～39歳,1500,15000000.0,967634.5512305627,3388385.385233247,2086700.0,1227100.0,481600.0,492324.6,0.0,60000.0,1033924.6,4347724.6,10652275.4,28.984830666666667,71.01516933333333,71.01516933333333,13.911333333333333,8.180666666666667,3.2106666666666666,3.282164,0.0,0.4,男性,0,True
1994,45,40～64歳,200,2000000.0,129017.94016407501,451784.7180310997,56000.0,34100.0,112140.0,63346.8,0.0,8000.0,183486.8,273586.8,1726413.2,13.679339999999998,86.32065999999999,86.32065999999999,2.8000000000000003,1.7049999999999998,5.607,3.1673400000000003,0.0,0.4,男性,0,True
1994,45,40～64歳,250,2500000.0,161272.42520509378,564730.8975388748,80100.0,46900.0,142400.0,80413.8,0.0,10000.0,232813.8,359813.8,2140186.2,14.392552,85.607448,85.607448,3.2039999999999997,1.876,5.696,3.216552,0.0,0.4,男性,0,True
1994,45,40～64歳,300,3000000.0,193526.91024611253,677677.0770466496,104600.0,59900.0,169100.0,95512.8,0.0,12000.0,276612.8,441112.8,2558887.2,14.703759999999999,85.29624,85.29624,3.4866666666666664,1.9966666666666668,5.636666666666667,3.18376,0.0,0.4,男性,0,True
1994,45,40～64歳,350,3500000.0,225781.3952871313,790623.2565544245,130700.0,73700.0,195800.0,110611.8,0.0,14000.0,320411.8,524811.8,2975188.2,14.994622857142858,85.00537714285716,85.00537714285716,3.7342857142857144,2.105714285714286,5.594285714285714,3.1603371428571427,0.0,0.4,男性,0,True
1994,45,40～64歳,400,4000000.0,258035.88032815003,903569.4360621994,158000.0,88300.0,231400.0,130630.2,0.0,16000.0,378030.2,624330.2,3375669.8,15.608254999999998,84.391745,84.391745,3.95,2.2075,5.785,3.265755,0.0,0.4,男性,0,True
1994,45,40～64歳,450,4500000.0,290290.3653691688,1016515.6155699743,185500.0,117400.0,267000.0,150649.2,0.0,18000.0,435649.2,738549.2,3761450.8,16.41220444444444,83.58779555555556,83.58779555555556,4.122222222222223,2.6088888888888886,5.933333333333334,3.3477600000000005,0.0,0.4,男性,0,True
1994,45,40～64歳,500,5000000.0,322544.85041018756,1129461.7950777495,215100.0,154400.0,284800.0,160828.2,0.0,20000.0,465628.2,835128.2,4164871.8,16.702564,83.29743599999999,83.29743599999999,4.3020000000000005,3.088,5.696,3.2165640000000004,0.0,0.4,男性,0,True
1994,45,40～64歳,550,5500000.0,354799.3354512063,1242407.974585524,244900.0,188600.0,320400.0,180847.2,0.0,22000.0,523247.2,956747.2,4543252.8,17.395403636363636,82.60459636363636,82.60459636363636,4.452727272727273,3.4290909090909096,5.825454545454545,3.288130909090909,0.0,0.4,男性,0,True
1994,45,40～64歳,600,6000000.0,387053.82049222506,1355354.1540932993,304100.0,225600.0,338200.0,191025.6,0.0,24000.0,553225.6,1082925.6,4917074.4,18.04876,81.95124,81.95124,5.068333333333333,3.7600000000000002,5.636666666666667,3.18376,0.0,0.4,男性,0,True
1994,45,40～64歳,650,6500000.0,419308.3055332438,1468300.3336010738,369100.0,266200.0,364900.0,206124.6,0.0,26000.0,597024.6,1232324.6,5267675.4,18.958840000000002,81.04116,81.04116,5.678461538461539,4.095384615384615,5.613846153846154,3.1711476923076924,0.0,0.4,男性,0,True
1994,45,40～64歳,700,7000000.0,451562.7905742626,1581246.513108849,434200.0,306900.0,391600.0,221223.6,0.0,28000.0,640823.6,1381923.6,5618076.4,19.741765714285716,80.2582342857143,80.2582342857143,6.202857142857143,4.384285714285714,5.594285714285714,3.1603371428571427,0.0,0.4,男性,0,True
1994,45,40～64歳,750,7500000.0,483817.27561528137,1694192.6926166236,499200.0,347500.0,418300.0,236322.0,0.0,30000.0,684622.0,1531322.0,5968678.0,20.417626666666667,79.58237333333334,79.58237333333334,6.656,4.633333333333333,5.577333333333334,3.15096,0.0,0.4,男性,0,True
1994,45,40～64歳,800,8000000.0,516071.76065630006,1807138.8721243988,557600.0,384000.0,471700.0,266181.0,0.0,32000.0,769881.0,1711481.0,6288519.0,21.3935125,78.6064875,78.6064875,6.97,4.8,5.89625,3.3272625,0.0,0.4,男性,0,True
1994,45,40～64歳,850,8500000.0,548326.2456973189,1920085.0516321734,626000.0,426800.0,476650.0,281280.0,0.0,34000.0,791930.0,1844730.0,6655270.0,21.70270588235294,78.29729411764706,78.29729411764706,7.364705882352942,5.021176470588236,5.60764705882353,3.3091764705882354,0.0,0.4,男性,0,True
1994,45,40～64歳,900,9000000.0,580580.7307383376,2033031.2311399486,694500.0,469600.0,481600.0,296379.0,0.0,36000.0,813979.0,1978079.0,7021921.0,21.978655555555555,78.02134444444444,78.02134444444444,7.716666666666666,5.217777777777777,5.351111111111111,3.2931000000000004,0.0,0.4,男性,0,True
1994,45,40～64歳,950,9500000.0,612835.2157793563,2145977.410647724,785500.0,512800.0,481600.0,311477.4,0.0,38000.0,831077.4,2129377.4,7370622.6,22.41449894736842,77.58550105263157,77.58550105263157,8.26842105263158,5.397894736842105,5.069473684210527,3.278709473684211,0.0,0.4,男性,0,True
1994,45,40～64歳,1000,10000000.0,645089.7008203751,2258923.590155499,889400.0,556100.0,481600.0,326576.4,0.0,40000.0,848176.4,2293676.4,7706323.6,22.936763999999997,77.063236,77.063236,8.894,5.561,4.816,3.2657640000000003,0.0,0.4,男性,0,True
1994,45,40～64歳,1050,10500000.0,677344.1858613939,2371869.769663273,999300.0,611100.0,481600.0,341675.4,0.0,42000.0,865275.4,2475675.4,8024324.6,23.577860952380952,76.42213904761904,76.42213904761904,9.517142857142858,5.82,4.586666666666667,3.2540514285714286,0.0,0.4,男性,0,True
1994,45,40～64歳,1100,11000000.0,709598.6709024126,2484815.949171048,1109200.0,679800.0,481600.0,356774.4,0.0,44000.0,882374.4,2671374.4,8328625.6,24.285221818181817,75.71477818181818,75.71477818181818,10.083636363636364,6.18,4.378181818181818,3.2434036363636363,0.0,0.4,男性,0,True
1994,45,40～64歳,1150,11500000.0,741853.1559434314,2597762.1286788234,1218000.0,747700.0,481600.0,376792.8,0.0,46000.0,904392.8,2870092.8,8629907.2,24.957328695652173,75.04267130434782,75.04267130434782,10.591304347826087,6.501739130434784,4.187826086956522,3.2764591304347825,0.0,0.4,男性,0,True
1994,45,40～64歳,1200,12000000.0,774107.6409844501,2710708.3081865986,1326700.0,815700.0,481600.0,396811.8,0.0,48000.0,926411.8,3068811.8,8931188.2,25.573431666666664,74.42656833333334,74.42656833333334,11.055833333333332,6.797499999999999,4.013333333333334,3.3067649999999995,0.0,0.4,男性,0,True
1994,45,40～64歳,1250,12500000.0,806362.1260254689,2823654.4876943724,1440200.0,886600.0,481600.0,397150.8,0.0,50000.0,928750.8,3255550.8,9244449.2,26.044406399999996,73.95559359999999,73.95559359999999,11.5216,7.0928,3.8528,3.1772063999999998,0.0,0.4,男性,0,True
1994,45,40～64歳,1300,13000000.0,838616.6110664876,2936600.6672021477,1548900.0,954600.0,481600.0,417169.8,0.0,52000.0,950769.8,3454269.8,9545730.2,26.57130615384615,73.42869384615383,73.42869384615383,11.914615384615384,7.343076923076923,3.704615384615385,3.2089984615384615,0.0,0.4,男性,0,True
1994,45,40～64歳,1350,13500000.0,870871.0961075064,3049546.846709923,1656400.0,1021800.0,481600.0,442108.2,0.0,54000.0,977708.2,3655908.2,9844091.8,27.08080148148148,72.91919851851853,72.91919851851853,12.269629629629629,7.568888888888889,3.567407407407407,3.2748755555555555,0.0,0.4,男性,0,True
1994,45,40～64歳,1400,14000000.0,903125.5811485252,3162493.026217698,1799600.0,1092600.0,481600.0,442447.2,0.0,56000.0,980047.2,3872247.2,10127752.8,27.658908571428576,72.34109142857143,72.34109142857143,12.854285714285716,7.804285714285713,3.44,3.1603371428571427,0.0,0.4,男性,0,True
1994,45,40～64歳,1450,14500000.0,935380.0661895439,3275439.205725472,1943300.0,1159900.0,481600.0,467386.2,0.0,58000.0,1006986.2,4110186.2,10389813.8,28.346111724137934,71.65388827586207,71.65388827586207,13.402068965517241,7.9993103448275855,3.3213793103448275,3.223353103448276,0.0,0.4,男性,0,True
1994,45,40～64歳,1500,15000000.0,967634.5512305627,3388385.385233247,2086700.0,1227100.0,481600.0,492324.6,0.0,60000.0,1033924.6,4347724.6,10652275.4,28.984830666666667,71.01516933333333,71.01516933333333,13.911333333333333,8.180666666666667,3.2106666666666666,3.282164,0.0,0.4,男性,0,True
1995,35,20～39歳,200,2000000.0,129574.7869648124,445102.55642225104,54400.0,32800.0,126965.0,63327.0,0.0,8000.0,198292.0,285492.0,1714507.9999999998,14.274600000000001,85.7254,85.7254,2.72,1.6400000000000001,6.348250000000001,3.1663500000000004,0.0,0.4,男性,0,True
1995,35,20～39歳,250,2500000.0,161968.4837060155,556378.195527814,79700.0,45400.0,161181.0,80388.6,0.0,10000.0,251569.6,376669.6,2123330.4,15.066784,84.933216,84.933216,3.1879999999999997,1.8159999999999998,6.44724,3.215544,0.0,0.4,男性,0,True
1995,35,20～39歳,300,3000000.0,194362.18044721862,667653.8346333766,105400.0,58300.0,191438.0,95482.8,0.0,12000.0,298920.8,462620.8,2537379.2,15.420693333333332,84.57930666666668,84.57930666666668,3.5133333333333336,1.9433333333333334,6.381266666666667,3.1827599999999996,0.0,0.4,男性,0,True
1995,35,20～39歳,350,3500000.0,226755.87718842173,778929.4737389395,131100.0,71200.0,221694.0,110576.4,0.0,14000.0,346270.4,548570.4,2951429.6,15.67344,84.32656,84.32656,3.7457142857142856,2.0342857142857143,6.334114285714286,3.159325714285714,0.0,0.4,男性,0,True
1995,35,20～39歳,400,4000000.0,259149.5739296248,890205.1128445021,159000.0,85100.0,261851.0,130590.6,0.0,16000.0,408441.6,652541.6,3347458.3999999994,16.31354,83.68646,83.68646,3.9750000000000005,2.1275000000000004,6.546275000000001,3.2647650000000006,0.0,0.4,男性,0,True
1995,35,20～39歳,450,4500000.0,291543.27067082794,1001480.7519500647,187700.0,110500.0,302007.0,150604.2,0.0,18000.0,470611.2,768811.2,3731188.8,17.08469333333333,82.91530666666667,82.91530666666667,4.171111111111111,2.4555555555555557,6.711266666666667,3.34676,0.0,0.4,男性,0,True
1995,35,20～39歳,500,5000000.0,323936.967412031,1112756.391055628,218900.0,146100.0,322363.0,160777.8,0.0,20000.0,503140.8,868140.8,4131859.2,17.362816,82.637184,82.637184,4.378,2.922,6.447260000000001,3.215556,0.0,0.4,男性,0,True
1995,35,20～39歳,550,5500000.0,356330.6641532341,1224032.0301611905,247600.0,179900.0,362520.0,180792.0,0.0,22000.0,565312.0,992812.0,4507188.0,18.05112727272727,81.94887272727273,81.94887272727273,4.501818181818182,3.270909090909091,6.591272727272727,3.2871272727272727,0.0,0.4,男性,0,True
1995,35,20～39歳,600,6000000.0,388724.36089443724,1335307.6692667531,278900.0,216700.0,382876.0,190965.6,0.0,24000.0,597841.6,1093441.6,4906558.4,18.224026666666667,81.77597333333334,81.77597333333334,4.648333333333333,3.6116666666666664,6.381266666666667,3.1827599999999996,0.0,0.4,男性,0,True
1995,35,20～39歳,650,6500000.0,421118.0576356403,1446583.3083723157,346800.0,251900.0,413132.0,206059.2,0.0,26000.0,645191.2,1243891.2,5256108.8,19.136787692307692,80.8632123076923,80.8632123076923,5.335384615384616,3.875384615384615,6.355876923076923,3.1701415384615386,0.0,0.4,男性,0,True
1995,35,20～39歳,700,7000000.0,453511.75437684346,1557858.947477879,425400.0,291200.0,443389.0,221153.4,0.0,28000.0,692542.4,1409142.4,5590857.6,20.130605714285714,79.86939428571428,79.86939428571428,6.077142857142857,4.16,6.334128571428571,3.1593342857142854,0.0,0.4,男性,0,True
1995,35,20～39歳,750,7500000.0,485905.45111804653,1669134.5865834416,497000.0,327000.0,503345.0,251007.0,0.0,30000.0,784352.0,1608352.0,5891648.0,21.444693333333333,78.55530666666667,78.55530666666667,6.626666666666667,4.36,6.711266666666667,3.34676,0.0,0.4,男性,0,True
1995,35,20～39歳,800,8000000.0,518299.1478592496,1780410.2256890042,577600.0,367300.0,533602.0,266101.2,0.0,32000.0,831703.2,1776603.2,6223396.799999999,22.20754,77.79245999999999,77.79245999999999,7.2200000000000015,4.5912500000000005,6.670025,3.3262650000000002,0.0,0.4,男性,0,True
1995,35,20～39歳,850,8500000.0,550692.8446004528,1891685.8647945668,658000.0,407500.0,563858.0,281194.8,0.0,34000.0,879052.8,1944552.8,6555447.2,22.877091764705884,77.12290823529412,77.12290823529412,7.741176470588234,4.794117647058823,6.633623529411764,3.3081741176470585,0.0,0.4,男性,0,True
1995,35,20～39歳,900,9000000.0,583086.5413416559,2002961.5039001293,738600.0,447800.0,594114.0,296288.4,0.0,36000.0,926402.4,2112802.4,6887197.6,23.475582222222222,76.52441777777777,76.52441777777777,8.206666666666667,4.975555555555555,6.601266666666667,3.2920933333333333,0.0,0.4,男性,0,True
1995,35,20～39歳,950,9500000.0,615480.238082859,2114237.143005692,825000.0,491000.0,594671.0,311382.6,0.0,38000.0,944053.6,2260053.6,7239946.4,23.790037894736844,76.20996210526316,76.20996210526316,8.68421052631579,5.1684210526315795,6.259694736842106,3.2777115789473683,0.0,0.4,男性,0,True
1995,35,20～39歳,1000,10000000.0,647873.934824062,2225512.782111256,911600.0,534300.0,595227.0,326476.2,0.0,40000.0,961703.2,2407603.2,7592396.8,24.076032,75.923968,75.923968,9.116,5.343,5.9522699999999995,3.264762,0.0,0.4,男性,0,True
1995,35,20～39歳,1050,10500000.0,680267.6315652651,2336788.4212168185,1003000.0,580000.0,595783.0,341569.8,0.0,42000.0,979352.8,2562352.8,7937647.2,24.40336,75.59664000000001,75.59664000000001,9.552380952380952,5.523809523809524,5.67412380952381,3.2530457142857143,0.0,0.4,男性,0,True
1995,35,20～39歳,1100,11000000.0,712661.3283064682,2448064.060322381,1094400.0,646800.0,596340.0,356664.0,0.0,44000.0,997004.0,2738204.0,8261796.0,24.892763636363636,75.10723636363636,75.10723636363636,9.94909090909091,5.88,5.4212727272727275,3.2424,0.0,0.4,男性,0,True
1995,35,20～39歳,1150,11500000.0,745055.0250476714,2559339.6994279437,1185000.0,714700.0,596896.0,376677.6,0.0,46000.0,1019573.6,2919273.6,8580726.4,25.384987826086956,74.61501217391304,74.61501217391304,10.304347826086957,6.214782608695653,5.1903999999999995,3.2754573913043474,0.0,0.4,男性,0,True
1995,35,20～39歳,1200,12000000.0,777448.7217888745,2670615.3385335063,1275400.0,782500.0,597453.0,396691.8,0.0,48000.0,1042144.8,3100044.8,8899955.2,25.833706666666668,74.16629333333333,74.16629333333333,10.628333333333332,6.520833333333333,4.978775,3.305765,0.0,0.4,男性,0,True
1995,35,20～39歳,1250,12500000.0,809842.4185300776,2781890.977639069,1369800.0,853300.0,598009.0,397025.4,0.0,50000.0,1045034.4,3268134.4,9231865.6,26.1450752,73.85492479999999,73.85492479999999,10.9584,6.8264000000000005,4.784072,3.1762032000000002,0.0,0.4,男性,0,True
1995,35,20～39歳,1300,13000000.0,842236.1152712806,2893166.6167446314,1480600.0,921300.0,598565.0,417039.0,0.0,52000.0,1067604.0,3469504.0,9530496.0,26.688492307692307,73.31150769230769,73.31150769230769,11.38923076923077,7.086923076923076,4.604346153846154,3.2079923076923076,0.0,0.4,男性,0,True
1995,35,20～39歳,1350,13500000.0,874629.8120124838,3004442.255850194,1614700.0,988300.0,599122.0,441973.2,0.0,54000.0,1095095.2,3698095.2,9801904.8,27.393297777777782,72.60670222222222,72.60670222222222,11.960740740740741,7.3207407407407405,4.437940740740741,3.2738755555555556,0.0,0.4,男性,0,True
1995,35,20～39歳,1400,14000000.0,907023.5087536869,3115717.894955758,1749100.0,1055500.0,599678.0,466906.8,0.0,56000.0,1122584.8,3927184.8,10072815.2,28.051319999999997,71.94868,71.94868,12.493571428571428,7.539285714285714,4.283414285714286,3.335048571428571,0.0,0.4,男性,0,True
1995,35,20～39歳,1450,14500000.0,939417.2054948899,3226993.5340613206,1890700.0,1126300.0,600234.0,467240.4,0.0,58000.0,1125474.4,4142474.4,10357525.599999998,28.568788965517243,71.43121103448276,71.43121103448276,13.039310344827587,7.767586206896553,4.1395448275862075,3.2223475862068973,0.0,0.4,男性,0,True
1995,35,20～39歳,1500,15000000.0,971810.9022360931,3338269.173166883,2025100.0,1193500.0,600791.0,492174.6,0.0,60000.0,1152965.6,4371565.6,10628434.4,29.14377066666666,70.85622933333333,70.85622933333333,13.500666666666666,7.956666666666666,4.005273333333333,3.2811639999999995,0.0,0.4,男性,0,True
1995,45,40～64歳,200,2000000.0,129574.7869648124,445102.55642225104,54400.0,32800.0,126965.0,63327.0,0.0,8000.0,198292.0,285492.0,1714507.9999999998,14.274600000000001,85.7254,85.7254,2.72,1.6400000000000001,6.348250000000001,3.1663500000000004,0.0,0.4,男性,0,True
1995,45,40～64歳,250,2500000.0,161968.4837060155,556378.195527814,79700.0,45400.0,161181.0,80388.6,0.0,10000.0,251569.6,376669.6,2123330.4,15.066784,84.933216,84.933216,3.1879999999999997,1.8159999999999998,6.44724,3.215544,0.0,0.4,男性,0,True
1995,45,40～64歳,300,3000000.0,194362.18044721862,667653.8346333766,105400.0,58300.0,191438.0,95482.8,0.0,12000.0,298920.8,462620.8,2537379.2,15.420693333333332,84.57930666666668,84.57930666666668,3.5133333333333336,1.9433333333333334,6.381266666666667,3.1827599999999996,0.0,0.4,男性,0,True
1995,45,40～64歳,350,3500000.0,226755.87718842173,778929.4737389395,131100.0,71200.0,221694.0,110576.4,0.0,14000.0,346270.4,548570.4,2951429.6,15.67344,84.32656,84.32656,3.7457142857142856,2.0342857142857143,6.334114285714286,3.159325714285714,0.0,0.4,男性,0,True
1995,45,40～64歳,400,4000000.0,259149.5739296248,890205.1128445021,159000.0,85100.0,261851.0,130590.6,0.0,16000.0,408441.6,652541.6,3347458.3999999994,16.31354,83.68646,83.68646,3.9750000000000005,2.1275000000000004,6.546275000000001,3.2647650000000006,0.0,0.4,男性,0,True
1995,45,40～64歳,450,4500000.0,291543.27067082794,1001480.7519500647,187700.0,110500.0,302007.0,150604.2,0.0,18000.0,470611.2,768811.2,3731188.8,17.08469333333333,82.91530666666667,82.91530666666667,4.171111111111111,2.4555555555555557,6.711266666666667,3.34676,0.0,0.4,男性,0,True
1995,45,40～64歳,500,5000000.0,323936.967412031,1112756.391055628,218900.0,146100.0,322363.0,160777.8,0.0,20000.0,503140.8,868140.8,4131859.2,17.362816,82.637184,82.637184,4.378,2.922,6.447260000000001,3.215556,0.0,0.4,男性,0,True
1995,45,40～64歳,550,5500000.0,356330.6641532341,1224032.0301611905,247600.0,179900.0,362520.0,180792.0,0.0,22000.0,565312.0,992812.0,4507188.0,18.05112727272727,81.94887272727273,81.94887272727273,4.501818181818182,3.270909090909091,6.591272727272727,3.2871272727272727,0.0,0.4,男性,0,True
1995,45,40～64歳,600,6000000.0,388724.36089443724,1335307.6692667531,278900.0,216700.0,382876.0,190965.6,0.0,24000.0,597841.6,1093441.6,4906558.4,18.224026666666667,81.77597333333334,81.77597333333334,4.648333333333333,3.6116666666666664,6.381266666666667,3.1827599999999996,0.0,0.4,男性,0,True
1995,45,40～64歳,650,6500000.0,421118.0576356403,1446583.3083723157,346800.0,251900.0,413132.0,206059.2,0.0,26000.0,645191.2,1243891.2,5256108.8,19.136787692307692,80.8632123076923,80.8632123076923,5.335384615384616,3.875384615384615,6.355876923076923,3.1701415384615386,0.0,0.4,男性,0,True
1995,45,40～64歳,700,7000000.0,453511.75437684346,1557858.947477879,425400.0,291200.0,443389.0,221153.4,0.0,28000.0,692542.4,1409142.4,5590857.6,20.130605714285714,79.86939428571428,79.86939428571428,6.077142857142857,4.16,6.334128571428571,3.1593342857142854,0.0,0.4,男性,0,True
1995,45,40～64歳,750,7500000.0,485905.45111804653,1669134.5865834416,497000.0,327000.0,503345.0,251007.0,0.0,30000.0,784352.0,1608352.0,5891648.0,21.444693333333333,78.55530666666667,78.55530666666667,6.626666666666667,4.36,6.711266666666667,3.34676,0.0,0.4,男性,0,True
1995,45,40～64歳,800,8000000.0,518299.1478592496,1780410.2256890042,577600.0,367300.0,533602.0,266101.2,0.0,32000.0,831703.2,1776603.2,6223396.799999999,22.20754,77.79245999999999,77.79245999999999,7.2200000000000015,4.5912500000000005,6.670025,3.3262650000000002,0.0,0.4,男性,0,True
1995,45,40～64歳,850,8500000.0,550692.8446004528,1891685.8647945668,658000.0,407500.0,563858.0,281194.8,0.0,34000.0,879052.8,1944552.8,6555447.2,22.877091764705884,77.12290823529412,77.12290823529412,7.741176470588234,4.794117647058823,6.633623529411764,3.3081741176470585,0.0,0.4,男性,0,True
1995,45,40～64歳,900,9000000.0,583086.5413416559,2002961.5039001293,738600.0,447800.0,594114.0,296288.4,0.0,36000.0,926402.4,2112802.4,6887197.6,23.475582222222222,76.52441777777777,76.52441777777777,8.206666666666667,4.975555555555555,6.601266666666667,3.2920933333333333,0.0,0.4,男性,0,True
1995,45,40～64歳,950,9500000.0,615480.238082859,2114237.143005692,825000.0,491000.0,594671.0,311382.6,0.0,38000.0,944053.6,2260053.6,7239946.4,23.790037894736844,76.20996210526316,76.20996210526316,8.68421052631579,5.1684210526315795,6.259694736842106,3.2777115789473683,0.0,0.4,男性,0,True
1995,45,40～64歳,1000,10000000.0,647873.934824062,2225512.782111256,911600.0,534300.0,595227.0,326476.2,0.0,40000.0,961703.2,2407603.2,7592396.8,24.076032,75.923968,75.923968,9.116,5.343,5.9522699999999995,3.264762,0.0,0.4,男性,0,True
1995,45,40～64歳,1050,10500000.0,680267.6315652651,2336788.4212168185,1003000.0,580000.0,595783.0,341569.8,0.0,42000.0,979352.8,2562352.8,7937647.2,24.40336,75.59664000000001,75.59664000000001,9.552380952380952,5.523809523809524,5.67412380952381,3.2530457142857143,0.0,0.4,男性,0,True
1995,45,40～64歳,1100,11000000.0,712661.3283064682,2448064.060322381,1094400.0,646800.0,596340.0,356664.0,0.0,44000.0,997004.0,2738204.0,8261796.0,24.892763636363636,75.10723636363636,75.10723636363636,9.94909090909091,5.88,5.4212727272727275,3.2424,0.0,0.4,男性,0,True
1995,45,40～64歳,1150,11500000.0,745055.0250476714,2559339.6994279437,1185000.0,714700.0,596896.0,376677.6,0.0,46000.0,1019573.6,2919273.6,8580726.4,25.384987826086956,74.61501217391304,74.61501217391304,10.304347826086957,6.214782608695653,5.1903999999999995,3.2754573913043474,0.0,0.4,男性,0,True
1995,45,40～64歳,1200,12000000.0,777448.7217888745,2670615.3385335063,1275400.0,782500.0,597453.0,396691.8,0.0,48000.0,1042144.8,3100044.8,8899955.2,25.833706666666668,74.16629333333333,74.16629333333333,10.628333333333332,6.520833333333333,4.978775,3.305765,0.0,0.4,男性,0,True
1995,45,40～64歳,1250,12500000.0,809842.4185300776,2781890.977639069,1369800.0,853300.0,598009.0,397025.4,0.0,50000.0,1045034.4,3268134.4,9231865.6,26.1450752,73.85492479999999,73.85492479999999,10.9584,6.8264000000000005,4.784072,3.1762032000000002,0.0,0.4,男性,0,True
1995,45,40～64歳,1300,13000000.0,842236.1152712806,2893166.6167446314,1480600.0,921300.0,598565.0,417039.0,0.0,52000.0,1067604.0,3469504.0,9530496.0,26.688492307692307,73.31150769230769,73.31150769230769,11.38923076923077,7.086923076923076,4.604346153846154,3.2079923076923076,0.0,0.4,男性,0,True
1995,45,40～64歳,1350,13500000.0,874629.8120124838,3004442.255850194,1614700.0,988300.0,599122.0,441973.2,0.0,54000.0,1095095.2,3698095.2,9801904.8,27.393297777777782,72.60670222222222,72.60670222222222,11.960740740740741,7.3207407407407405,4.437940740740741,3.2738755555555556,0.0,0.4,男性,0,True
1995,45,40～64歳,1400,14000000.0,907023.5087536869,3115717.894955758,1749100.0,1055500.0,599678.0,466906.8,0.0,56000.0,1122584.8,3927184.8,10072815.2,28.051319999999997,71.94868,71.94868,12.493571428571428,7.539285714285714,4.283414285714286,3.335048571428571,0.0,0.4,男性,0,True
1995,45,40～64歳,1450,14500000.0,939417.2054948899,3226993.5340613206,1890700.0,1126300.0,600234.0,467240.4,0.0,58000.0,1125474.4,4142474.4,10357525.599999998,28.568788965517243,71.43121103448276,71.43121103448276,13.039310344827587,7.767586206896553,4.1395448275862075,3.2223475862068973,0.0,0.4,男性,0,True
1995,45,40～64歳,1500,15000000.0,971810.9022360931,3338269.173166883,2025100.0,1193500.0,600791.0,492174.6,0.0,60000.0,1152965.6,4371565.6,10628434.4,29.14377066666666,70.85622933333333,70.85622933333333,13.500666666666666,7.956666666666666,4.005273333333333,3.2811639999999995,0.0,0.4,男性,0,True
1996,35,20～39歳,200,2000000.0,129965.20277201169,440417.5667358596,54400.0,38000.0,128548.5,63313.2,0.0,8000.0,199861.7,292261.7,1707738.3,14.613085,85.386915,85.386915,2.7199999999999998,1.9,6.427425,3.16566,0.0,0.4,男性,0,True
1996,35,20～39歳,250,2500000.0,162456.50346501463,550521.9584198246,79500.0,52800.0,163192.0,80371.2,0.0,10000.0,253563.2,385863.2,2114136.8,15.434528,84.565472,84.565472,3.18,2.112,6.527679999999999,3.214848,0.0,0.4,男性,0,True
1996,35,20～39歳,300,3000000.0,194947.80415801753,660626.3501037896,105200.0,67900.0,193825.5,95461.8,0.0,12000.0,301287.3,474387.3,2525612.7,15.812909999999999,84.18709000000001,84.18709000000001,3.506666666666667,2.263333333333333,6.46085,3.1820600000000003,0.0,0.4,男性,0,True
1996,35,20～39歳,350,3500000.0,227439.10485102047,770730.7417877546,130900.0,83000.0,224458.0,110551.8,0.0,14000.0,349009.8,562909.8,2937090.2,16.083137142857144,83.91686285714286,83.91686285714286,3.74,2.3714285714285714,6.413085714285714,3.1586228571428574,0.0,0.4,男性,0,True
1996,35,20～39歳,400,4000000.0,259930.40554402338,880835.1334717192,158700.0,99400.0,265119.0,130562.4,0.0,16000.0,411681.4,669781.4,3330218.6,16.744535,83.255465,83.255465,3.9675000000000002,2.485,6.627975,3.2640599999999997,0.0,0.4,男性,0,True
1996,35,20～39歳,450,4500000.0,292421.7062370263,990939.5251556842,187400.0,129000.0,305779.0,150572.4,0.0,18000.0,474351.4,790751.4,3709248.6,17.572253333333336,82.42774666666666,82.42774666666666,4.164444444444444,2.8666666666666667,6.795088888888889,3.3460533333333333,0.0,0.4,男性,0,True
1996,35,20～39歳,500,5000000.0,324913.00693002925,1101043.9168396492,218600.0,165700.0,326385.0,160743.0,0.0,20000.0,507128.0,891428.0,4108572.0,17.82856,82.17143999999999,82.17143999999999,4.372,3.314,6.5277,3.21486,0.0,0.4,男性,0,True
1996,35,20～39歳,550,5500000.0,357404.30762303213,1211148.3085236142,247300.0,199500.0,367045.0,180753.0,0.0,22000.0,569798.0,1016598.0,4483402.0,18.4836,81.5164,81.5164,4.496363636363636,3.6272727272727274,6.6735454545454544,3.286418181818182,0.0,0.4,男性,0,True
1996,35,20～39歳,600,6000000.0,389895.60831603507,1321252.7002075792,278500.0,236200.0,387651.0,190923.6,0.0,24000.0,602574.6,1117274.6,4882725.4,18.621243333333336,81.37875666666667,81.37875666666667,4.641666666666667,3.936666666666667,6.46085,3.1820600000000003,0.0,0.4,男性,0,True
1996,35,20～39歳,650,6500000.0,422386.909009038,1431357.0918915435,345800.0,271400.0,418283.5,206013.6,0.0,26000.0,650297.1,1267497.1,5232502.9,19.499955384615387,80.50004461538462,80.50004461538462,5.319999999999999,4.1753846153846155,6.43513076923077,3.16944,0.0,0.4,男性,0,True
1996,35,20～39歳,700,7000000.0,454878.20970204094,1541461.4835755092,424200.0,310600.0,448917.0,221104.2,0.0,28000.0,698021.2,1432821.2,5567178.8,20.468874285714286,79.53112571428571,79.53112571428571,6.0600000000000005,4.437142857142857,6.413099999999999,3.1586314285714288,0.0,0.4,男性,0,True
1996,35,20～39歳,750,7500000.0,487369.5103950439,1651565.8752594735,495800.0,346400.0,509632.0,250954.2,0.0,30000.0,790586.2,1632786.2,5867213.8,21.770482666666666,78.22951733333333,78.22951733333333,6.610666666666666,4.618666666666667,6.795093333333334,3.346056,0.0,0.4,男性,0,True
1996,35,20～39歳,800,8000000.0,519860.81108804676,1761670.2669434384,576200.0,386600.0,540265.5,266044.8,0.0,32000.0,838310.3,1801110.3,6198889.7,22.51387875,77.48612125000001,77.48612125000001,7.202500000000001,4.8325,6.753318749999999,3.3255599999999994,0.0,0.4,男性,0,True
1996,35,20～39歳,850,8500000.0,552352.1117810498,1871774.6586274034,656600.0,426800.0,570898.0,281134.8,0.0,34000.0,886032.8,1969432.8,6530567.2,23.169797647058825,76.83020235294119,76.83020235294119,7.724705882352942,5.021176470588236,6.71644705882353,3.3074682352941176,0.0,0.4,男性,0,True
1996,35,20～39歳,900,9000000.0,584843.4124740526,1981879.0503113684,737200.0,467100.0,601531.5,296225.4,0.0,36000.0,933756.9,2138056.9,6861943.1,23.756187777777775,76.24381222222222,76.24381222222222,8.19111111111111,5.19,6.683683333333333,3.291393333333333,0.0,0.4,男性,0,True
1996,35,20～39歳,950,9500000.0,617334.7131670555,2091983.4419953334,823600.0,510300.0,602081.5,311315.4,0.0,38000.0,951396.9,2285296.9,7214703.1,24.05575684210526,75.94424315789473,75.94424315789473,8.669473684210526,5.371578947368421,6.3377,3.2770042105263157,0.0,0.4,男性,0,True
1996,35,20～39歳,1000,10000000.0,649826.0138600585,2202087.8336792984,910000.0,553500.0,602632.5,326406.0,0.0,40000.0,969038.5,2432538.5,7567461.5,24.325385,75.674615,75.674615,9.1,5.535,6.026325,3.2640599999999997,0.0,0.4,男性,0,True
1996,35,20～39歳,1050,10500000.0,682317.3145530614,2312192.2253632634,1001600.0,599300.0,603182.5,341496.0,0.0,42000.0,986678.5,2587578.5,7912421.5,24.64360476190476,75.35639523809525,75.35639523809525,9.539047619047619,5.707619047619048,5.744595238095238,3.252342857142857,0.0,0.4,男性,0,True
1996,35,20～39歳,1100,11000000.0,714808.6152460643,2422296.6170472284,1093000.0,665700.0,603733.5,356586.6,0.0,44000.0,1004320.1,2763020.1,8236979.9,25.118364545454547,74.88163545454546,74.88163545454546,9.936363636363636,6.051818181818182,5.488486363636364,3.2416963636363634,0.0,0.4,男性,0,True
1996,35,20～39歳,1150,11500000.0,747299.9159390673,2532401.0087311934,1183600.0,733700.0,604284.5,376597.2,0.0,46000.0,1026881.7,2944181.7,8555818.3,25.601580000000002,74.39842000000002,74.39842000000002,10.292173913043479,6.38,5.2546478260869565,3.2747582608695653,0.0,0.4,男性,0,True
1996,35,20～39歳,1200,12000000.0,779791.2166320701,2642505.4004151584,1274000.0,801500.0,604834.5,396607.2,0.0,48000.0,1049441.7,3124941.7,8875058.3,26.041180833333332,73.95881916666667,73.95881916666667,10.616666666666667,6.679166666666666,5.0402875,3.30506,0.0,0.4,男性,0,True
1996,35,20～39歳,1250,12500000.0,812282.5173250731,2752609.792099122,1364400.0,869300.0,605385.5,416617.8,0.0,50000.0,1072003.3,3305703.3,9194296.7,26.4456264,73.55437359999999,73.55437359999999,10.9152,6.9544,4.843084,3.3329423999999994,0.0,0.4,男性,0,True
1996,35,20～39歳,1300,13000000.0,844773.818018076,2862714.183783087,1478500.0,940200.0,605935.5,416947.8,0.0,52000.0,1074883.3,3493583.3,9506416.7,26.873717692307693,73.1262823076923,73.1262823076923,11.373076923076923,7.232307692307692,4.661042307692307,3.207290769230769,0.0,0.4,男性,0,True
1996,35,20～39歳,1350,13500000.0,877265.118711079,2972818.575467052,1612600.0,1007300.0,606486.5,441878.4,0.0,54000.0,1102364.9,3722264.9,9777735.1,27.57233259259259,72.4276674074074,72.4276674074074,11.945185185185185,7.461481481481481,4.492492592592592,3.2731733333333333,0.0,0.4,男性,0,True
1996,35,20～39歳,1400,14000000.0,909756.4194040819,3082922.9671510183,1747000.0,1074500.0,607036.5,466808.4,0.0,56000.0,1129844.9,3951344.9,10048655.1,28.223892142857142,71.77610785714286,71.77610785714286,12.47857142857143,7.675,4.335975,3.3343457142857145,0.0,0.4,男性,0,True
1996,35,20～39歳,1450,14500000.0,942247.7200970848,3193027.358834982,1888600.0,1145300.0,607587.5,467139.0,0.0,58000.0,1132726.5,4166626.5,10333373.5,28.735355172413797,71.26464482758621,71.26464482758621,13.024827586206897,7.898620689655172,4.190258620689655,3.2216482758620693,0.0,0.4,男性,0,True
1996,35,20～39歳,1500,15000000.0,974739.0207900878,3303131.750518947,2022700.0,1212300.0,608137.5,492069.0,0.0,60000.0,1160206.5,4395206.5,10604793.5,29.301376666666666,70.69862333333333,70.69862333333333,13.484666666666667,8.082,4.054250000000001,3.28046,0.0,0.4,男性,0,True
1996,45,40～64歳,200,2000000.0,129965.20277201169,440417.5667358596,54400.0,38000.0,128548.5,63313.2,0.0,8000.0,199861.7,292261.7,1707738.3,14.613085,85.386915,85.386915,2.7199999999999998,1.9,6.427425,3.16566,0.0,0.4,男性,0,True
1996,45,40～64歳,250,2500000.0,162456.50346501463,550521.9584198246,79500.0,52800.0,163192.0,80371.2,0.0,10000.0,253563.2,385863.2,2114136.8,15.434528,84.565472,84.565472,3.18,2.112,6.527679999999999,3.214848,0.0,0.4,男性,0,True
1996,45,40～64歳,300,3000000.0,194947.80415801753,660626.3501037896,105200.0,67900.0,193825.5,95461.8,0.0,12000.0,301287.3,474387.3,2525612.7,15.812909999999999,84.18709000000001,84.18709000000001,3.506666666666667,2.263333333333333,6.46085,3.1820600000000003,0.0,0.4,男性,0,True
1996,45,40～64歳,350,3500000.0,227439.10485102047,770730.7417877546,130900.0,83000.0,224458.0,110551.8,0.0,14000.0,349009.8,562909.8,2937090.2,16.083137142857144,83.91686285714286,83.91686285714286,3.74,2.3714285714285714,6.413085714285714,3.1586228571428574,0.0,0.4,男性,0,True
1996,45,40～64歳,400,4000000.0,259930.40554402338,880835.1334717192,158700.0,99400.0,265119.0,130562.4,0.0,16000.0,411681.4,669781.4,3330218.6,16.744535,83.255465,83.255465,3.9675000000000002,2.485,6.627975,3.2640599999999997,0.0,0.4,男性,0,True
1996,45,40～64歳,450,4500000.0,292421.7062370263,990939.5251556842,187400.0,129000.0,305779.0,150572.4,0.0,18000.0,474351.4,790751.4,3709248.6,17.572253333333336,82.42774666666666,82.42774666666666,4.164444444444444,2.8666666666666667,6.795088888888889,3.3460533333333333,0.0,0.4,男性,0,True
1996,45,40～64歳,500,5000000.0,324913.00693002925,1101043.9168396492,218600.0,165700.0,326385.0,160743.0,0.0,20000.0,507128.0,891428.0,4108572.0,17.82856,82.17143999999999,82.17143999999999,4.372,3.314,6.5277,3.21486,0.0,0.4,男性,0,True
1996,45,40～64歳,550,5500000.0,357404.30762303213,1211148.3085236142,247300.0,199500.0,367045.0,180753.0,0.0,22000.0,569798.0,1016598.0,4483402.0,18.4836,81.5164,81.5164,4.496363636363636,3.6272727272727274,6.6735454545454544,3.286418181818182,0.0,0.4,男性,0,True
1996,45,40～64歳,600,6000000.0,389895.60831603507,1321252.7002075792,278500.0,236200.0,387651.0,190923.6,0.0,24000.0,602574.6,1117274.6,4882725.4,18.621243333333336,81.37875666666667,81.37875666666667,4.641666666666667,3.936666666666667,6.46085,3.1820600000000003,0.0,0.4,男性,0,True
1996,45,40～64歳,650,6500000.0,422386.909009038,1431357.0918915435,345800.0,271400.0,418283.5,206013.6,0.0,26000.0,650297.1,1267497.1,5232502.9,19.499955384615387,80.50004461538462,80.50004461538462,5.319999999999999,4.1753846153846155,6.43513076923077,3.16944,0.0,0.4,男性,0,True
1996,45,40～64歳,700,7000000.0,454878.20970204094,1541461.4835755092,424200.0,310600.0,448917.0,221104.2,0.0,28000.0,698021.2,1432821.2,5567178.8,20.468874285714286,79.53112571428571,79.53112571428571,6.0600000000000005,4.437142857142857,6.413099999999999,3.1586314285714288,0.0,0.4,男性,0,True
1996,45,40～64歳,750,7500000.0,487369.5103950439,1651565.8752594735,495800.0,346400.0,509632.0,250954.2,0.0,30000.0,790586.2,1632786.2,5867213.8,21.770482666666666,78.22951733333333,78.22951733333333,6.610666666666666,4.618666666666667,6.795093333333334,3.346056,0.0,0.4,男性,0,True
1996,45,40～64歳,800,8000000.0,519860.81108804676,1761670.2669434384,576200.0,386600.0,540265.5,266044.8,0.0,32000.0,838310.3,1801110.3,6198889.7,22.51387875,77.48612125000001,77.48612125000001,7.202500000000001,4.8325,6.753318749999999,3.3255599999999994,0.0,0.4,男性,0,True
1996,45,40～64歳,850,8500000.0,552352.1117810498,1871774.6586274034,656600.0,426800.0,570898.0,281134.8,0.0,34000.0,886032.8,1969432.8,6530567.2,23.169797647058825,76.83020235294119,76.83020235294119,7.724705882352942,5.021176470588236,6.71644705882353,3.3074682352941176,0.0,0.4,男性,0,True
1996,45,40～64歳,900,9000000.0,584843.4124740526,1981879.0503113684,737200.0,467100.0,601531.5,296225.4,0.0,36000.0,933756.9,2138056.9,6861943.1,23.756187777777775,76.24381222222222,76.24381222222222,8.19111111111111,5.19,6.683683333333333,3.291393333333333,0.0,0.4,男性,0,True
1996,45,40～64歳,950,9500000.0,617334.7131670555,2091983.4419953334,823600.0,510300.0,602081.5,311315.4,0.0,38000.0,951396.9,2285296.9,7214703.1,24.05575684210526,75.94424315789473,75.94424315789473,8.669473684210526,5.371578947368421,6.3377,3.2770042105263157,0.0,0.4,男性,0,True
1996,45,40～64歳,1000,10000000.0,649826.0138600585,2202087.8336792984,910000.0,553500.0,602632.5,326406.0,0.0,40000.0,969038.5,2432538.5,7567461.5,24.325385,75.674615,75.674615,9.1,5.535,6.026325,3.2640599999999997,0.0,0.4,男性,0,True
1996,45,40～64歳,1050,10500000.0,682317.3145530614,2312192.2253632634,1001600.0,599300.0,603182.5,341496.0,0.0,42000.0,986678.5,2587578.5,7912421.5,24.64360476190476,75.35639523809525,75.35639523809525,9.539047619047619,5.707619047619048,5.744595238095238,3.252342857142857,0.0,0.4,男性,0,True
1996,45,40～64歳,1100,11000000.0,714808.6152460643,2422296.6170472284,1093000.0,665700.0,603733.5,356586.6,0.0,44000.0,1004320.1,2763020.1,8236979.9,25.118364545454547,74.88163545454546,74.88163545454546,9.936363636363636,6.051818181818182,5.488486363636364,3.2416963636363634,0.0,0.4,男性,0,True
1996,45,40～64歳,1150,11500000.0,747299.9159390673,2532401.0087311934,1183600.0,733700.0,604284.5,376597.2,0.0,46000.0,1026881.7,2944181.7,8555818.3,25.601580000000002,74.39842000000002,74.39842000000002,10.292173913043479,6.38,5.2546478260869565,3.2747582608695653,0.0,0.4,男性,0,True
1996,45,40～64歳,1200,12000000.0,779791.2166320701,2642505.4004151584,1274000.0,801500.0,604834.5,396607.2,0.0,48000.0,1049441.7,3124941.7,8875058.3,26.041180833333332,73.95881916666667,73.95881916666667,10.616666666666667,6.679166666666666,5.0402875,3.30506,0.0,0.4,男性,0,True
1996,45,40～64歳,1250,12500000.0,812282.5173250731,2752609.792099122,1364400.0,869300.0,605385.5,416617.8,0.0,50000.0,1072003.3,3305703.3,9194296.7,26.4456264,73.55437359999999,73.55437359999999,10.9152,6.9544,4.843084,3.3329423999999994,0.0,0.4,男性,0,True
1996,45,40～64歳,1300,13000000.0,844773.818018076,2862714.183783087,1478500.0,940200.0,605935.5,416947.8,0.0,52000.0,1074883.3,3493583.3,9506416.7,26.873717692307693,73.1262823076923,73.1262823076923,11.373076923076923,7.232307692307692,4.661042307692307,3.207290769230769,0.0,0.4,男性,0,True
1996,45,40～64歳,1350,13500000.0,877265.118711079,2972818.575467052,1612600.0,1007300.0,606486.5,441878.4,0.0,54000.0,1102364.9,3722264.9,9777735.1,27.57233259259259,72.4276674074074,72.4276674074074,11.945185185185185,7.461481481481481,4.492492592592592,3.2731733333333333,0.0,0.4,男性,0,True
1996,45,40～64歳,1400,14000000.0,909756.4194040819,3082922.9671510183,1747000.0,1074500.0,607036.5,466808.4,0.0,56000.0,1129844.9,3951344.9,10048655.1,28.223892142857142,71.77610785714286,71.77610785714286,12.47857142857143,7.675,4.335975,3.3343457142857145,0.0,0.4,男性,0,True
1996,45,40～64歳,1450,14500000.0,942247.7200970848,3193027.358834982,1888600.0,1145300.0,607587.5,467139.0,0.0,58000.0,1132726.5,4166626.5,10333373.5,28.735355172413797,71.26464482758621,71.26464482758621,13.024827586206897,7.898620689655172,4.190258620689655,3.2216482758620693,0.0,0.4,男性,0,True
1996,45,40～64歳,1500,15000000.0,974739.0207900878,3303131.750518947,2022700.0,1212300.0,608137.5,492069.0,0.0,60000.0,1160206.5,4395206.5,10604793.5,29.301376666666666,70.69862333333333,70.69862333333333,13.484666666666667,8.082,4.054250000000001,3.28046,0.0,0.4,男性,0,True
1997,35,20～39歳,200,2000000.0,129559.05805046037,445291.3033944754,63400.0,20700.0,133392.0,64083.6,0.0,8000.0,205475.6,289575.6,1710424.4,14.478779999999999,85.52122,85.52122,3.17,1.035,6.669600000000001,3.20418,0.0,0.4,男性,0,True
1997,35,20～39歳,250,2500000.0,161948.8225630755,556614.1292430942,92900.0,35400.0,169343.0,81349.8,0.0,10000.0,260692.8,388992.8,2111007.2,15.559712000000001,84.44028800000001,84.44028800000001,3.7159999999999997,1.4160000000000001,6.77372,3.253992,0.0,0.4,男性,0,True
1997,35,20～39歳,300,3000000.0,194338.58707569056,667936.9550917132,123000.0,50500.0,201129.0,96623.4,0.0,12000.0,309752.4,483252.4,2516747.6,16.108413333333335,83.89158666666667,83.89158666666667,4.1000000000000005,1.6833333333333331,6.704300000000001,3.2207799999999995,0.0,0.4,男性,0,True
1997,35,20～39歳,350,3500000.0,226728.35158830567,779259.7809403322,153100.0,65500.0,232916.0,111897.6,0.0,14000.0,358813.6,577413.6,2922586.4,16.497531428571428,83.50246857142857,83.50246857142857,4.3742857142857146,1.8714285714285714,6.654742857142858,3.197074285714286,0.0,0.4,男性,0,True
1997,35,20～39歳,400,4000000.0,259118.11610092074,890582.6067889509,185600.0,81800.0,275112.0,132151.2,0.0,16000.0,423263.2,690663.2,3309336.8,17.266579999999998,82.73342,82.73342,4.64,2.045,6.877800000000001,3.3037800000000006,0.0,0.4,男性,0,True
1997,35,20～39歳,450,4500000.0,291507.8806135359,1001905.4326375695,219200.0,110700.0,317309.0,152405.4,0.0,18000.0,487714.4,817614.4,3682385.6,18.16920888888889,81.83079111111111,81.83079111111111,4.8711111111111105,2.46,7.051311111111111,3.386786666666666,0.0,0.4,男性,0,True
1997,35,20～39歳,500,5000000.0,323897.645126151,1113228.2584861885,255800.0,147300.0,338686.0,162699.6,0.0,20000.0,521385.6,924485.6,4075514.4,18.489712,81.510288,81.510288,5.116,2.946,6.77372,3.253992,0.0,0.4,男性,0,True
1997,35,20～39歳,550,5500000.0,356287.409638766,1224551.0843348075,289400.0,180900.0,380882.0,182953.2,0.0,22000.0,585835.2,1056135.2,4443864.8,19.20245818181818,80.79754181818181,80.79754181818181,5.261818181818182,3.289090909090909,6.9251272727272735,3.326421818181818,0.0,0.4,男性,0,True
1997,35,20～39歳,600,6000000.0,388677.1741513811,1335873.9101834265,326000.0,217500.0,402259.0,193247.4,0.0,24000.0,619506.4,1163006.4,4836993.6,19.38344,80.61655999999999,80.61655999999999,5.433333333333333,3.6249999999999996,6.704316666666667,3.2207899999999996,0.0,0.4,男性,0,True
1997,35,20～39歳,650,6500000.0,421066.93866399623,1447196.7360320447,392200.0,252600.0,434045.0,208521.0,0.0,26000.0,668566.0,1313366.0,5186633.999999999,20.205630769230773,79.79436923076922,79.79436923076922,6.033846153846155,3.8861538461538467,6.677615384615386,3.208015384615385,0.0,0.4000000000000001,男性,0,True
1997,35,20～39歳,700,7000000.0,453456.70317661134,1558519.5618806644,470400.0,291700.0,465832.0,223795.2,0.0,28000.0,717627.2,1479727.2,5520272.8,21.138959999999997,78.86103999999999,78.86103999999999,6.72,4.167142857142857,6.654742857142858,3.197074285714286,0.0,0.4,男性,0,True
1997,35,20～39歳,750,7500000.0,485846.46768922644,1669842.3877292827,541400.0,327200.0,528849.0,254009.4,0.0,30000.0,812858.4,1681458.4,5818541.6,22.419445333333332,77.58055466666666,77.58055466666666,7.218666666666667,4.362666666666667,7.05132,3.386792,0.0,0.4,男性,0,True
1997,35,20～39歳,800,8000000.0,518236.2322018415,1781165.2135779017,621600.0,367300.0,560635.0,269283.0,0.0,32000.0,861918.0,1850818.0,6149182.0,23.135225000000002,76.864775,76.864775,7.7700000000000005,4.5912500000000005,7.0079375,3.3660375,0.0,0.4,男性,0,True
1997,35,20～39歳,850,8500000.0,550625.9967144567,1892488.03942652,701800.0,407400.0,592422.0,284557.2,0.0,34000.0,910979.2,2020179.2,6479820.8,23.76681411764706,76.23318588235294,76.23318588235294,8.256470588235294,4.792941176470588,6.969670588235294,3.347731764705882,0.0,0.4,男性,0,True
1997,35,20～39歳,900,9000000.0,583015.7612270718,2003810.865275139,781800.0,447400.0,624209.0,299831.4,0.0,36000.0,960040.4,2189240.4,6810759.6,24.324893333333332,75.67510666666666,75.67510666666666,8.686666666666666,4.971111111111111,6.935655555555556,3.33146,0.0,0.4,男性,0,True
1997,35,20～39歳,950,9500000.0,615405.5257396868,2115133.691123758,868400.0,490700.0,624765.0,315105.0,0.0,38000.0,977870.0,2336970.0,7163030.0,24.599684210526316,75.40031578947368,75.40031578947368,9.141052631578948,5.165263157894737,6.5764736842105265,3.3168947368421056,0.0,0.4,男性,0,True
1997,35,20～39歳,1000,10000000.0,647795.290252302,2226456.516972377,954800.0,533900.0,625322.0,330379.2,0.0,40000.0,995701.2,2484401.2,7515598.8,24.844012000000003,75.155988,75.155988,9.548,5.339,6.25322,3.3037919999999996,0.0,0.4,男性,0,True
1997,35,20～39歳,1050,10500000.0,680185.054764917,2337779.342820996,1046200.0,579600.0,625878.0,345652.8,0.0,42000.0,1013530.8,2639330.8,7860669.2,25.136483809523806,74.86351619047619,74.86351619047619,9.963809523809523,5.52,5.960742857142857,3.2919314285714285,0.0,0.4,男性,0,True
1997,35,20～39歳,1100,11000000.0,712574.819277532,2449102.168669615,1137600.0,644700.0,626435.0,360927.0,0.0,44000.0,1031362.0,2813662.0,8186338.0,25.578745454545455,74.42125454545454,74.42125454545454,10.341818181818182,5.860909090909091,5.694863636363636,3.2811545454545454,0.0,0.4,男性,0,True
1997,35,20～39歳,1150,11500000.0,744964.5837901472,2560424.994518234,1228000.0,712500.0,626992.0,381181.2,0.0,46000.0,1054173.2,2994673.2,8505326.8,26.04063652173913,73.95936347826087,73.95936347826087,10.678260869565218,6.195652173913044,5.452104347826086,3.314619130434783,0.0,0.4,男性,0,True
1997,35,20～39歳,1200,12000000.0,777354.3483027623,2671747.820366853,1318600.0,780400.0,627548.0,401434.8,0.0,48000.0,1076982.8,3175982.8,8824017.2,26.46652333333333,73.53347666666666,73.53347666666666,10.988333333333333,6.503333333333333,5.229566666666666,3.34529,0.0,0.4,男性,0,True
1997,35,20～39歳,1250,12500000.0,809744.1128153773,2783070.646215472,1413000.0,851200.0,628105.0,401769.0,0.0,50000.0,1079874.0,3344074.0,9155926.0,26.752591999999996,73.24740800000001,73.24740800000001,11.304,6.8096000000000005,5.02484,3.214152,0.0,0.4,男性,0,True
1997,35,20～39歳,1300,13000000.0,842133.8773279925,2894393.4720640895,1520100.0,919000.0,628661.0,422022.6,0.0,52000.0,1102683.6,3541783.6,9458216.399999999,27.244489230769236,72.75551076923077,72.75551076923077,11.693076923076925,7.069230769230771,4.835853846153847,3.2463276923076925,0.0,0.4000000000000001,男性,0,True
1997,35,20～39歳,1350,13500000.0,874523.6418406076,3005716.2979127085,1654200.0,986100.0,629218.0,447256.8,0.0,54000.0,1130474.8,3770774.8,9729225.2,27.931665185185185,72.0683348148148,72.0683348148148,12.253333333333332,7.304444444444444,4.660874074074075,3.313013333333333,0.0,0.4,男性,0,True
1997,35,20～39歳,1400,14000000.0,906913.4063532227,3117039.123761329,1788300.0,1053100.0,629775.0,472491.0,0.0,56000.0,1158266.0,3999666.0,10000334.0,28.569042857142858,71.43095714285714,71.43095714285714,12.77357142857143,7.522142857142858,4.498392857142857,3.3749357142857144,0.0,0.4,男性,0,True
1997,35,20～39歳,1450,14500000.0,939303.1708658377,3228361.9496099465,1929900.0,1123900.0,630331.0,472824.6,0.0,58000.0,1161155.6,4214955.6,10285044.4,29.068659310344824,70.93134068965517,70.93134068965517,13.309655172413793,7.75103448275862,4.347110344827587,3.2608593103448276,0.0,0.4,男性,0,True
1997,35,20～39歳,1500,15000000.0,971692.9353784529,3339684.7754585654,2064300.0,1191100.0,630888.0,498058.8,0.0,60000.0,1188946.8,4444346.8,10555653.2,29.628978666666665,70.37102133333333,70.37102133333333,13.761999999999999,7.940666666666667,4.20592,3.320392,0.0,0.4,男性,0,True
1997,45,40～64歳,200,2000000.0,129559.05805046037,445291.3033944754,63400.0,20700.0,133392.0,64083.6,0.0,8000.0,205475.6,289575.6,1710424.4,14.478779999999999,85.52122,85.52122,3.17,1.035,6.669600000000001,3.20418,0.0,0.4,男性,0,True
1997,45,40～64歳,250,2500000.0,161948.8225630755,556614.1292430942,92900.0,35400.0,169343.0,81349.8,0.0,10000.0,260692.8,388992.8,2111007.2,15.559712000000001,84.44028800000001,84.44028800000001,3.7159999999999997,1.4160000000000001,6.77372,3.253992,0.0,0.4,男性,0,True
1997,45,40～64歳,300,3000000.0,194338.58707569056,667936.9550917132,123000.0,50500.0,201129.0,96623.4,0.0,12000.0,309752.4,483252.4,2516747.6,16.108413333333335,83.89158666666667,83.89158666666667,4.1000000000000005,1.6833333333333331,6.704300000000001,3.2207799999999995,0.0,0.4,男性,0,True
1997,45,40～64歳,350,3500000.0,226728.35158830567,779259.7809403322,153100.0,65500.0,232916.0,111897.6,0.0,14000.0,358813.6,577413.6,2922586.4,16.497531428571428,83.50246857142857,83.50246857142857,4.3742857142857146,1.8714285714285714,6.654742857142858,3.197074285714286,0.0,0.4,男性,0,True
1997,45,40～64歳,400,4000000.0,259118.11610092074,890582.6067889509,185600.0,81800.0,275112.0,132151.2,0.0,16000.0,423263.2,690663.2,3309336.8,17.266579999999998,82.73342,82.73342,4.64,2.045,6.877800000000001,3.3037800000000006,0.0,0.4,男性,0,True
1997,45,40～64歳,450,4500000.0,291507.8806135359,1001905.4326375695,219200.0,110700.0,317309.0,152405.4,0.0,18000.0,487714.4,817614.4,3682385.6,18.16920888888889,81.83079111111111,81.83079111111111,4.8711111111111105,2.46,7.051311111111111,3.386786666666666,0.0,0.4,男性,0,True
1997,45,40～64歳,500,5000000.0,323897.645126151,1113228.2584861885,255800.0,147300.0,338686.0,162699.6,0.0,20000.0,521385.6,924485.6,4075514.4,18.489712,81.510288,81.510288,5.116,2.946,6.77372,3.253992,0.0,0.4,男性,0,True
1997,45,40～64歳,550,5500000.0,356287.409638766,1224551.0843348075,289400.0,180900.0,380882.0,182953.2,0.0,22000.0,585835.2,1056135.2,4443864.8,19.20245818181818,80.79754181818181,80.79754181818181,5.261818181818182,3.289090909090909,6.9251272727272735,3.326421818181818,0.0,0.4,男性,0,True
1997,45,40～64歳,600,6000000.0,388677.1741513811,1335873.9101834265,326000.0,217500.0,402259.0,193247.4,0.0,24000.0,619506.4,1163006.4,4836993.6,19.38344,80.61655999999999,80.61655999999999,5.433333333333333,3.6249999999999996,6.704316666666667,3.2207899999999996,0.0,0.4,男性,0,True
1997,45,40～64歳,650,6500000.0,421066.93866399623,1447196.7360320447,392200.0,252600.0,434045.0,208521.0,0.0,26000.0,668566.0,1313366.0,5186633.999999999,20.205630769230773,79.79436923076922,79.79436923076922,6.033846153846155,3.8861538461538467,6.677615384615386,3.208015384615385,0.0,0.4000000000000001,男性,0,True
1997,45,40～64歳,700,7000000.0,453456.70317661134,1558519.5618806644,470400.0,291700.0,465832.0,223795.2,0.0,28000.0,717627.2,1479727.2,5520272.8,21.138959999999997,78.86103999999999,78.86103999999999,6.72,4.167142857142857,6.654742857142858,3.197074285714286,0.0,0.4,男性,0,True
1997,45,40～64歳,750,7500000.0,485846.46768922644,1669842.3877292827,541400.0,327200.0,528849.0,254009.4,0.0,30000.0,812858.4,1681458.4,5818541.6,22.419445333333332,77.58055466666666,77.58055466666666,7.218666666666667,4.362666666666667,7.05132,3.386792,0.0,0.4,男性,0,True
1997,45,40～64歳,800,8000000.0,518236.2322018415,1781165.2135779017,621600.0,367300.0,560635.0,269283.0,0.0,32000.0,861918.0,1850818.0,6149182.0,23.135225000000002,76.864775,76.864775,7.7700000000000005,4.5912500000000005,7.0079375,3.3660375,0.0,0.4,男性,0,True
1997,45,40～64歳,850,8500000.0,550625.9967144567,1892488.03942652,701800.0,407400.0,592422.0,284557.2,0.0,34000.0,910979.2,2020179.2,6479820.8,23.76681411764706,76.23318588235294,76.23318588235294,8.256470588235294,4.792941176470588,6.969670588235294,3.347731764705882,0.0,0.4,男性,0,True
1997,45,40～64歳,900,9000000.0,583015.7612270718,2003810.865275139,781800.0,447400.0,624209.0,299831.4,0.0,36000.0,960040.4,2189240.4,6810759.6,24.324893333333332,75.67510666666666,75.67510666666666,8.686666666666666,4.971111111111111,6.935655555555556,3.33146,0.0,0.4,男性,0,True
1997,45,40～64歳,950,9500000.0,615405.5257396868,2115133.691123758,868400.0,490700.0,624765.0,315105.0,0.0,38000.0,977870.0,2336970.0,7163030.0,24.599684210526316,75.40031578947368,75.40031578947368,9.141052631578948,5.165263157894737,6.5764736842105265,3.3168947368421056,0.0,0.4,男性,0,True
1997,45,40～64歳,1000,10000000.0,647795.290252302,2226456.516972377,954800.0,533900.0,625322.0,330379.2,0.0,40000.0,995701.2,2484401.2,7515598.8,24.844012000000003,75.155988,75.155988,9.548,5.339,6.25322,3.3037919999999996,0.0,0.4,男性,0,True
1997,45,40～64歳,1050,10500000.0,680185.054764917,2337779.342820996,1046200.0,579600.0,625878.0,345652.8,0.0,42000.0,1013530.8,2639330.8,7860669.2,25.136483809523806,74.86351619047619,74.86351619047619,9.963809523809523,5.52,5.960742857142857,3.2919314285714285,0.0,0.4,男性,0,True
1997,45,40～64歳,1100,11000000.0,712574.819277532,2449102.168669615,1137600.0,644700.0,626435.0,360927.0,0.0,44000.0,1031362.0,2813662.0,8186338.0,25.578745454545455,74.42125454545454,74.42125454545454,10.341818181818182,5.860909090909091,5.694863636363636,3.2811545454545454,0.0,0.4,男性,0,True
1997,45,40～64歳,1150,11500000.0,744964.5837901472,2560424.994518234,1228000.0,712500.0,626992.0,381181.2,0.0,46000.0,1054173.2,2994673.2,8505326.8,26.04063652173913,73.95936347826087,73.95936347826087,10.678260869565218,6.195652173913044,5.452104347826086,3.314619130434783,0.0,0.4,男性,0,True
1997,45,40～64歳,1200,12000000.0,777354.3483027623,2671747.820366853,1318600.0,780400.0,627548.0,401434.8,0.0,48000.0,1076982.8,3175982.8,8824017.2,26.46652333333333,73.53347666666666,73.53347666666666,10.988333333333333,6.503333333333333,5.229566666666666,3.34529,0.0,0.4,男性,0,True
1997,45,40～64歳,1250,12500000.0,809744.1128153773,2783070.646215472,1413000.0,851200.0,628105.0,401769.0,0.0,50000.0,1079874.0,3344074.0,9155926.0,26.752591999999996,73.24740800000001,73.24740800000001,11.304,6.8096000000000005,5.02484,3.214152,0.0,0.4,男性,0,True
1997,45,40～64歳,1300,13000000.0,842133.8773279925,2894393.4720640895,1520100.0,919000.0,628661.0,422022.6,0.0,52000.0,1102683.6,3541783.6,9458216.399999999,27.244489230769236,72.75551076923077,72.75551076923077,11.693076923076925,7.069230769230771,4.835853846153847,3.2463276923076925,0.0,0.4000000000000001,男性,0,True
1997,45,40～64歳,1350,13500000.0,874523.6418406076,3005716.2979127085,1654200.0,986100.0,629218.0,447256.8,0.0,54000.0,1130474.8,3770774.8,9729225.2,27.931665185185185,72.0683348148148,72.0683348148148,12.253333333333332,7.304444444444444,4.660874074074075,3.313013333333333,0.0,0.4,男性,0,True
1997,45,40～64歳,1400,14000000.0,906913.4063532227,3117039.123761329,1788300.0,1053100.0,629775.0,472491.0,0.0,56000.0,1158266.0,3999666.0,10000334.0,28.569042857142858,71.43095714285714,71.43095714285714,12.77357142857143,7.522142857142858,4.498392857142857,3.3749357142857144,0.0,0.4,男性,0,True
1997,45,40～64歳,1450,14500000.0,939303.1708658377,3228361.9496099465,1929900.0,1123900.0,630331.0,472824.6,0.0,58000.0,1161155.6,4214955.6,10285044.4,29.068659310344824,70.93134068965517,70.93134068965517,13.309655172413793,7.75103448275862,4.347110344827587,3.2608593103448276,0.0,0.4,男性,0,True
1997,45,40～64歳,1500,15000000.0,971692.9353784529,3339684.7754585654,2064300.0,1191100.0,630888.0,498058.8,0.0,60000.0,1188946.8,4444346.8,10555653.2,29.628978666666665,70.37102133333333,70.37102133333333,13.761999999999999,7.940666666666667,4.20592,3.320392,0.0,0.4,男性,0,True
1998,35,20～39歳,200,2000000.0,130955.12139568069,428538.5432518316,24000.0,31900.0,141636.0,69625.2,0.0,8000.0,219261.2,275161.2,1724838.7999999998,13.758060000000002,86.24194,86.24194,1.2000000000000002,1.5950000000000002,7.0818,3.4812600000000007,0.0,0.4,男性,0,True
1998,35,20～39歳,250,2500000.0,163693.90174460088,535673.1790647896,54700.0,45000.0,169238.0,83206.8,0.0,10000.0,262444.8,362144.8,2137855.2,14.485792,85.514208,85.514208,2.188,1.7999999999999998,6.76952,3.328272,0.0,0.4,男性,0,True
1998,35,20～39歳,300,3000000.0,196432.68209352106,642807.8148777473,83200.0,57100.0,211414.0,103928.4,0.0,12000.0,327342.4,467642.4,2532357.6,15.588080000000001,84.41192000000001,84.41192000000001,2.7733333333333334,1.9033333333333333,7.047133333333333,3.46428,0.0,0.4,男性,0,True
1998,35,20～39歳,350,3500000.0,229171.46244244123,749942.4506907054,114800.0,70500.0,232769.0,114449.4,0.0,14000.0,361218.4,546518.4,2953481.6,15.614811428571429,84.38518857142857,84.38518857142857,3.2800000000000002,2.0142857142857142,6.650542857142858,3.2699828571428573,0.0,0.4,男性,0,True
1998,35,20～39歳,400,4000000.0,261910.24279136138,857077.0865036632,147300.0,84300.0,274945.0,135171.0,0.0,16000.0,426116.0,657716.0,3342283.9999999995,16.4429,83.55709999999999,83.55709999999999,3.6825000000000006,2.1075000000000004,6.873625000000001,3.3792750000000003,0.0,0.4,男性,0,True
1998,35,20～39歳,450,4500000.0,294649.02314028156,964211.7223166213,180800.0,108700.0,317121.0,155892.6,0.0,18000.0,491013.6,780513.6,3719486.4,17.344746666666666,82.65525333333333,82.65525333333333,4.017777777777778,2.4155555555555557,7.047133333333333,3.46428,0.0,0.4,男性,0,True
1998,35,20～39歳,500,5000000.0,327387.80348920176,1071346.358129579,217500.0,139900.0,338476.0,166413.6,0.0,20000.0,524889.6,882289.6,4117710.4,17.645792,82.354208,82.354208,4.35,2.798,6.76952,3.328272,0.0,0.4,男性,0,True
1998,35,20～39歳,550,5500000.0,360126.5838381219,1178480.9939425369,251000.0,168400.0,380652.0,187135.2,0.0,22000.0,589787.2,1009187.2,4490812.8,18.34885818181818,81.65114181818181,81.65114181818181,4.5636363636363635,3.061818181818182,6.920945454545454,3.402458181818182,0.0,0.4,男性,0,True
1998,35,20～39歳,600,6000000.0,392865.3641870421,1285615.6297554947,287600.0,199500.0,402008.0,197656.8,0.0,24000.0,623664.8,1110764.8,4889235.2,18.51274666666667,81.48725333333333,81.48725333333333,4.793333333333334,3.325,6.700133333333333,3.29428,0.0,0.4,男性,0,True
1998,35,20～39歳,650,6500000.0,425604.14453596226,1392750.2655684524,344000.0,225300.0,465003.0,228577.8,0.0,26000.0,719580.8,1288880.8,5211119.2,19.828935384615384,80.17106461538461,80.17106461538461,5.292307692307692,3.466153846153846,7.153892307692308,3.5165815384615384,0.0,0.4,男性,0,True
1998,35,20～39歳,700,7000000.0,458342.92488488246,1499884.901381411,422200.0,263600.0,496769.0,244199.4,0.0,28000.0,768968.4,1454768.4,5545231.6,20.782405714285712,79.21759428571427,79.21759428571427,6.031428571428572,3.7657142857142856,7.0967,3.488562857142857,0.0,0.4,男性,0,True
1998,35,20～39歳,750,7500000.0,491081.7052338026,1607019.5371943687,502200.0,303600.0,528535.0,259821.0,0.0,30000.0,818356.0,1624156.0,5875844.0,21.655413333333335,78.34458666666667,78.34458666666667,6.696000000000001,4.048,7.047133333333333,3.46428,0.0,0.4,男性,0,True
1998,35,20～39歳,800,8000000.0,523820.48558272276,1714154.1730073264,582400.0,343700.0,560300.0,275442.0,0.0,32000.0,867742.0,1793842.0,6206157.999999999,22.423025000000003,77.57697499999999,77.57697499999999,7.28,4.296250000000001,7.00375,3.4430250000000004,0.0,0.4,男性,0,True
1998,35,20～39歳,850,8500000.0,556559.265931643,1821288.808820285,662400.0,383700.0,592066.0,291063.6,0.0,34000.0,917129.6,1963229.6,6536770.4,23.096818823529414,76.9031811764706,76.9031811764706,7.792941176470588,4.514117647058823,6.9654823529411765,3.424277647058823,0.0,0.4,男性,0,True
1998,35,20～39歳,900,9000000.0,589298.0462805631,1928423.4446332427,742600.0,423800.0,623832.0,306685.2,0.0,36000.0,966517.2,2132917.2,6867082.8,23.699080000000002,76.30091999999999,76.30091999999999,8.251111111111111,4.708888888888889,6.931466666666666,3.4076133333333334,0.0,0.4,男性,0,True
1998,35,20～39歳,950,9500000.0,622036.8266294833,2035558.0804462004,829000.0,467000.0,624367.0,322306.2,0.0,38000.0,984673.2,2280673.2,7219326.8,24.007086315789476,75.99291368421052,75.99291368421052,8.726315789473684,4.91578947368421,6.572284210526316,3.3926968421052632,0.0,0.4,男性,0,True
1998,35,20～39歳,1000,10000000.0,654775.6069784035,2142692.716259158,915400.0,510200.0,624903.0,337927.8,0.0,40000.0,1002830.8,2428430.8,7571569.2,24.284308,75.715692,75.715692,9.154,5.102,6.249029999999999,3.3792780000000002,0.0,0.4,男性,0,True
1998,35,20～39歳,1050,10500000.0,687514.3873273237,2249827.352072116,1006800.0,555900.0,625439.0,353549.4,0.0,42000.0,1020988.4,2583688.4,7916311.6,24.60655619047619,75.3934438095238,75.3934438095238,9.588571428571429,5.2942857142857145,5.956561904761905,3.3671371428571435,0.0,0.4,男性,0,True
1998,35,20～39歳,1100,11000000.0,720253.1676762438,2356961.9878850738,1098000.0,612900.0,625974.0,369170.4,0.0,44000.0,1039144.4,2750044.4,8249955.6,25.000403636363632,74.99959636363636,74.99959636363636,9.981818181818182,5.571818181818182,5.6906727272727275,3.3560945454545457,0.0,0.4,男性,0,True
1998,35,20～39歳,1150,11500000.0,752991.9480251641,2464096.6236980315,1188400.0,671600.0,626510.0,389892.0,0.0,46000.0,1062402.0,2922402.0,8577598.0,25.412191304347825,74.58780869565217,74.58780869565217,10.333913043478262,5.84,5.447913043478261,3.390365217391304,0.0,0.4,男性,0,True
1998,35,20～39歳,1200,12000000.0,785730.7283740842,2571231.2595109893,1278800.0,730400.0,627046.0,410613.6,0.0,48000.0,1085659.6,3094859.6,8905140.4,25.79049666666667,74.20950333333334,74.20950333333334,10.656666666666666,6.086666666666667,5.225383333333333,3.42178,0.0,0.4,男性,0,True
1998,35,20～39歳,1250,12500000.0,818469.5087230044,2678365.895323947,1369200.0,789100.0,627581.0,431334.6,0.0,50000.0,1108915.6,3267215.6,9232784.4,26.1377248,73.8622752,73.8622752,10.9536,6.3128,5.0206479999999996,3.4506768,0.0,0.4,男性,0,True
1998,35,20～39歳,1300,13000000.0,851208.2890719245,2785500.531136905,1479400.0,850500.0,628117.0,431656.2,0.0,52000.0,1111773.2,3441673.2,9558326.8,26.47440923076923,73.52559076923077,73.52559076923077,11.379999999999999,6.542307692307691,4.831669230769231,3.320432307692308,0.0,0.4,男性,0,True
1998,35,20～39歳,1350,13500000.0,883947.0694208447,2892635.166949864,1613200.0,908500.0,628653.0,457477.8,0.0,54000.0,1140130.8,3661830.8,9838169.2,27.124672592592592,72.8753274074074,72.8753274074074,11.94962962962963,6.729629629629629,4.656688888888889,3.388724444444444,0.0,0.4,男性,0,True
1998,35,20～39歳,1400,14000000.0,916685.8497697649,2999769.802762822,1747300.0,966600.0,629188.0,483298.8,0.0,56000.0,1168486.8,3882386.8,10117613.2,27.731334285714283,72.2686657142857,72.2686657142857,12.480714285714285,6.904285714285714,4.4942,3.452134285714285,0.0,0.4,男性,0,True
1998,35,20～39歳,1450,14500000.0,949424.630118685,3106904.4385757796,1888900.0,1027900.0,629724.0,483620.4,0.0,58000.0,1171344.4,4088144.4,10411855.6,28.19409931034483,71.80590068965516,71.80590068965516,13.026896551724137,7.088965517241379,4.342924137931035,3.335313103448276,0.0,0.4,男性,0,True
1998,35,20～39歳,1500,15000000.0,982163.4104676052,3214039.0743887373,2023000.0,1086100.0,630260.0,509442.0,0.0,60000.0,1199702.0,4308802.0,10691198.0,28.725346666666667,71.27465333333333,71.27465333333333,13.486666666666666,7.240666666666666,4.201733333333333,3.39628,0.0,0.4,男性,0,True
1998,45,40～64歳,200,2000000.0,130955.12139568069,428538.5432518316,24000.0,31900.0,141636.0,69625.2,0.0,8000.0,219261.2,275161.2,1724838.7999999998,13.758060000000002,86.24194,86.24194,1.2000000000000002,1.5950000000000002,7.0818,3.4812600000000007,0.0,0.4,男性,0,True
1998,45,40～64歳,250,2500000.0,163693.90174460088,535673.1790647896,54700.0,45000.0,169238.0,83206.8,0.0,10000.0,262444.8,362144.8,2137855.2,14.485792,85.514208,85.514208,2.188,1.7999999999999998,6.76952,3.328272,0.0,0.4,男性,0,True
1998,45,40～64歳,300,3000000.0,196432.68209352106,642807.8148777473,83200.0,57100.0,211414.0,103928.4,0.0,12000.0,327342.4,467642.4,2532357.6,15.588080000000001,84.41192000000001,84.41192000000001,2.7733333333333334,1.9033333333333333,7.047133333333333,3.46428,0.0,0.4,男性,0,True
1998,45,40～64歳,350,3500000.0,229171.46244244123,749942.4506907054,114800.0,70500.0,232769.0,114449.4,0.0,14000.0,361218.4,546518.4,2953481.6,15.614811428571429,84.38518857142857,84.38518857142857,3.2800000000000002,2.0142857142857142,6.650542857142858,3.2699828571428573,0.0,0.4,男性,0,True
1998,45,40～64歳,400,4000000.0,261910.24279136138,857077.0865036632,147300.0,84300.0,274945.0,135171.0,0.0,16000.0,426116.0,657716.0,3342283.9999999995,16.4429,83.55709999999999,83.55709999999999,3.6825000000000006,2.1075000000000004,6.873625000000001,3.3792750000000003,0.0,0.4,男性,0,True
1998,45,40～64歳,450,4500000.0,294649.02314028156,964211.7223166213,180800.0,108700.0,317121.0,155892.6,0.0,18000.0,491013.6,780513.6,3719486.4,17.344746666666666,82.65525333333333,82.65525333333333,4.017777777777778,2.4155555555555557,7.047133333333333,3.46428,0.0,0.4,男性,0,True
1998,45,40～64歳,500,5000000.0,327387.80348920176,1071346.358129579,217500.0,139900.0,338476.0,166413.6,0.0,20000.0,524889.6,882289.6,4117710.4,17.645792,82.354208,82.354208,4.35,2.798,6.76952,3.328272,0.0,0.4,男性,0,True
1998,45,40～64歳,550,5500000.0,360126.5838381219,1178480.9939425369,251000.0,168400.0,380652.0,187135.2,0.0,22000.0,589787.2,1009187.2,4490812.8,18.34885818181818,81.65114181818181,81.65114181818181,4.5636363636363635,3.061818181818182,6.920945454545454,3.402458181818182,0.0,0.4,男性,0,True
1998,45,40～64歳,600,6000000.0,392865.3641870421,1285615.6297554947,287600.0,199500.0,402008.0,197656.8,0.0,24000.0,623664.8,1110764.8,4889235.2,18.51274666666667,81.48725333333333,81.48725333333333,4.793333333333334,3.325,6.700133333333333,3.29428,0.0,0.4,男性,0,True
1998,45,40～64歳,650,6500000.0,425604.14453596226,1392750.2655684524,344000.0,225300.0,465003.0,228577.8,0.0,26000.0,719580.8,1288880.8,5211119.2,19.828935384615384,80.17106461538461,80.17106461538461,5.292307692307692,3.466153846153846,7.153892307692308,3.5165815384615384,0.0,0.4,男性,0,True
1998,45,40～64歳,700,7000000.0,458342.92488488246,1499884.901381411,422200.0,263600.0,496769.0,244199.4,0.0,28000.0,768968.4,1454768.4,5545231.6,20.782405714285712,79.21759428571427,79.21759428571427,6.031428571428572,3.7657142857142856,7.0967,3.488562857142857,0.0,0.4,男性,0,True
1998,45,40～64歳,750,7500000.0,491081.7052338026,1607019.5371943687,502200.0,303600.0,528535.0,259821.0,0.0,30000.0,818356.0,1624156.0,5875844.0,21.655413333333335,78.34458666666667,78.34458666666667,6.696000000000001,4.048,7.047133333333333,3.46428,0.0,0.4,男性,0,True
1998,45,40～64歳,800,8000000.0,523820.48558272276,1714154.1730073264,582400.0,343700.0,560300.0,275442.0,0.0,32000.0,867742.0,1793842.0,6206157.999999999,22.423025000000003,77.57697499999999,77.57697499999999,7.28,4.296250000000001,7.00375,3.4430250000000004,0.0,0.4,男性,0,True
1998,45,40～64歳,850,8500000.0,556559.265931643,1821288.808820285,662400.0,383700.0,592066.0,291063.6,0.0,34000.0,917129.6,1963229.6,6536770.4,23.096818823529414,76.9031811764706,76.9031811764706,7.792941176470588,4.514117647058823,6.9654823529411765,3.424277647058823,0.0,0.4,男性,0,True
1998,45,40～64歳,900,9000000.0,589298.0462805631,1928423.4446332427,742600.0,423800.0,623832.0,306685.2,0.0,36000.0,966517.2,2132917.2,6867082.8,23.699080000000002,76.30091999999999,76.30091999999999,8.251111111111111,4.708888888888889,6.931466666666666,3.4076133333333334,0.0,0.4,男性,0,True
1998,45,40～64歳,950,9500000.0,622036.8266294833,2035558.0804462004,829000.0,467000.0,624367.0,322306.2,0.0,38000.0,984673.2,2280673.2,7219326.8,24.007086315789476,75.99291368421052,75.99291368421052,8.726315789473684,4.91578947368421,6.572284210526316,3.3926968421052632,0.0,0.4,男性,0,True
1998,45,40～64歳,1000,10000000.0,654775.6069784035,2142692.716259158,915400.0,510200.0,624903.0,337927.8,0.0,40000.0,1002830.8,2428430.8,7571569.2,24.284308,75.715692,75.715692,9.154,5.102,6.249029999999999,3.3792780000000002,0.0,0.4,男性,0,True
1998,45,40～64歳,1050,10500000.0,687514.3873273237,2249827.352072116,1006800.0,555900.0,625439.0,353549.4,0.0,42000.0,1020988.4,2583688.4,7916311.6,24.60655619047619,75.3934438095238,75.3934438095238,9.588571428571429,5.2942857142857145,5.956561904761905,3.3671371428571435,0.0,0.4,男性,0,True
1998,45,40～64歳,1100,11000000.0,720253.1676762438,2356961.9878850738,1098000.0,612900.0,625974.0,369170.4,0.0,44000.0,1039144.4,2750044.4,8249955.6,25.000403636363632,74.99959636363636,74.99959636363636,9.981818181818182,5.571818181818182,5.6906727272727275,3.3560945454545457,0.0,0.4,男性,0,True
1998,45,40～64歳,1150,11500000.0,752991.9480251641,2464096.6236980315,1188400.0,671600.0,626510.0,389892.0,0.0,46000.0,1062402.0,2922402.0,8577598.0,25.412191304347825,74.58780869565217,74.58780869565217,10.333913043478262,5.84,5.447913043478261,3.390365217391304,0.0,0.4,男性,0,True
1998,45,40～64歳,1200,12000000.0,785730.7283740842,2571231.2595109893,1278800.0,730400.0,627046.0,410613.6,0.0,48000.0,1085659.6,3094859.6,8905140.4,25.79049666666667,74.20950333333334,74.20950333333334,10.656666666666666,6.086666666666667,5.225383333333333,3.42178,0.0,0.4,男性,0,True
1998,45,40～64歳,1250,12500000.0,818469.5087230044,2678365.895323947,1369200.0,789100.0,627581.0,431334.6,0.0,50000.0,1108915.6,3267215.6,9232784.4,26.1377248,73.8622752,73.8622752,10.9536,6.3128,5.0206479999999996,3.4506768,0.0,0.4,男性,0,True
1998,45,40～64歳,1300,13000000.0,851208.2890719245,2785500.531136905,1479400.0,850500.0,628117.0,431656.2,0.0,52000.0,1111773.2,3441673.2,9558326.8,26.47440923076923,73.52559076923077,73.52559076923077,11.379999999999999,6.542307692307691,4.831669230769231,3.320432307692308,0.0,0.4,男性,0,True
1998,45,40～64歳,1350,13500000.0,883947.0694208447,2892635.166949864,1613200.0,908500.0,628653.0,457477.8,0.0,54000.0,1140130.8,3661830.8,9838169.2,27.124672592592592,72.8753274074074,72.8753274074074,11.94962962962963,6.729629629629629,4.656688888888889,3.388724444444444,0.0,0.4,男性,0,True
1998,45,40～64歳,1400,14000000.0,916685.8497697649,2999769.802762822,1747300.0,966600.0,629188.0,483298.8,0.0,56000.0,1168486.8,3882386.8,10117613.2,27.731334285714283,72.2686657142857,72.2686657142857,12.480714285714285,6.904285714285714,4.4942,3.452134285714285,0.0,0.4,男性,0,True
1998,45,40～64歳,1450,14500000.0,949424.630118685,3106904.4385757796,1888900.0,1027900.0,629724.0,483620.4,0.0,58000.0,1171344.4,4088144.4,10411855.6,28.19409931034483,71.80590068965516,71.80590068965516,13.026896551724137,7.088965517241379,4.342924137931035,3.335313103448276,0.0,0.4,男性,0,True
1998,45,40～64歳,1500,15000000.0,982163.4104676052,3214039.0743887373,2023000.0,1086100.0,630260.0,509442.0,0.0,60000.0,1199702.0,4308802.0,10691198.0,28.725346666666667,71.27465333333333,71.27465333333333,13.486666666666666,7.240666666666666,4.201733333333333,3.39628,0.0,0.4,男性,0,True
1999,35,20～39歳,200,2000000.0,132593.88734390802,408873.35187310365,49600.0,31900.0,141538.0,69566.4,0.0,8000.0,219104.4,300604.4,1699395.6,15.030220000000002,84.96978,84.96978,2.48,1.595,7.0769,3.47832,0.0,0.4,男性,0,True
1999,35,20～39歳,250,2500000.0,165742.35917988504,511091.68984137964,72900.0,44300.0,179525.0,88233.0,0.0,10000.0,277758.0,394958.0,2105042.0,15.798319999999999,84.20168,84.20168,2.916,1.772,7.181,3.52932,0.0,0.4,男性,0,True
1999,35,20～39歳,300,3000000.0,198890.83101586206,613310.0278096553,96900.0,57100.0,211266.0,103839.6,0.0,12000.0,327105.6,481105.6,2518894.4,16.03685333333333,83.96314666666666,83.96314666666666,3.2300000000000004,1.9033333333333333,7.0422,3.46132,0.0,0.4,男性,0,True
1999,35,20～39歳,350,3500000.0,232039.30285183908,715528.3657779313,119800.0,69200.0,253417.0,124546.2,0.0,14000.0,391963.2,580963.2,2919036.8,16.598948571428572,83.40105142857142,83.40105142857142,3.4228571428571426,1.977142857142857,7.240485714285715,3.558462857142857,0.0,0.4,男性,0,True
1999,35,20～39歳,400,4000000.0,265187.77468781604,817746.7037462073,148300.0,84400.0,274748.0,135052.8,0.0,16000.0,425800.8,658500.8,3341499.2,16.46252,83.53748,83.53748,3.7074999999999996,2.11,6.8687,3.37632,0.0,0.4,男性,0,True
1999,35,20～39歳,450,4500000.0,298336.2465237931,919965.0417144829,175100.0,108800.0,316899.0,155759.4,0.0,18000.0,490658.4,774558.4,3725441.6,17.212408888888888,82.78759111111111,82.78759111111111,3.891111111111111,2.417777777777778,7.0422,3.4613199999999997,0.0,0.4,男性,0,True
1999,35,20～39歳,500,5000000.0,331484.7183597701,1022183.3796827593,201900.0,137200.0,359050.0,176466.0,0.0,20000.0,555516.0,894616.0,4105384.0,17.89232,82.10768,82.10768,4.038,2.7439999999999998,7.181,3.52932,0.0,0.4,男性,0,True
1999,35,20～39歳,550,5500000.0,364633.19019574707,1124401.717651035,231200.0,168400.0,380382.0,186973.2,0.0,22000.0,589355.2,988955.2,4511044.799999999,17.98100363636364,82.01899636363635,82.01899636363635,4.203636363636364,3.0618181818181824,6.916036363636365,3.399512727272728,0.0,0.4000000000000001,男性,0,True
1999,35,20～39歳,600,6000000.0,397781.6620317241,1226620.0556193106,256800.0,195600.0,432943.0,212779.8,0.0,24000.0,669722.8,1122122.8,4877877.2,18.702046666666668,81.29795333333334,81.29795333333334,4.279999999999999,3.26,7.215716666666666,3.5463299999999998,0.0,0.4,男性,0,True
1999,35,20～39歳,650,6500000.0,430930.1338677011,1328838.3935875862,305600.0,225300.0,464684.0,228386.4,0.0,26000.0,719070.4,1249970.4,5250029.6,19.230313846153845,80.76968615384614,80.76968615384614,4.701538461538462,3.466153846153846,7.148984615384616,3.513636923076923,0.0,0.4,男性,0,True
1999,35,20～39歳,700,7000000.0,464078.60570367816,1431056.7315558626,368100.0,263600.0,496425.0,243993.0,0.0,28000.0,768418.0,1400118.0,5599882.0,20.001685714285713,79.99831428571429,79.99831428571429,5.258571428571428,3.7657142857142856,7.091785714285715,3.4856142857142856,0.0,0.4,男性,0,True
1999,35,20～39歳,750,7500000.0,497227.07753965515,1533275.0695241382,432300.0,303700.0,528166.0,259599.6,0.0,30000.0,817765.6,1553765.6,5946234.4,20.71687466666667,79.28312533333333,79.28312533333333,5.763999999999999,4.049333333333333,7.042213333333333,3.4613280000000004,0.0,0.4,男性,0,True
1999,35,20～39歳,800,8000000.0,530375.5493756321,1635493.4074924146,496300.0,343700.0,559907.0,275206.2,0.0,32000.0,867113.2,1707113.2,6292886.8,21.338915,78.661085,78.661085,6.20375,4.29625,6.9988375000000005,3.4400775,0.0,0.4,男性,0,True
1999,35,20～39歳,850,8500000.0,563524.0212116091,1737711.745460691,560400.0,383800.0,591648.0,290812.8,0.0,34000.0,916460.8,1860660.8,6639339.2,21.89012705882353,78.10987294117648,78.10987294117648,6.592941176470589,4.515294117647059,6.960564705882353,3.421327058823529,0.0,0.4,男性,0,True
1999,35,20～39歳,900,9000000.0,596672.4930475862,1839930.0834289659,624600.0,423900.0,623389.0,306419.4,0.0,36000.0,965808.4,2014308.4,6985691.6,22.381204444444442,77.61879555555555,77.61879555555555,6.94,4.71,6.926544444444445,3.4046600000000002,0.0,0.4,男性,0,True
1999,35,20～39歳,950,9500000.0,629820.9648835631,1942148.4213972422,693700.0,467100.0,623900.0,322026.0,0.0,38000.0,983926.0,2144726.0,7355274.0,22.576063157894737,77.42393684210526,77.42393684210526,7.302105263157895,4.916842105263157,6.567368421052631,3.3897473684210526,0.0,0.4,男性,0,True
1999,35,20～39歳,1000,10000000.0,662969.4367195402,2044366.7593655186,762700.0,510200.0,624411.0,337632.6,0.0,40000.0,1002043.6,2274943.6,7725056.4,22.749436,77.250564,77.250564,7.627000000000001,5.102,6.24411,3.3763259999999997,0.0,0.4,男性,0,True
1999,35,20～39歳,1050,10500000.0,696117.9085555172,2146585.0973337935,833400.0,554400.0,624922.0,368539.2,0.0,42000.0,1035461.2,2423261.2,8076738.8,23.078678095238097,76.92132190476191,76.92132190476191,7.937142857142857,5.28,5.951638095238096,3.5098971428571426,0.0,0.4,男性,0,True
1999,35,20～39歳,1100,11000000.0,729266.3803914941,2248803.43530207,908900.0,613000.0,625434.0,368846.4,0.0,44000.0,1038280.4,2560180.4,8439819.599999998,23.274367272727275,76.72563272727272,76.72563272727272,8.262727272727274,5.572727272727274,5.685763636363637,3.353149090909092,0.0,0.4000000000000001,男性,0,True
1999,35,20～39歳,1150,11500000.0,762414.8522274712,2351021.773270346,981200.0,671700.0,625945.0,389553.0,0.0,46000.0,1061498.0,2714398.0,8785602.0,23.603460869565218,76.39653913043477,76.39653913043477,8.532173913043477,5.840869565217392,5.443,3.387417391304348,0.0,0.4,男性,0,True
1999,35,20～39歳,1200,12000000.0,795563.3240634482,2453240.111238621,1067000.0,730500.0,626456.0,410259.6,0.0,48000.0,1084715.6,2882215.6,9117784.4,24.018463333333333,75.98153666666667,75.98153666666667,8.891666666666667,6.0874999999999995,5.220466666666667,3.41883,0.0,0.4,男性,0,True
1999,35,20～39歳,1250,12500000.0,828711.7958994252,2555458.4492068975,1157400.0,789300.0,626967.0,430966.2,0.0,50000.0,1107933.2,3054633.2,9445366.8,24.4370656,75.5629344,75.5629344,9.2592,6.314400000000001,5.0157359999999995,3.4477295999999997,0.0,0.4,男性,0,True
1999,35,20～39歳,1300,13000000.0,861860.2677354022,2657676.7871751725,1259900.0,847200.0,627478.0,456772.8,0.0,52000.0,1136250.8,3243350.8,9756649.2,24.948852307692306,75.05114769230768,75.05114769230768,9.69153846153846,6.516923076923077,4.826753846153846,3.513636923076923,0.0,0.4,男性,0,True
1999,35,20～39歳,1350,13500000.0,895008.7395713793,2759895.125143449,1401500.0,908600.0,627989.0,457079.4,0.0,54000.0,1139068.4,3449168.4,10050831.6,25.549395555555556,74.45060444444445,74.45060444444445,10.381481481481481,6.73037037037037,4.651770370370371,3.3857733333333333,0.0,0.4,男性,0,True
1999,35,20～39歳,1400,14000000.0,928157.2114073563,2862113.463111725,1535600.0,966700.0,628500.0,482886.0,0.0,56000.0,1167386.0,3669686.0,10330314.0,26.21204285714286,73.78795714285714,73.78795714285714,10.96857142857143,6.905,4.489285714285715,3.4491857142857145,0.0,0.4,男性,0,True
1999,35,20～39歳,1450,14500000.0,961305.6832433332,2964331.80108,1669700.0,1024800.0,629011.0,508692.6,0.0,58000.0,1195703.6,3890203.6,10609796.399999999,26.82899034482759,73.17100965517241,73.17100965517241,11.515172413793104,7.067586206896552,4.338006896551725,3.5082248275862074,0.0,0.4,男性,0,True
1999,35,20～39歳,1500,15000000.0,994454.1550793103,3066550.1390482765,1811300.0,1086200.0,629522.0,508999.2,0.0,60000.0,1198521.2,4096021.2,10903978.8,27.306808,72.69319200000001,72.69319200000001,12.075333333333333,7.241333333333333,4.196813333333333,3.3933280000000003,0.0,0.4,男性,0,True
1999,45,40～64歳,200,2000000.0,132593.88734390802,408873.35187310365,49600.0,31900.0,141538.0,69566.4,0.0,8000.0,219104.4,300604.4,1699395.6,15.030220000000002,84.96978,84.96978,2.48,1.595,7.0769,3.47832,0.0,0.4,男性,0,True
1999,45,40～64歳,250,2500000.0,165742.35917988504,511091.68984137964,72900.0,44300.0,179525.0,88233.0,0.0,10000.0,277758.0,394958.0,2105042.0,15.798319999999999,84.20168,84.20168,2.916,1.772,7.181,3.52932,0.0,0.4,男性,0,True
1999,45,40～64歳,300,3000000.0,198890.83101586206,613310.0278096553,96900.0,57100.0,211266.0,103839.6,0.0,12000.0,327105.6,481105.6,2518894.4,16.03685333333333,83.96314666666666,83.96314666666666,3.2300000000000004,1.9033333333333333,7.0422,3.46132,0.0,0.4,男性,0,True
1999,45,40～64歳,350,3500000.0,232039.30285183908,715528.3657779313,119800.0,69200.0,253417.0,124546.2,0.0,14000.0,391963.2,580963.2,2919036.8,16.598948571428572,83.40105142857142,83.40105142857142,3.4228571428571426,1.977142857142857,7.240485714285715,3.558462857142857,0.0,0.4,男性,0,True
1999,45,40～64歳,400,4000000.0,265187.77468781604,817746.7037462073,148300.0,84400.0,274748.0,135052.8,0.0,16000.0,425800.8,658500.8,3341499.2,16.46252,83.53748,83.53748,3.7074999999999996,2.11,6.8687,3.37632,0.0,0.4,男性,0,True
1999,45,40～64歳,450,4500000.0,298336.2465237931,919965.0417144829,175100.0,108800.0,316899.0,155759.4,0.0,18000.0,490658.4,774558.4,3725441.6,17.212408888888888,82.78759111111111,82.78759111111111,3.891111111111111,2.417777777777778,7.0422,3.4613199999999997,0.0,0.4,男性,0,True
1999,45,40～64歳,500,5000000.0,331484.7183597701,1022183.3796827593,201900.0,137200.0,359050.0,176466.0,0.0,20000.0,555516.0,894616.0,4105384.0,17.89232,82.10768,82.10768,4.038,2.7439999999999998,7.181,3.52932,0.0,0.4,男性,0,True
1999,45,40～64歳,550,5500000.0,364633.19019574707,1124401.717651035,231200.0,168400.0,380382.0,186973.2,0.0,22000.0,589355.2,988955.2,4511044.799999999,17.98100363636364,82.01899636363635,82.01899636363635,4.203636363636364,3.0618181818181824,6.916036363636365,3.399512727272728,0.0,0.4000000000000001,男性,0,True
1999,45,40～64歳,600,6000000.0,397781.6620317241,1226620.0556193106,256800.0,195600.0,432943.0,212779.8,0.0,24000.0,669722.8,1122122.8,4877877.2,18.702046666666668,81.29795333333334,81.29795333333334,4.279999999999999,3.26,7.215716666666666,3.5463299999999998,0.0,0.4,男性,0,True
1999,45,40～64歳,650,6500000.0,430930.1338677011,1328838.3935875862,305600.0,225300.0,464684.0,228386.4,0.0,26000.0,719070.4,1249970.4,5250029.6,19.230313846153845,80.76968615384614,80.76968615384614,4.701538461538462,3.466153846153846,7.148984615384616,3.513636923076923,0.0,0.4,男性,0,True
1999,45,40～64歳,700,7000000.0,464078.60570367816,1431056.7315558626,368100.0,263600.0,496425.0,243993.0,0.0,28000.0,768418.0,1400118.0,5599882.0,20.001685714285713,79.99831428571429,79.99831428571429,5.258571428571428,3.7657142857142856,7.091785714285715,3.4856142857142856,0.0,0.4,男性,0,True
1999,45,40～64歳,750,7500000.0,497227.07753965515,1533275.0695241382,432300.0,303700.0,528166.0,259599.6,0.0,30000.0,817765.6,1553765.6,5946234.4,20.71687466666667,79.28312533333333,79.28312533333333,5.763999999999999,4.049333333333333,7.042213333333333,3.4613280000000004,0.0,0.4,男性,0,True
1999,45,40～64歳,800,8000000.0,530375.5493756321,1635493.4074924146,496300.0,343700.0,559907.0,275206.2,0.0,32000.0,867113.2,1707113.2,6292886.8,21.338915,78.661085,78.661085,6.20375,4.29625,6.9988375000000005,3.4400775,0.0,0.4,男性,0,True
1999,45,40～64歳,850,8500000.0,563524.0212116091,1737711.745460691,560400.0,383800.0,591648.0,290812.8,0.0,34000.0,916460.8,1860660.8,6639339.2,21.89012705882353,78.10987294117648,78.10987294117648,6.592941176470589,4.515294117647059,6.960564705882353,3.421327058823529,0.0,0.4,男性,0,True
1999,45,40～64歳,900,9000000.0,596672.4930475862,1839930.0834289659,624600.0,423900.0,623389.0,306419.4,0.0,36000.0,965808.4,2014308.4,6985691.6,22.381204444444442,77.61879555555555,77.61879555555555,6.94,4.71,6.926544444444445,3.4046600000000002,0.0,0.4,男性,0,True
1999,45,40～64歳,950,9500000.0,629820.9648835631,1942148.4213972422,693700.0,467100.0,623900.0,322026.0,0.0,38000.0,983926.0,2144726.0,7355274.0,22.576063157894737,77.42393684210526,77.42393684210526,7.302105263157895,4.916842105263157,6.567368421052631,3.3897473684210526,0.0,0.4,男性,0,True
1999,45,40～64歳,1000,10000000.0,662969.4367195402,2044366.7593655186,762700.0,510200.0,624411.0,337632.6,0.0,40000.0,1002043.6,2274943.6,7725056.4,22.749436,77.250564,77.250564,7.627000000000001,5.102,6.24411,3.3763259999999997,0.0,0.4,男性,0,True
1999,45,40～64歳,1050,10500000.0,696117.9085555172,2146585.0973337935,833400.0,554400.0,624922.0,368539.2,0.0,42000.0,1035461.2,2423261.2,8076738.8,23.078678095238097,76.92132190476191,76.92132190476191,7.937142857142857,5.28,5.951638095238096,3.5098971428571426,0.0,0.4,男性,0,True
1999,45,40～64歳,1100,11000000.0,729266.3803914941,2248803.43530207,908900.0,613000.0,625434.0,368846.4,0.0,44000.0,1038280.4,2560180.4,8439819.599999998,23.274367272727275,76.72563272727272,76.72563272727272,8.262727272727274,5.572727272727274,5.685763636363637,3.353149090909092,0.0,0.4000000000000001,男性,0,True
1999,45,40～64歳,1150,11500000.0,762414.8522274712,2351021.773270346,981200.0,671700.0,625945.0,389553.0,0.0,46000.0,1061498.0,2714398.0,8785602.0,23.603460869565218,76.39653913043477,76.39653913043477,8.532173913043477,5.840869565217392,5.443,3.387417391304348,0.0,0.4,男性,0,True
1999,45,40～64歳,1200,12000000.0,795563.3240634482,2453240.111238621,1067000.0,730500.0,626456.0,410259.6,0.0,48000.0,1084715.6,2882215.6,9117784.4,24.018463333333333,75.98153666666667,75.98153666666667,8.891666666666667,6.0874999999999995,5.220466666666667,3.41883,0.0,0.4,男性,0,True
1999,45,40～64歳,1250,12500000.0,828711.7958994252,2555458.4492068975,1157400.0,789300.0,626967.0,430966.2,0.0,50000.0,1107933.2,3054633.2,9445366.8,24.4370656,75.5629344,75.5629344,9.2592,6.314400000000001,5.0157359999999995,3.4477295999999997,0.0,0.4,男性,0,True
1999,45,40～64歳,1300,13000000.0,861860.2677354022,2657676.7871751725,1259900.0,847200.0,627478.0,456772.8,0.0,52000.0,1136250.8,3243350.8,9756649.2,24.948852307692306,75.05114769230768,75.05114769230768,9.69153846153846,6.516923076923077,4.826753846153846,3.513636923076923,0.0,0.4,男性,0,True
1999,45,40～64歳,1350,13500000.0,895008.7395713793,2759895.125143449,1401500.0,908600.0,627989.0,457079.4,0.0,54000.0,1139068.4,3449168.4,10050831.6,25.549395555555556,74.45060444444445,74.45060444444445,10.381481481481481,6.73037037037037,4.651770370370371,3.3857733333333333,0.0,0.4,男性,0,True
1999,45,40～64歳,1400,14000000.0,928157.2114073563,2862113.463111725,1535600.0,966700.0,628500.0,482886.0,0.0,56000.0,1167386.0,3669686.0,10330314.0,26.21204285714286,73.78795714285714,73.78795714285714,10.96857142857143,6.905,4.489285714285715,3.4491857142857145,0.0,0.4,男性,0,True
1999,45,40～64歳,1450,14500000.0,961305.6832433332,2964331.80108,1669700.0,1024800.0,629011.0,508692.6,0.0,58000.0,1195703.6,3890203.6,10609796.399999999,26.82899034482759,73.17100965517241,73.17100965517241,11.515172413793104,7.067586206896552,4.338006896551725,3.5082248275862074,0.0,0.4,男性,0,True
1999,45,40～64歳,1500,15000000.0,994454.1550793103,3066550.1390482765,1811300.0,1086200.0,629522.0,508999.2,0.0,60000.0,1198521.2,4096021.2,10903978.8,27.306808,72.69319200000001,72.69319200000001,12.075333333333333,7.241333333333333,4.196813333333333,3.3933280000000003,0.0,0.4,男性,0,True
2000,35,20～39歳,200,2000000.0,133147.0773429876,402235.0718841485,49600.0,31900.0,141505.0,69546.6,0.0,8000.0,219051.6,300551.6,1699448.4,15.027580000000002,84.97242,84.97242,2.4800000000000004,1.5950000000000002,7.075250000000001,3.4773300000000007,0.0,0.4,男性,0,True
2000,35,20～39歳,250,2500000.0,166433.84667873452,502793.8398551858,72900.0,44300.0,179483.0,88207.8,0.0,10000.0,277690.8,394890.8,2105109.2,15.795631999999998,84.204368,84.204368,2.916,1.772,7.179320000000001,3.528312,0.0,0.4,男性,0,True
2000,35,20～39歳,300,3000000.0,199720.61601448143,603352.6078262228,96900.0,57100.0,211216.0,103809.6,0.0,12000.0,327025.6,481025.6,2518974.4,16.034186666666667,83.96581333333333,83.96581333333333,3.2300000000000004,1.9033333333333333,7.040533333333333,3.4603200000000003,0.0,0.4,男性,0,True
2000,35,20～39歳,350,3500000.0,233007.38535022835,703911.3757972601,119800.0,69200.0,253359.0,124511.4,0.0,14000.0,391870.4,580870.4,2919129.6000000006,16.596297142857143,83.40370285714286,83.40370285714286,3.422857142857142,1.9771428571428569,7.238828571428571,3.5574685714285708,0.0,0.3999999999999999,男性,0,True
2000,35,20～39歳,400,4000000.0,266294.1546859752,804470.143768297,148300.0,84400.0,274682.0,135013.2,0.0,16000.0,425695.2,658395.2,3341604.8,16.459880000000002,83.54012,83.54012,3.7075000000000005,2.1100000000000003,6.867050000000001,3.375330000000001,0.0,0.4,男性,0,True
2000,35,20～39歳,450,4500000.0,299580.92402172217,905028.911739334,175100.0,108800.0,316825.0,155715.0,0.0,18000.0,490540.0,774440.0,3725560.0,17.209777777777777,82.79022222222223,82.79022222222223,3.891111111111111,2.417777777777778,7.040555555555556,3.4603333333333333,0.0,0.4,男性,0,True
2000,35,20～39歳,500,5000000.0,332867.69335746905,1005587.6797103717,201900.0,137200.0,358967.0,176416.2,0.0,20000.0,555383.2,894483.2,4105516.8,17.889664,82.11033599999999,82.11033599999999,4.038,2.7439999999999998,7.179339999999999,3.528324,0.0,0.4,男性,0,True
2000,35,20～39歳,550,5500000.0,366154.46269321593,1106146.4476814086,231200.0,168400.0,380290.0,186918.0,0.0,22000.0,589208.0,988808.0,4511192.0,17.978327272727274,82.02167272727273,82.02167272727273,4.203636363636363,3.061818181818182,6.914363636363636,3.3985090909090907,0.0,0.4,男性,0,True
2000,35,20～39歳,600,6000000.0,399441.23202896287,1206705.2156524456,256800.0,195600.0,432843.0,212719.8,0.0,24000.0,669562.8,1121962.8,4878037.2,18.69938,81.30062,81.30062,4.279999999999999,3.26,7.214049999999999,3.54533,0.0,0.4,男性,0,True
2000,35,20～39歳,650,6500000.0,432728.00136470975,1307263.9836234825,305700.0,225400.0,464576.0,228321.6,0.0,26000.0,718897.6,1249997.6,5250002.3999999985,19.23073230769231,80.76926769230768,80.76926769230768,4.703076923076924,3.4676923076923085,7.147323076923078,3.512640000000001,0.0,0.4000000000000001,男性,0,True
2000,35,20～39歳,700,7000000.0,466014.7707004567,1407822.7515945202,368100.0,263600.0,496309.0,243923.4,0.0,28000.0,768232.4,1399932.4,5600067.6000000015,19.99903428571428,80.00096571428573,80.00096571428573,5.258571428571428,3.7657142857142856,7.090128571428571,3.4846199999999996,0.0,0.3999999999999999,男性,0,True
2000,35,20～39歳,750,7500000.0,499301.5400362036,1508381.5195655571,432300.0,303700.0,528041.0,259524.6,0.0,30000.0,817565.6,1553565.6,5946434.4,20.714208,79.28579200000001,79.28579200000001,5.763999999999999,4.049333333333333,7.040546666666667,3.460328,0.0,0.4,男性,0,True
2000,35,20～39歳,800,8000000.0,532588.3093719505,1608940.287536594,496400.0,343800.0,559774.0,275126.4,0.0,32000.0,866900.4,1707100.4,6292899.6,21.338755000000003,78.66124500000001,78.66124500000001,6.205000000000001,4.2975,6.997175000000001,3.4390800000000006,0.0,0.4,男性,0,True
2000,35,20～39歳,850,8500000.0,565875.0787076975,1709499.055507631,560400.0,383800.0,591507.0,290728.2,0.0,34000.0,916235.2,1860435.2,6639564.8,21.88747294117647,78.11252705882352,78.11252705882352,6.592941176470589,4.515294117647059,6.958905882352941,3.4203317647058826,0.0,0.4,男性,0,True
2000,35,20～39歳,900,9000000.0,599161.8480434443,1810057.823478668,624600.0,423900.0,623240.0,306330.0,0.0,36000.0,965570.0,2014070.0,6985930.0,22.378555555555554,77.62144444444445,77.62144444444445,6.94,4.71,6.924888888888889,3.4036666666666666,0.0,0.4,男性,0,True
2000,35,20～39歳,950,9500000.0,632448.6173791912,1910616.591449705,692400.0,466300.0,631550.5,321931.8,0.0,38000.0,991482.3,2150182.3,7349817.7,22.63349789473684,77.36650210526315,77.36650210526315,7.288421052631579,4.90842105263158,6.6479,3.388755789473684,0.0,0.4,男性,0,True
2000,35,20～39歳,1000,10000000.0,665735.3867149381,2011175.3594207433,759200.0,508000.0,632052.5,352833.0,0.0,40000.0,1024885.5,2292085.5,7707914.5,22.920855,77.07914500000001,77.07914500000001,7.5920000000000005,5.08,6.320525000000001,3.5283299999999995,0.0,0.4,男性,0,True
2000,35,20～39歳,1050,10500000.0,699022.156050685,2111734.1273917803,832300.0,553700.0,632555.5,368434.8,0.0,42000.0,1042990.3,2428990.3,8071009.7,23.13324095238095,76.86675904761906,76.86675904761906,7.926666666666667,5.273333333333333,6.024338095238095,3.508902857142857,0.0,0.4,男性,0,True
2000,35,20～39歳,1100,11000000.0,732308.9253864319,2212292.895362817,904400.0,609300.0,633058.5,389136.6,0.0,44000.0,1066195.1,2579895.1,8420104.9,23.453591818181817,76.54640818181818,76.54640818181818,8.22181818181818,5.539090909090909,5.755077272727273,3.5376054545454547,0.0,0.4,男性,0,True
2000,35,20～39歳,1150,11500000.0,765595.6947221789,2312851.663333854,980100.0,670800.0,633561.5,389438.4,0.0,46000.0,1068999.9,2719899.9,8780100.1,23.651303478260868,76.34869652173913,76.34869652173913,8.522608695652174,5.833043478260869,5.509230434782609,3.3864208695652174,0.0,0.4,男性,0,True
2000,35,20～39歳,1200,12000000.0,798882.4640579257,2413410.431304891,1065400.0,729500.0,634064.5,410140.2,0.0,48000.0,1092204.7,2887104.7,9112895.3,24.059205833333337,75.94079416666666,75.94079416666666,8.878333333333334,6.079166666666667,5.283870833333333,3.417835,0.0,0.4,男性,0,True
2000,35,20～39歳,1250,12500000.0,832169.2333936726,2513969.199275928,1155800.0,788200.0,634566.5,430841.4,0.0,50000.0,1115407.9,3059407.9,9440592.099999998,24.475263200000004,75.52473679999999,75.52473679999999,9.246400000000001,6.305600000000002,5.076532000000001,3.4467312000000008,0.0,0.4000000000000001,男性,0,True
2000,35,20～39歳,1300,13000000.0,865456.0027294195,2614527.967246965,1257800.0,846300.0,635069.5,456643.2,0.0,52000.0,1143712.7,3247812.7,9752187.299999997,24.98317461538462,75.01682538461537,75.01682538461537,9.675384615384615,6.510000000000001,4.88515,3.512640000000001,0.0,0.4000000000000001,男性,0,True
2000,35,20～39歳,1350,13500000.0,898742.7720651665,2715086.735218002,1399400.0,907700.0,635572.5,456945.0,0.0,54000.0,1146517.5,3453617.5,10046382.5,25.582351851851854,74.41764814814815,74.41764814814815,10.365925925925925,6.723703703703704,4.707944444444444,3.3847777777777774,0.0,0.4,男性,0,True
2000,35,20～39歳,1400,14000000.0,932029.5414009134,2815645.5031890403,1533500.0,965800.0,636075.5,482746.8,0.0,56000.0,1174822.3,3674122.3,10325877.700000003,26.243730714285707,73.7562692857143,73.7562692857143,10.953571428571427,6.898571428571428,4.543396428571428,3.448191428571428,0.0,0.3999999999999999,男性,0,True
2000,35,20～39歳,1450,14500000.0,965316.3107366601,2916204.2711600773,1667300.0,1023800.0,636578.5,508548.6,0.0,58000.0,1203127.1,3894227.1,10605772.9,26.856738620689658,73.14326137931035,73.14326137931035,11.498620689655173,7.060689655172414,4.390196551724138,3.507231724137931,0.0,0.4,男性,0,True
2000,35,20～39歳,1500,15000000.0,998603.0800724071,3016763.0391311143,1809200.0,1085300.0,637080.5,508849.8,0.0,60000.0,1205930.3,4100430.3,10899569.7,27.336202,72.66379799999999,72.66379799999999,12.061333333333334,7.235333333333334,4.247203333333333,3.392332,0.0,0.4,男性,0,True
2000,45,40～64歳,200,2000000.0,133147.0773429876,402235.0718841485,49300.0,31800.0,141505.0,69546.6,3618.0,8000.0,222669.6,303769.6,1696230.4,15.188480000000002,84.81152,84.81152,2.4650000000000003,1.59,7.075250000000001,3.4773300000000007,0.18090000000000003,0.4,男性,0,True
2000,45,40～64歳,250,2500000.0,166433.84667873452,502793.8398551858,72500.0,44100.0,179483.0,88207.8,4590.0,10000.0,282280.8,398880.8,2101119.2,15.955232,84.044768,84.044768,2.9000000000000004,1.764,7.179320000000001,3.528312,0.18359999999999999,0.4,男性,0,True
2000,45,40～64歳,300,3000000.0,199720.61601448143,603352.6078262228,96500.0,56900.0,211216.0,103809.6,5400.0,12000.0,332425.6,485825.6,2514174.4,16.194186666666667,83.80581333333333,83.80581333333333,3.216666666666667,1.8966666666666667,7.040533333333333,3.4603200000000003,0.18,0.4,男性,0,True
2000,45,40～64歳,350,3500000.0,233007.38535022835,703911.3757972601,119200.0,68900.0,253359.0,124511.4,6480.0,14000.0,398350.4,586450.4,2913549.6000000006,16.755725714285713,83.2442742857143,83.2442742857143,3.4057142857142857,1.9685714285714282,7.238828571428571,3.5574685714285708,0.1851428571428571,0.3999999999999999,男性,0,True
2000,45,40～64歳,400,4000000.0,266294.1546859752,804470.143768297,147700.0,84100.0,274682.0,135013.2,7020.0,16000.0,432715.2,664515.2,3335484.8,16.61288,83.38712000000001,83.38712000000001,3.692500000000001,2.1025,6.867050000000001,3.375330000000001,0.17550000000000002,0.4,男性,0,True
2000,45,40～64歳,450,4500000.0,299580.92402172217,905028.911739334,174400.0,108100.0,316825.0,155715.0,8100.0,18000.0,498640.0,781140.0,3718860.0,17.358666666666668,82.64133333333334,82.64133333333334,3.8755555555555556,2.402222222222222,7.040555555555556,3.4603333333333333,0.18,0.4,男性,0,True
2000,45,40～64歳,500,5000000.0,332867.69335746905,1005587.6797103717,201200.0,136500.0,358967.0,176416.2,9180.0,20000.0,564563.2,902263.2,4097736.8,18.045264,81.954736,81.954736,4.024,2.73,7.179339999999999,3.528324,0.18359999999999999,0.4,男性,0,True
2000,45,40～64歳,550,5500000.0,366154.46269321593,1106146.4476814086,230400.0,167600.0,380290.0,186918.0,9720.0,22000.0,598928.0,996928.0,4503072.0,18.125963636363636,81.87403636363636,81.87403636363636,4.189090909090909,3.0472727272727274,6.914363636363636,3.3985090909090907,0.17672727272727273,0.4,男性,0,True
2000,45,40～64歳,600,6000000.0,399441.23202896287,1206705.2156524456,255900.0,194600.0,432843.0,212719.8,11070.0,24000.0,680632.8,1131132.8,4868867.2,18.852213333333335,81.14778666666666,81.14778666666666,4.265,3.2433333333333336,7.214049999999999,3.54533,0.1845,0.4,男性,0,True
2000,45,40～64歳,650,6500000.0,432728.00136470975,1307263.9836234825,303800.0,224400.0,464576.0,228321.6,11880.0,26000.0,730777.6,1258977.6,5241022.3999999985,19.36888615384616,80.63111384615384,80.63111384615384,4.673846153846155,3.4523076923076927,7.147323076923078,3.512640000000001,0.1827692307692308,0.4000000000000001,男性,0,True
2000,45,40～64歳,700,7000000.0,466014.7707004567,1407822.7515945202,366200.0,262400.0,496309.0,243923.4,12690.0,28000.0,780922.4,1409522.4,5590477.6000000015,20.13603428571428,79.86396571428573,79.86396571428573,5.231428571428571,3.748571428571428,7.090128571428571,3.4846199999999996,0.18128571428571424,0.3999999999999999,男性,0,True
2000,45,40～64歳,750,7500000.0,499301.5400362036,1508381.5195655571,430000.0,302300.0,528041.0,259524.6,13500.0,30000.0,831065.6,1563365.6,5936634.4,20.84487466666667,79.15512533333334,79.15512533333334,5.733333333333333,4.030666666666667,7.040546666666667,3.460328,0.18,0.4,男性,0,True
2000,45,40～64歳,800,8000000.0,532588.3093719505,1608940.287536594,494000.0,342300.0,559774.0,275126.4,14310.0,32000.0,881210.4,1717510.4,6282489.6,21.468880000000002,78.53112000000002,78.53112000000002,6.175000000000001,4.2787500000000005,6.997175000000001,3.4390800000000006,0.178875,0.4,男性,0,True
2000,45,40～64歳,850,8500000.0,565875.0787076975,1709499.055507631,558000.0,382300.0,591507.0,290728.2,15120.0,34000.0,931355.2,1871655.2,6628344.8,22.01947294117647,77.98052705882353,77.98052705882353,6.564705882352941,4.497647058823529,6.958905882352941,3.4203317647058826,0.17788235294117646,0.4,男性,0,True
2000,45,40～64歳,900,9000000.0,599161.8480434443,1810057.823478668,622000.0,422300.0,623240.0,306330.0,15930.0,36000.0,981500.0,2025800.0,6974200.0,22.50888888888889,77.49111111111111,77.49111111111111,6.9111111111111105,4.692222222222222,6.924888888888889,3.4036666666666666,0.17700000000000002,0.4,男性,0,True
2000,45,40～64歳,950,9500000.0,632448.6173791912,1910616.591449705,689700.0,464600.0,631550.5,321931.8,16740.0,38000.0,1008222.3,2162522.3,7337477.7,22.763392631578945,77.23660736842105,77.23660736842105,7.26,4.890526315789474,6.6479,3.388755789473684,0.17621052631578948,0.4,男性,0,True
2000,45,40～64歳,1000,10000000.0,665735.3867149381,2011175.3594207433,756100.0,506100.0,632052.5,352833.0,18360.0,40000.0,1043245.5,2305445.5,7694554.5,23.054454999999997,76.94554500000001,76.94554500000001,7.561,5.061,6.320525000000001,3.5283299999999995,0.18359999999999999,0.4,男性,0,True
2000,45,40～64歳,1050,10500000.0,699022.156050685,2111734.1273917803,829100.0,551700.0,632555.5,368434.8,19170.0,42000.0,1062160.3,2442960.3,8057039.7,23.26628857142857,76.73371142857143,76.73371142857143,7.896190476190476,5.2542857142857144,6.024338095238095,3.508902857142857,0.18257142857142858,0.4,男性,0,True
2000,45,40～64歳,1100,11000000.0,732308.9253864319,2212292.895362817,901200.0,606700.0,633058.5,389136.6,20250.0,44000.0,1086445.1,2594345.1,8405654.9,23.584955454545455,76.41504454545455,76.41504454545455,8.192727272727272,5.515454545454546,5.755077272727273,3.5376054545454547,0.18409090909090908,0.4,男性,0,True
2000,45,40～64歳,1150,11500000.0,765595.6947221789,2312851.663333854,976800.0,668100.0,633561.5,389438.4,20250.0,46000.0,1089249.9,2734149.9,8765850.1,23.77521652173913,76.22478347826087,76.22478347826087,8.493913043478262,5.809565217391304,5.509230434782609,3.3864208695652174,0.17608695652173914,0.4,男性,0,True
2000,45,40～64歳,1200,12000000.0,798882.4640579257,2413410.431304891,1061200.0,726700.0,634064.5,410140.2,21330.0,48000.0,1113534.7,2901434.7,9098565.3,24.178622500000003,75.82137750000001,75.82137750000001,8.843333333333334,6.055833333333333,5.283870833333333,3.417835,0.17775,0.4,男性,0,True
2000,45,40～64歳,1250,12500000.0,832169.2333936726,2513969.199275928,1151400.0,785400.0,634566.5,430841.4,22410.0,50000.0,1137817.9,3074617.9,9425382.099999998,24.596943200000002,75.40305679999999,75.40305679999999,9.211200000000002,6.283200000000002,5.076532000000001,3.4467312000000008,0.17928000000000002,0.4000000000000001,男性,0,True
2000,45,40～64歳,1300,13000000.0,865456.0027294195,2614527.967246965,1250600.0,843200.0,635069.5,456643.2,23760.0,52000.0,1167472.7,3261272.7,9738727.299999997,25.086713076923083,74.91328692307691,74.91328692307691,9.620000000000001,6.486153846153847,4.88515,3.512640000000001,0.1827692307692308,0.4000000000000001,男性,0,True
2000,45,40～64歳,1350,13500000.0,898742.7720651665,2715086.735218002,1392200.0,904600.0,635572.5,456945.0,23760.0,54000.0,1170277.5,3467077.5,10032922.5,25.682055555555554,74.31794444444444,74.31794444444444,10.312592592592592,6.70074074074074,4.707944444444444,3.3847777777777774,0.17600000000000002,0.4,男性,0,True
2000,45,40～64歳,1400,14000000.0,932029.5414009134,2815645.5031890403,1526000.0,962600.0,636075.5,482746.8,25110.0,56000.0,1199932.3,3688532.3,10311467.700000003,26.34665928571428,73.65334071428573,73.65334071428573,10.899999999999999,6.875714285714285,4.543396428571428,3.448191428571428,0.17935714285714283,0.3999999999999999,男性,0,True
2000,45,40～64歳,1450,14500000.0,965316.3107366601,2916204.2711600773,1659500.0,1020400.0,636578.5,508548.6,26460.0,58000.0,1229587.1,3909487.1,10590512.9,26.96198,73.03802,73.03802,11.444827586206896,7.037241379310346,4.390196551724138,3.507231724137931,0.18248275862068966,0.4,男性,0,True
2000,45,40～64歳,1500,15000000.0,998603.0800724071,3016763.0391311143,1801100.0,1081800.0,637080.5,508849.8,26460.0,60000.0,1232390.3,4115290.3,10884709.7,27.43526866666667,72.56473133333333,72.56473133333333,12.007333333333333,7.212000000000001,4.247203333333333,3.392332,0.1764,0.4,男性,0,True
2001,35,20～39歳,200,2000000.0,133761.3320767884,394864.0150785389,49300.0,31800.0,141468.0,69524.4,0.0,11197.4320075393,222189.8320075393,303289.8320075393,1696710.1679924605,15.164491600376968,84.83550839962302,84.83550839962302,2.465,1.59,7.0734,3.47622,0.0,0.559871600376965,男性,0,True
2001,35,20～39歳,250,2500000.0,167201.66509598552,493580.0188481739,72600.0,44200.0,179437.0,88180.2,0.0,13996.7900094241,281613.9900094241,398413.9900094241,2101586.0099905757,15.936559600376965,84.06344039962302,84.06344039962302,2.904,1.7680000000000002,7.17748,3.527208,0.0,0.559871600376964,男性,0,True
2001,35,20～39歳,300,3000000.0,200641.99811518262,592296.0226178085,96600.0,56900.0,211161.0,103776.6,0.0,16796.1480113089,331733.7480113089,485233.7480113089,2514766.2519886913,16.17445826704363,83.82554173295638,83.82554173295638,3.2199999999999998,1.8966666666666667,7.0387,3.45922,0.0,0.5598716003769633,男性,0,True
2001,35,20～39歳,350,3500000.0,234082.33113437975,691012.0263874432,119300.0,69000.0,253295.0,124473.0,0.0,19595.5060131937,397363.5060131937,585663.5060131936,2914336.493986807,16.73324302894839,83.26675697105162,83.26675697105162,3.4085714285714284,1.971428571428571,7.236999999999999,3.556371428571428,0.0,0.5598716003769627,男性,0,True
2001,35,20～39歳,400,4000000.0,267522.6641535768,789728.0301570778,147800.0,84100.0,274608.0,134968.8,0.0,22394.8640150785,431971.6640150785,663871.6640150785,3336128.3359849215,16.59679160037696,83.40320839962304,83.40320839962304,3.695,2.1025,6.865200000000001,3.37422,0.0,0.5598716003769625,男性,0,True
2001,35,20～39歳,450,4500000.0,300962.99717277393,888444.0339267128,174500.0,108200.0,316742.0,155665.2,0.0,25194.2220169634,497601.4220169634,780301.4220169634,3719698.5779830366,17.340031600376964,82.65996839962304,82.65996839962304,3.8777777777777778,2.4044444444444446,7.038711111111111,3.459226666666667,0.0,0.5598716003769645,男性,0,True
2001,35,20～39歳,500,5000000.0,334403.33019197104,987160.0376963478,201200.0,136600.0,358875.0,176361.0,0.0,27993.5800188482,563229.5800188482,901029.5800188482,4098970.419981152,18.020591600376964,81.97940839962303,81.97940839962303,4.024,2.732,7.1775,3.52722,0.0,0.559871600376964,男性,0,True
2001,35,20～39歳,550,5500000.0,367843.66321116814,1085876.041465982,230500.0,167700.0,380189.0,186857.4,0.0,30792.938020733,597839.338020733,996039.338020733,4503960.661979266,18.109806145831513,81.89019385416849,81.89019385416849,4.190909090909091,3.0490909090909097,6.912527272727274,3.397407272727273,0.0,0.5598716003769637,男性,0,True
2001,35,20～39歳,600,6000000.0,401283.99623036524,1184592.045235617,256000.0,194800.0,432732.0,212653.2,0.0,33592.2960226178,678977.4960226178,1129777.496022618,4870222.503977383,18.8296249337103,81.17037506628971,81.17037506628971,4.266666666666667,3.2466666666666666,7.2122,3.54422,0.0,0.5598716003769633,男性,0,True
2001,35,20～39歳,650,6500000.0,434724.32924956235,1283308.0490052514,304000.0,224500.0,464456.0,228249.6,0.0,36391.6540245026,729097.2540245026,1257597.2540245026,5242402.745975497,19.347650061915424,80.65234993808457,80.65234993808457,4.676923076923077,3.453846153846154,7.145476923076923,3.5115323076923075,0.0,0.559871600376963,男性,0,True
2001,35,20～39歳,700,7000000.0,468164.6622687595,1382024.0527748864,366400.0,262500.0,496180.0,243846.0,0.0,39191.0120263874,779217.0120263875,1408117.0120263875,5591882.987973614,20.115957314662676,79.88404268533733,79.88404268533733,5.234285714285713,3.749999999999999,7.088285714285714,3.483514285714285,0.0,0.5598716003769627,男性,0,True
2001,35,20～39歳,750,7500000.0,501604.99528795655,1480740.0565445214,430400.0,302500.0,527903.0,259441.8,0.0,41990.3700282723,829335.1700282723,1562235.1700282723,5937764.829971728,20.829802267043632,79.17019773295637,79.17019773295637,5.738666666666667,4.033333333333333,7.038706666666666,3.459224,0.0,0.559871600376964,男性,0,True
2001,35,20～39歳,800,8000000.0,535045.3283071537,1579456.0603141556,494400.0,342500.0,559627.0,275038.2,0.0,44789.7280301571,879454.928030157,1716354.928030157,6283645.071969843,21.454436600376965,78.54556339962303,78.54556339962303,6.18,4.28125,6.9953375,3.4379775,0.0,0.5598716003769637,男性,0,True
2001,35,20～39歳,850,8500000.0,568485.6613263508,1678172.0640837913,558400.0,382500.0,591350.0,290634.0,0.0,47589.0860320419,929573.0860320419,1870473.0860320418,6629526.913967958,22.005565718024023,77.99443428197598,77.99443428197598,6.569411764705882,4.5,6.957058823529412,3.4192235294117648,0.0,0.5598716003769636,男性,0,True
2001,35,20～39歳,900,9000000.0,601925.9943455479,1776888.0678534256,622400.0,422500.0,623074.0,306230.4,0.0,50388.4440339267,979692.8440339267,2024592.8440339267,6975407.155966073,22.49547604482141,77.5045239551786,77.5045239551786,6.915555555555556,4.694444444444444,6.923044444444444,3.4025600000000003,0.0,0.5598716003769633,男性,0,True
2001,35,20～39歳,950,9500000.0,635366.327364745,1875604.07162306,683800.0,460900.0,654798.0,337126.8,0.0,53187.8020358115,1045112.6020358116,2189812.6020358116,7310187.397964189,23.050658968798018,76.949341031202,76.949341031202,7.197894736842106,4.851578947368421,6.89261052631579,3.5487031578947366,0.0,0.5598716003769633,男性,0,True
2001,35,20～39歳,1000,10000000.0,668806.6603839421,1974320.0753926956,752800.0,504000.0,655291.0,352722.6,0.0,55987.1600376964,1064000.7600376962,2320800.760037696,7679199.239962304,23.20800760037696,76.79199239962304,76.79199239962304,7.528,5.04,6.552910000000001,3.5272259999999998,0.0,0.559871600376964,男性,0,True
2001,35,20～39歳,1050,10500000.0,702246.9934031392,2073036.07916233,825900.0,549700.0,655785.0,368319.0,0.0,58786.5180395812,1082890.5180395811,2458490.5180395814,8041509.481960419,23.414195409900778,76.58580459009923,76.58580459009923,7.865714285714286,5.2352380952380955,6.245571428571429,3.5077999999999996,0.0,0.5598716003769638,男性,0,True
2001,35,20～39歳,1100,11000000.0,735687.3264223363,2171752.082931964,898000.0,604100.0,656278.0,389014.8,0.0,61585.876041466,1106878.676041466,2608978.676041466,8391021.323958531,23.717987964013332,76.28201203598665,76.28201203598665,8.163636363636364,5.491818181818182,5.966163636363637,3.5364981818181827,0.0,0.5598716003769637,男性,0,True
2001,35,20～39歳,1150,11500000.0,769127.6594415335,2270468.0867015985,973400.0,665400.0,656772.0,389311.2,0.0,64385.2340433508,1110468.4340433509,2749268.4340433506,8750731.565956648,23.90668203515957,76.09331796484042,76.09331796484042,8.464347826086957,5.786086956521739,5.711060869565218,3.385314782608696,0.0,0.5598716003769635,男性,0,True
2001,35,20～39歳,1200,12000000.0,802567.9924607305,2369184.090471234,1057000.0,724000.0,657265.0,410007.0,0.0,67184.5920452356,1134456.5920452357,2915456.5920452354,9084543.407954764,24.29547160037696,75.70452839962303,75.70452839962303,8.808333333333334,6.033333333333333,5.4772083333333335,3.4167250000000005,0.0,0.5598716003769633,男性,0,True
2001,35,20～39歳,1250,12500000.0,836008.3254799276,2467900.0942408685,1147200.0,782600.0,657759.0,430703.4,0.0,69983.9500471204,1158446.3500471204,3088246.3500471204,9411753.64995288,24.705970800376964,75.29402919962304,75.29402919962304,9.1776,6.2608,5.262072,3.4456272,0.0,0.5598716003769632,男性,0,True
2001,35,20～39歳,1300,13000000.0,869448.6584991247,2566616.0980105028,1244600.0,840600.0,658253.0,456499.8,0.0,72783.3080490053,1187536.1080490053,3272736.1080490053,9727263.891950995,25.1748931388385,74.8251068611615,74.8251068611615,9.573846153846153,6.466153846153847,5.063484615384615,3.511536923076923,0.0,0.5598716003769638,男性,0,True
2001,35,20～39歳,1350,13500000.0,902888.9915183218,2665332.1017801384,1385900.0,901800.0,658746.0,456795.6,0.0,75582.6660508901,1191124.26605089,3478824.26605089,10021175.73394911,25.769068637414,74.23093136258599,74.23093136258599,10.265925925925925,6.68,4.8796,3.383671111111111,0.0,0.5598716003769637,男性,0,True
2001,35,20～39歳,1400,14000000.0,936329.324537519,2764048.1055497727,1519700.0,959800.0,659240.0,482592.0,0.0,78382.0240527749,1220214.024052775,3699714.024052775,10300285.975947227,26.4265287432341,73.5734712567659,73.5734712567659,10.854999999999999,6.855714285714284,4.708857142857142,3.4470857142857136,0.0,0.5598716003769635,男性,0,True
2001,35,20～39歳,1450,14500000.0,969769.657556716,2862764.109319407,1653500.0,1017800.0,659733.0,508387.8,0.0,81181.3820546597,1249302.1820546598,3920602.18205466,10579397.81794534,27.038635738308,72.96136426169201,72.96136426169201,11.403448275862068,7.019310344827587,4.549882758620689,3.50612275862069,0.0,0.5598716003769634,男性,0,True
2001,35,20～39歳,1500,15000000.0,1003209.9905759131,2961480.1130890427,1795100.0,1079200.0,660227.0,508684.2,0.0,83980.7400565445,1252891.9400565445,4127191.9400565447,10872808.059943456,27.514612933710296,72.4853870662897,72.4853870662897,11.967333333333334,7.194666666666667,4.401513333333333,3.3912280000000004,0.0,0.5598716003769633,男性,0,True
2001,45,40～64歳,200,2000000.0,133761.3320767884,394864.0150785389,48700.0,31500.0,141468.0,69524.4,8743.5,11197.4320075393,230933.3320075393,311133.3320075393,1688866.6679924605,15.556666600376968,84.44333339962301,84.44333339962301,2.435,1.575,7.0734,3.47622,0.437175,0.559871600376965,男性,0,True
2001,45,40～64歳,250,2500000.0,167201.66509598552,493580.0188481739,71700.0,43700.0,179437.0,88180.2,11092.5,13996.7900094241,292706.4900094241,408106.4900094241,2091893.509990576,16.324259600376966,83.67574039962304,83.67574039962304,2.868,1.748,7.17748,3.527208,0.4437,0.559871600376964,男性,0,True
2001,45,40～64歳,300,3000000.0,200641.99811518262,592296.0226178085,95600.0,56400.0,211161.0,103776.6,13050.0,16796.1480113089,344783.7480113089,496783.7480113089,2503216.2519886913,16.55945826704363,83.44054173295638,83.44054173295638,3.186666666666667,1.8800000000000001,7.0387,3.45922,0.43499999999999994,0.5598716003769633,男性,0,True
2001,45,40～64歳,350,3500000.0,234082.33113437975,691012.0263874432,118000.0,68300.0,253295.0,124473.0,15660.0,19595.5060131937,413023.5060131937,599323.5060131936,2900676.493986807,17.1235287432341,82.8764712567659,82.8764712567659,3.371428571428571,1.9514285714285713,7.236999999999999,3.556371428571428,0.44742857142857134,0.5598716003769627,男性,0,True
2001,45,40～64歳,400,4000000.0,267522.6641535768,789728.0301570778,146400.0,83400.0,274608.0,134968.8,16965.0,22394.8640150785,448936.6640150785,678736.6640150785,3321263.3359849215,16.968416600376962,83.03158339962305,83.03158339962305,3.66,2.085,6.865200000000001,3.37422,0.42412500000000003,0.5598716003769625,男性,0,True
2001,45,40～64歳,450,4500000.0,300962.99717277393,888444.0339267128,172900.0,106500.0,316742.0,155665.2,19575.0,25194.2220169634,517176.4220169634,796576.4220169634,3703423.5779830366,17.701698267043632,82.29830173295638,82.29830173295638,3.8422222222222224,2.3666666666666667,7.038711111111111,3.459226666666667,0.43499999999999994,0.5598716003769645,男性,0,True
2001,45,40～64歳,500,5000000.0,334403.33019197104,987160.0376963478,199500.0,134700.0,358875.0,176361.0,22185.0,27993.5800188482,585414.5800188482,919614.5800188482,4080385.419981152,18.392291600376964,81.60770839962304,81.60770839962304,3.9899999999999998,2.694,7.1775,3.52722,0.4437,0.559871600376964,男性,0,True
2001,45,40～64歳,550,5500000.0,367843.66321116814,1085876.041465982,228600.0,165600.0,380189.0,186857.4,23490.0,30792.938020733,621329.338020733,1015529.338020733,4484470.661979266,18.464169782195146,81.53583021780486,81.53583021780486,4.156363636363637,3.0109090909090916,6.912527272727274,3.397407272727273,0.4270909090909092,0.5598716003769637,男性,0,True
2001,45,40～64歳,600,6000000.0,401283.99623036524,1184592.045235617,253900.0,192500.0,432732.0,212653.2,26752.5,33592.2960226178,705729.9960226178,1152129.996022618,4847870.003977383,19.202166600376966,80.79783339962304,80.79783339962304,4.231666666666667,3.208333333333333,7.2122,3.54422,0.445875,0.5598716003769633,男性,0,True
2001,45,40～64歳,650,6500000.0,434724.32924956235,1283308.0490052514,299500.0,222100.0,464456.0,228249.6,28710.0,36391.6540245026,757807.2540245026,1279407.2540245026,5220592.745975497,19.683188523453886,80.3168114765461,80.3168114765461,4.607692307692308,3.416923076923077,7.145476923076923,3.5115323076923075,0.4416923076923077,0.559871600376963,男性,0,True
2001,45,40～64歳,700,7000000.0,468164.6622687595,1382024.0527748864,361600.0,259500.0,496180.0,243846.0,30667.5,39191.0120263874,809884.5120263875,1430984.5120263875,5569015.487973614,20.44263588609125,79.55736411390876,79.55736411390876,5.1657142857142855,3.707142857142857,7.088285714285714,3.483514285714285,0.43810714285714275,0.5598716003769627,男性,0,True
2001,45,40～64歳,750,7500000.0,501604.99528795655,1480740.0565445214,425200.0,299300.0,527903.0,259441.8,32625.0,41990.3700282723,861960.1700282723,1586460.1700282723,5913539.829971728,21.15280226704363,78.84719773295637,78.84719773295637,5.669333333333333,3.990666666666667,7.038706666666666,3.459224,0.43499999999999994,0.559871600376964,男性,0,True
2001,45,40～64歳,800,8000000.0,535045.3283071537,1579456.0603141556,488800.0,339000.0,559627.0,275038.2,34582.5,44789.7280301571,914037.428030157,1741837.428030157,6258162.571969843,21.77296785037696,78.22703214962303,78.22703214962303,6.11,4.237500000000001,6.9953375,3.4379775,0.43228125,0.5598716003769637,男性,0,True
2001,45,40～64歳,850,8500000.0,568485.6613263508,1678172.0640837913,552400.0,378800.0,591350.0,290634.0,36540.0,47589.0860320419,966113.0860320419,1897313.0860320418,6602686.913967958,22.321330423906375,77.67866957609361,77.67866957609361,6.498823529411765,4.456470588235295,6.957058823529412,3.4192235294117648,0.4298823529411765,0.5598716003769636,男性,0,True
2001,45,40～64歳,900,9000000.0,601925.9943455479,1776888.0678534256,616100.0,418600.0,623074.0,306230.4,38497.5,50388.4440339267,1018190.3440339267,2052890.3440339267,6947109.655966073,22.809892711488075,77.19010728851192,77.19010728851192,6.845555555555556,4.651111111111112,6.923044444444444,3.4025600000000003,0.42775,0.5598716003769633,男性,0,True
2001,45,40～64歳,950,9500000.0,635366.327364745,1875604.07162306,677100.0,456700.0,654798.0,337126.8,42412.5,53187.8020358115,1087525.1020358116,2221325.1020358116,7278674.897964189,23.382369495113807,76.61763050488621,76.61763050488621,7.1273684210526325,4.807368421052631,6.89261052631579,3.5487031578947366,0.4464473684210526,0.5598716003769633,男性,0,True
2001,45,40～64歳,1000,10000000.0,668806.6603839421,1974320.0753926956,745700.0,499600.0,655291.0,352722.6,44370.0,55987.1600376964,1108370.7600376965,2353670.7600376965,7646329.239962304,23.536707600376964,76.46329239962304,76.46329239962304,7.457,4.9959999999999996,6.552910000000001,3.5272259999999998,0.4437,0.559871600376964,男性,0,True
2001,45,40～64歳,1050,10500000.0,702246.9934031392,2073036.07916233,818400.0,545000.0,655785.0,368319.0,46327.5,58786.5180395812,1129218.0180395811,2492618.0180395814,8007381.981960419,23.739219219424584,76.26078078057542,76.26078078057542,7.7942857142857145,5.190476190476191,6.245571428571429,3.5077999999999996,0.4412142857142858,0.5598716003769638,男性,0,True
2001,45,40～64歳,1100,11000000.0,735687.3264223363,2171752.082931964,890200.0,597800.0,656278.0,389014.8,48937.5,61585.876041466,1155816.176041466,2643816.176041466,8356183.823958532,24.034692509467877,75.96530749053213,75.96530749053213,8.092727272727274,5.4345454545454555,5.966163636363637,3.5364981818181827,0.4448863636363637,0.5598716003769637,男性,0,True
2001,45,40～64歳,1150,11500000.0,769127.6594415335,2270468.0867015985,965600.0,659000.0,656772.0,389311.2,48937.5,64385.2340433508,1159405.9340433509,2784005.9340433506,8715994.065956648,24.208747252550875,75.79125274744911,75.79125274744911,8.396521739130435,5.730434782608695,5.711060869565218,3.385314782608696,0.4255434782608696,0.5598716003769635,男性,0,True
2001,45,40～64歳,1200,12000000.0,802567.9924607305,2369184.090471234,1046600.0,717200.0,657265.0,410007.0,51547.5,67184.5920452356,1186004.0920452357,2949804.0920452354,9050195.907954764,24.58170076704363,75.41829923295637,75.41829923295637,8.721666666666666,5.976666666666667,5.4772083333333335,3.4167250000000005,0.4295625,0.5598716003769633,男性,0,True
2001,45,40～64歳,1250,12500000.0,836008.3254799276,2467900.0942408685,1136400.0,775600.0,657759.0,430703.4,54157.5,69983.9500471204,1212603.8500471204,3124603.8500471204,9375396.14995288,24.996830800376962,75.00316919962303,75.00316919962303,9.0912,6.2048,5.262072,3.4456272,0.43326,0.5598716003769632,男性,0,True
2001,45,40～64歳,1300,13000000.0,869448.6584991247,2566616.0980105028,1227500.0,833200.0,658253.0,456499.8,57420.0,72783.3080490053,1244956.1080490053,3305656.1080490053,9694343.891950995,25.42812390806927,74.57187609193073,74.57187609193073,9.442307692307693,6.40923076923077,5.063484615384615,3.511536923076923,0.4416923076923077,0.5598716003769638,男性,0,True
2001,45,40～64歳,1350,13500000.0,902888.9915183218,2665332.1017801384,1368800.0,894400.0,658746.0,456795.6,57420.0,75582.6660508901,1248544.26605089,3511744.26605089,9988255.73394911,26.012920489265852,73.98707951073415,73.98707951073415,10.139259259259259,6.6251851851851855,4.8796,3.383671111111111,0.4253333333333333,0.5598716003769637,男性,0,True
2001,45,40～64歳,1400,14000000.0,936329.324537519,2764048.1055497727,1501700.0,952000.0,659240.0,482592.0,60682.5,78382.0240527749,1280896.524052775,3734596.524052775,10265403.475947227,26.67568945751982,73.32431054248019,73.32431054248019,10.72642857142857,6.799999999999999,4.708857142857142,3.4470857142857136,0.4334464285714285,0.5598716003769635,男性,0,True
2001,45,40～64歳,1450,14500000.0,969769.657556716,2862764.109319407,1634300.0,1009500.0,659733.0,508387.8,63945.0,81181.3820546597,1313247.1820546598,3957047.18205466,10542952.81794534,27.289980565894208,72.7100194341058,72.7100194341058,11.27103448275862,6.962068965517242,4.549882758620689,3.50612275862069,0.441,0.5598716003769634,男性,0,True
2001,45,40～64歳,1500,15000000.0,1003209.9905759131,2961480.1130890427,1775900.0,1070800.0,660227.0,508684.2,63945.0,83980.7400565445,1316836.9400565445,4163536.9400565447,10836463.059943456,27.756912933710296,72.24308706628972,72.24308706628972,11.839333333333334,7.1386666666666665,4.401513333333333,3.3912280000000004,0.4263,0.5598716003769633,男性,0,True
2002,35,20～39歳,200,2000000.0,135420.97131475585,374948.3442229297,49200.0,31800.0,141368.0,69464.4,0.0,12593.7370860557,223426.1370860557,304426.1370860557,1695573.8629139443,15.221306854302785,84.77869314569722,84.77869314569722,2.46,1.59,7.0684,3.47322,0.0,0.629686854302785,男性,0,True
2002,35,20～39歳,250,2500000.0,169276.2141434448,468685.43027866236,72400.0,44100.0,179313.0,88105.8,0.0,15742.1713575697,283160.9713575697,399660.9713575697,2100339.0286424304,15.986438854302786,84.01356114569721,84.01356114569721,2.896,1.764,7.1725200000000005,3.524232,0.0,0.629686854302788,男性,0,True
2002,35,20～39歳,300,3000000.0,203131.45697213378,562422.5163343947,96400.0,56800.0,211012.0,103687.2,0.0,18890.6056290836,333589.8056290836,486789.8056290836,2513210.1943709166,16.226326854302787,83.77367314569722,83.77367314569722,3.2133333333333334,1.8933333333333333,7.033733333333333,3.45624,0.0,0.6296868543027866,男性,0,True
2002,35,20～39歳,350,3500000.0,236986.69980082277,656159.602390127,119200.0,68900.0,253120.0,124368.0,0.0,22039.0399005975,399527.0399005975,587627.0399005974,2912372.960099403,16.789343997159925,83.21065600284008,83.21065600284008,3.4057142857142857,1.9685714285714286,7.231999999999999,3.553371428571429,0.0,0.6296868543027858,男性,0,True
2002,35,20～39歳,400,4000000.0,270841.9426295117,749896.6884458594,145100.0,82700.0,295229.0,145049.4,0.0,25187.4741721115,465465.8741721115,693265.8741721115,3306734.1258278885,17.331646854302786,82.66835314569721,82.66835314569721,3.6275000000000004,2.0675,7.380725000000001,3.626235,0.0,0.6296868543027875,男性,0,True
2002,35,20～39歳,450,4500000.0,304697.1854582007,843633.7745015917,174300.0,107900.0,316518.0,155530.8,0.0,28335.9084436254,500384.7084436254,782584.7084436254,3717415.2915563746,17.39077129874723,82.60922870125277,82.60922870125277,3.8733333333333335,2.397777777777778,7.033733333333333,3.45624,0.0,0.6296868543027867,男性,0,True
2002,35,20～39歳,500,5000000.0,338552.4282868896,937370.8605573247,201000.0,136300.0,358626.0,176211.6,0.0,31484.3427151393,566321.9427151394,903621.9427151394,4096378.057284861,18.072438854302785,81.92756114569721,81.92756114569721,4.02,2.726,7.1725200000000005,3.524232,0.0,0.629686854302786,男性,0,True
2002,35,20～39歳,550,5500000.0,372407.67111557856,1031107.946613057,227700.0,164700.0,400735.0,196893.0,0.0,34632.7769866533,632260.7769866532,1024660.7769866532,4475339.223013347,18.630195945211877,81.36980405478813,81.36980405478813,4.14,2.9945454545454546,7.286090909090909,3.5798727272727273,0.0,0.6296868543027873,男性,0,True
2002,35,20～39歳,600,6000000.0,406262.91394426755,1124845.0326687894,255700.0,194400.0,432434.0,212474.4,0.0,37781.2112581672,682689.6112581672,1132789.6112581673,4867210.388741832,18.879826854302788,81.12017314569721,81.12017314569721,4.261666666666667,3.2399999999999998,7.207233333333334,3.5412399999999997,0.0,0.6296868543027866,男性,0,True
2002,35,20～39歳,650,6500000.0,440118.1567729565,1218582.1187245217,303300.0,224100.0,464132.0,228055.2,0.0,40929.6455296811,733116.8455296811,1260516.845529681,5239483.154470319,19.392566854302785,80.60743314569721,80.60743314569721,4.666153846153846,3.447692307692308,7.140492307692307,3.508541538461538,0.0,0.6296868543027861,男性,0,True
2002,35,20～39歳,700,7000000.0,473973.39960164553,1312319.204780254,365700.0,262100.0,495831.0,243636.6,0.0,44078.0798011951,783545.679801195,1411345.679801195,5588654.320198805,20.162081140017072,79.83791885998292,79.83791885998292,5.224285714285714,3.7442857142857147,7.0832999999999995,3.4805228571428573,0.0,0.629686854302787,男性,0,True
2002,35,20～39歳,750,7500000.0,507828.64243033447,1406056.2908359864,429700.0,302100.0,527530.0,259218.0,0.0,47226.514072709,833974.514072709,1565774.514072709,5934225.485927291,20.876993520969453,79.12300647903055,79.12300647903055,5.729333333333334,4.0280000000000005,7.033733333333333,3.45624,0.0,0.6296868543027866,男性,0,True
2002,35,20～39歳,800,8000000.0,541683.8852590234,1499793.3768917187,493600.0,342000.0,559228.0,274798.8,0.0,50374.9483442229,884401.748344223,1720001.748344223,6279998.251655777,21.500021854302787,78.49997814569721,78.49997814569721,6.17,4.275,6.990349999999999,3.434985,0.0,0.6296868543027863,男性,0,True
2002,35,20～39歳,850,8500000.0,575539.1280877125,1593530.462947451,550000.0,377300.0,622157.0,305680.2,0.0,53523.3826157369,981360.5826157369,1908660.5826157369,6591339.417384263,22.45483038371455,77.54516961628545,77.54516961628545,6.470588235294119,4.438823529411764,7.319494117647059,3.5962376470588238,0.0,0.6296868543027869,男性,0,True
2002,35,20～39歳,900,9000000.0,609394.3709164014,1687267.5490031834,614000.0,417300.0,653856.0,321261.6,0.0,56671.8168872508,1031789.4168872507,2063089.4168872507,6936910.583112749,22.923215743191676,77.07678425680832,77.07678425680832,6.822222222222223,4.636666666666667,7.265066666666667,3.5695733333333335,0.0,0.6296868543027867,男性,0,True
2002,35,20～39歳,950,9500000.0,643249.6137450903,1781004.6350589157,683000.0,460400.0,654325.0,336843.0,0.0,59820.2511587647,1050988.2511587648,2194388.2511587646,7305611.748841235,23.09882369640805,76.90117630359195,76.90117630359195,7.189473684210526,4.846315789473684,6.887631578947369,3.545715789473684,0.0,0.6296868543027864,男性,0,True
2002,35,20～39歳,1000,10000000.0,677104.8565737793,1874741.7211146494,751800.0,503400.0,654793.0,352423.8,0.0,62968.6854302787,1070185.4854302788,2325385.485430279,7674614.514569721,23.253854854302787,76.74614514569721,76.74614514569721,7.518,5.034000000000001,6.54793,3.5242379999999995,0.0,0.629686854302787,男性,0,True
2002,35,20～39歳,1050,10500000.0,710960.0994024682,1968478.8071703818,824800.0,549000.0,655262.0,368005.2,0.0,66117.1197017926,1089384.3197017924,2463184.3197017927,8036815.680298207,23.458898282874216,76.54110171712578,76.54110171712578,7.855238095238096,5.228571428571429,6.240590476190476,3.5048114285714282,0.0,0.6296868543027867,男性,0,True
2002,35,20～39歳,1100,11000000.0,744815.3422311571,2062215.893226114,896900.0,603200.0,655731.0,388686.6,0.0,69265.5539733065,1113683.1539733065,2613783.1539733065,8386216.8460266935,23.76166503612097,76.23833496387903,76.23833496387903,8.153636363636364,5.483636363636363,5.961190909090909,3.5335145454545454,0.0,0.6296868543027863,男性,0,True
2002,35,20～39歳,1150,11500000.0,778670.5850598462,2155952.9792818464,969100.0,661900.0,656199.0,409367.4,0.0,72413.9882448205,1137980.3882448203,2768980.3882448203,8731019.61175518,24.078090332563654,75.92190966743634,75.92190966743634,8.42695652173913,5.7556521739130435,5.706078260869566,3.5597165217391304,0.0,0.6296868543027869,男性,0,True
2002,35,20～39歳,1200,12000000.0,812525.8278885351,2249690.0653375788,1051400.0,720400.0,656668.0,430048.8,0.0,75562.4225163344,1162279.2225163344,2934079.2225163346,9065920.777483664,24.45066018763612,75.54933981236387,75.54933981236387,8.761666666666667,6.003333333333334,5.4722333333333335,3.5837399999999997,0.0,0.6296868543027866,男性,0,True
2002,35,20～39歳,1250,12500000.0,846381.070717224,2343427.151393311,1145600.0,781600.0,657137.0,430330.2,0.0,78710.8567878483,1166178.0567878482,3093378.0567878485,9406621.943212152,24.74702445430279,75.25297554569721,75.25297554569721,9.1648,6.2528,5.257096,3.4426416,0.0,0.6296868543027864,男性,0,True
2002,35,20～39歳,1300,13000000.0,880236.313545913,2437164.2374490434,1242200.0,839600.0,657605.0,456111.0,0.0,81859.2910593623,1195575.2910593622,3277375.2910593622,9722624.708940638,25.210579161995096,74.7894208380049,74.7894208380049,9.555384615384616,6.458461538461538,5.0584999999999996,3.5085461538461535,0.0,0.6296868543027869,男性,0,True
2002,35,20～39歳,1350,13500000.0,914091.556374602,2530901.3235047758,1376000.0,897600.0,658074.0,481892.4,0.0,85007.7253308762,1224974.125330876,3498574.125330876,10001425.874669123,25.915363891339823,74.08463610866018,74.08463610866018,10.192592592592591,6.648888888888889,4.874622222222222,3.5695733333333335,0.0,0.6296868543027866,男性,0,True
2002,35,20～39歳,1400,14000000.0,947946.7992032911,2624638.409560508,1517300.0,958800.0,658543.0,482173.8,0.0,88156.1596023901,1228872.9596023902,3704972.9596023904,10295027.04039761,26.464092568588505,73.5359074314115,73.5359074314115,10.837857142857143,6.848571428571429,4.703878571428572,3.4440985714285715,0.0,0.6296868543027864,男性,0,True
2002,35,20～39歳,1450,14500000.0,981802.0420319799,2718375.4956162404,1650800.0,1016600.0,659011.0,507954.6,0.0,91304.5938739041,1258270.1938739042,3925670.193873904,10574329.806126093,27.07358754395796,72.92641245604203,72.92641245604203,11.384827586206898,7.011034482758621,4.544903448275862,3.5031351724137934,0.0,0.6296868543027869,男性,0,True
2002,35,20～39歳,1500,15000000.0,1015657.2848606689,2812112.5816719728,1792100.0,1077900.0,659480.0,508236.0,0.0,94453.028145418,1262169.028145418,4132169.028145418,10867830.971854582,27.547793520969456,72.45220647903055,72.45220647903055,11.947333333333333,7.185999999999999,4.396533333333333,3.38824,0.0,0.6296868543027866,男性,0,True
2002,45,40～64歳,200,2000000.0,135420.97131475585,374948.3442229297,48500.0,31400.0,141368.0,69464.4,8643.0,12593.7370860557,232069.1370860557,311969.1370860557,1688030.8629139443,15.598456854302786,84.40154314569722,84.40154314569722,2.4250000000000003,1.5699999999999998,7.0684,3.47322,0.43215,0.629686854302785,男性,0,True
2002,45,40～64歳,250,2500000.0,169276.2141434448,468685.43027866236,71600.0,43600.0,179313.0,88105.8,10965.0,15742.1713575697,294125.9713575697,409325.9713575697,2090674.0286424304,16.373038854302788,83.62696114569722,83.62696114569722,2.864,1.744,7.1725200000000005,3.524232,0.4386,0.629686854302788,男性,0,True
2002,45,40～64歳,300,3000000.0,203131.45697213378,562422.5163343947,95400.0,56300.0,211012.0,103687.2,12900.0,18890.6056290836,346489.8056290836,498189.8056290836,2501810.1943709166,16.606326854302786,83.39367314569722,83.39367314569722,3.18,1.8766666666666667,7.033733333333333,3.45624,0.43,0.6296868543027866,男性,0,True
2002,45,40～64歳,350,3500000.0,236986.69980082277,656159.602390127,117900.0,68200.0,253120.0,124368.0,15480.0,22039.0399005975,415007.0399005975,601107.0399005974,2898892.960099403,17.174486854302785,82.82551314569723,82.82551314569723,3.3685714285714283,1.9485714285714286,7.231999999999999,3.553371428571429,0.4422857142857142,0.6296868543027858,男性,0,True
2002,45,40～64歳,400,4000000.0,270841.9426295117,749896.6884458594,143600.0,81900.0,295229.0,145049.4,18060.0,25187.4741721115,483525.8741721115,709025.8741721115,3290974.1258278885,17.725646854302788,82.2743531456972,82.2743531456972,3.5900000000000003,2.0475,7.380725000000001,3.626235,0.4515,0.6296868543027875,男性,0,True
2002,45,40～64歳,450,4500000.0,304697.1854582007,843633.7745015917,172800.0,106300.0,316518.0,155530.8,19350.0,28335.9084436254,519734.7084436254,798834.7084436254,3701165.2915563746,17.75188240985834,82.24811759014166,82.24811759014166,3.84,2.362222222222222,7.033733333333333,3.45624,0.43,0.6296868543027867,男性,0,True
2002,45,40～64歳,500,5000000.0,338552.4282868896,937370.8605573247,199200.0,134400.0,358626.0,176211.6,21930.0,31484.3427151393,588251.9427151394,921851.9427151394,4078148.057284861,18.437038854302788,81.56296114569722,81.56296114569722,3.984,2.688,7.1725200000000005,3.524232,0.4386,0.629686854302786,男性,0,True
2002,45,40～64歳,550,5500000.0,372407.67111557856,1031107.946613057,225800.0,162700.0,400735.0,196893.0,24510.0,34632.7769866533,656770.7769866532,1045270.7769866532,4454729.223013347,19.004923217939147,80.99507678206086,80.99507678206086,4.1054545454545455,2.958181818181818,7.286090909090909,3.5798727272727273,0.44563636363636366,0.6296868543027873,男性,0,True
2002,45,40～64歳,600,6000000.0,406262.91394426755,1124845.0326687894,253600.0,192200.0,432434.0,212474.4,26445.0,37781.2112581672,709134.6112581672,1154934.6112581673,4845065.388741832,19.248910187636124,80.75108981236387,80.75108981236387,4.226666666666667,3.203333333333333,7.207233333333334,3.5412399999999997,0.44075,0.6296868543027866,男性,0,True
2002,45,40～64歳,650,6500000.0,440118.1567729565,1218582.1187245217,298800.0,221700.0,464132.0,228055.2,28380.0,40929.6455296811,761496.8455296811,1281996.845529681,5218003.154470319,19.723028392764324,80.27697160723568,80.27697160723568,4.596923076923077,3.410769230769231,7.140492307692307,3.508541538461538,0.4366153846153846,0.6296868543027861,男性,0,True
2002,45,40～64歳,700,7000000.0,473973.39960164553,1312319.204780254,360900.0,259100.0,495831.0,243636.6,30315.0,44078.0798011951,813860.679801195,1433860.679801195,5566139.320198805,20.483723997159927,79.51627600284007,79.51627600284007,5.155714285714286,3.7014285714285715,7.0832999999999995,3.4805228571428573,0.4330714285714286,0.629686854302787,男性,0,True
2002,45,40～64歳,750,7500000.0,507828.64243033447,1406056.2908359864,424400.0,298800.0,527530.0,259218.0,32250.0,47226.514072709,866224.514072709,1589424.514072709,5910575.485927291,21.192326854302788,78.80767314569722,78.80767314569722,5.658666666666667,3.984,7.033733333333333,3.45624,0.43,0.6296868543027866,男性,0,True
2002,45,40～64歳,800,8000000.0,541683.8852590234,1499793.3768917187,488100.0,338600.0,559228.0,274798.8,34185.0,50374.9483442229,918586.748344223,1745286.748344223,6254713.251655777,21.816084354302788,78.18391564569721,78.18391564569721,6.101249999999999,4.2325,6.990349999999999,3.434985,0.4273125,0.6296868543027863,男性,0,True
2002,45,40～64歳,850,8500000.0,575539.1280877125,1593530.462947451,544000.0,373500.0,622157.0,305680.2,38055.0,53523.3826157369,1019415.5826157369,1936915.5826157369,6563084.417384263,22.787242148420432,77.21275785157957,77.21275785157957,6.4,4.394117647058823,7.319494117647059,3.5962376470588238,0.44770588235294123,0.6296868543027869,男性,0,True
2002,45,40～64歳,900,9000000.0,609394.3709164014,1687267.5490031834,607600.0,413300.0,653856.0,321261.6,39990.0,56671.8168872508,1071779.4168872507,2092679.4168872507,6907320.583112749,23.251993520969453,76.74800647903055,76.74800647903055,6.75111111111111,4.592222222222222,7.265066666666667,3.5695733333333335,0.4443333333333333,0.6296868543027867,男性,0,True
2002,45,40～64歳,950,9500000.0,643249.6137450903,1781004.6350589157,676300.0,456200.0,654325.0,336843.0,41925.0,59820.2511587647,1092913.2511587648,2225413.2511587646,7274586.748841235,23.42540264377647,76.57459735622353,76.57459735622353,7.118947368421052,4.802105263157895,6.887631578947369,3.545715789473684,0.4413157894736842,0.6296868543027864,男性,0,True
2002,45,40～64歳,1000,10000000.0,677104.8565737793,1874741.7211146494,744800.0,499000.0,654793.0,352423.8,43860.0,62968.6854302787,1114045.4854302788,2357845.485430279,7642154.514569721,23.578454854302787,76.42154514569721,76.42154514569721,7.448,4.99,6.54793,3.5242379999999995,0.4386,0.629686854302787,男性,0,True
2002,45,40～64歳,1050,10500000.0,710960.0994024682,1968478.8071703818,817400.0,544400.0,655262.0,368005.2,45795.0,66117.1197017926,1135179.3197017924,2496979.3197017927,8003020.680298207,23.78075542573136,76.21924457426864,76.21924457426864,7.784761904761906,5.1847619047619045,6.240590476190476,3.5048114285714282,0.43614285714285717,0.6296868543027867,男性,0,True
2002,45,40～64歳,1100,11000000.0,744815.3422311571,2062215.893226114,889100.0,596900.0,655731.0,388686.6,48375.0,69265.5539733065,1162058.1539733065,2648058.1539733065,8351941.8460266935,24.073255945211876,75.92674405478812,75.92674405478812,8.082727272727274,5.426363636363636,5.961190909090909,3.5335145454545454,0.43977272727272726,0.6296868543027863,男性,0,True
2002,45,40～64歳,1150,11500000.0,778670.5850598462,2155952.9792818464,960900.0,655200.0,656199.0,409367.4,50955.0,72413.9882448205,1188935.3882448203,2805035.3882448203,8694964.61175518,24.391612071694087,75.60838792830592,75.60838792830592,8.355652173913043,5.697391304347827,5.706078260869566,3.5597165217391304,0.4430869565217392,0.6296868543027869,男性,0,True
2002,45,40～64歳,1200,12000000.0,812525.8278885351,2249690.0653375788,1040800.0,713500.0,656668.0,430048.8,53535.0,75562.4225163344,1215814.2225163344,2970114.2225163346,9029885.777483664,24.750951854302787,75.2490481456972,75.2490481456972,8.673333333333332,5.945833333333334,5.4722333333333335,3.5837399999999997,0.446125,0.6296868543027866,男性,0,True
2002,45,40～64歳,1250,12500000.0,846381.070717224,2343427.151393311,1135000.0,774700.0,657137.0,430330.2,53535.0,78710.8567878483,1219713.0567878482,3129413.0567878485,9370586.943212152,25.035304454302786,74.96469554569721,74.96469554569721,9.08,6.1976,5.257096,3.4426416,0.42828,0.6296868543027864,男性,0,True
2002,45,40～64歳,1300,13000000.0,880236.313545913,2437164.2374490434,1225100.0,832200.0,657605.0,456111.0,56760.0,81859.2910593623,1252335.2910593622,3309635.2910593622,9690364.708940638,25.458733008148943,74.54126699185106,74.54126699185106,9.423846153846153,6.401538461538461,5.0584999999999996,3.5085461538461535,0.4366153846153846,0.6296868543027869,男性,0,True
2002,45,40～64歳,1350,13500000.0,914091.556374602,2530901.3235047758,1358000.0,889800.0,658074.0,481892.4,59985.0,85007.7253308762,1284959.125330876,3532759.125330876,9967240.874669123,26.168586113562046,73.83141388643794,73.83141388643794,10.05925925925926,6.591111111111111,4.874622222222222,3.5695733333333335,0.4443333333333333,0.6296868543027866,男性,0,True
2002,45,40～64歳,1400,14000000.0,947946.7992032911,2624638.409560508,1499300.0,951000.0,658543.0,482173.8,59985.0,88156.1596023901,1288857.9596023902,3739157.9596023904,10260842.04039761,26.708271140017075,73.29172885998292,73.29172885998292,10.709285714285715,6.792857142857144,4.703878571428572,3.4440985714285715,0.42846428571428574,0.6296868543027864,男性,0,True
2002,45,40～64歳,1450,14500000.0,981802.0420319799,2718375.4956162404,1631900.0,1008400.0,659011.0,507954.6,63210.0,91304.5938739041,1321480.1938739042,3961780.193873904,10538219.806126093,27.322622026716587,72.67737797328341,72.67737797328341,11.254482758620691,6.95448275862069,4.544903448275862,3.5031351724137934,0.43593103448275866,0.6296868543027869,男性,0,True
2002,45,40～64歳,1500,15000000.0,1015657.2848606689,2812112.5816719728,1773200.0,1069700.0,659480.0,508236.0,63210.0,94453.028145418,1325379.028145418,4168279.028145418,10831720.971854582,27.788526854302788,72.21147314569721,72.21147314569721,11.821333333333333,7.131333333333334,4.396533333333333,3.38824,0.4214,0.6296868543027866,男性,0,True
2003,35,20～39歳,200,2000000.0,135925.72337929806,368891.3194484232,48100.0,31700.0,141748.1,81619.0,0.0,14000.0,237367.1,317167.1,1682832.9,15.858355,84.141645,84.141645,2.405,1.585,7.087405,4.08095,0.0,0.7000000000000001,男性,0,True
2003,35,20～39歳,250,2500000.0,169907.15422412258,461114.1493105291,71100.0,43900.0,179363.5,103265.0,0.0,17500.0,300128.5,415128.5,2084871.5,16.60514,83.39486000000001,83.39486000000001,2.844,1.756,7.17454,4.1306,0.0,0.7000000000000001,男性,0,True
2003,35,20～39歳,300,3000000.0,203888.58506894708,553336.979172635,94800.0,56400.0,211750.8,121932.0,0.0,21000.0,354682.8,505882.8,2494117.2,16.862759999999998,83.13724,83.13724,3.16,1.8800000000000001,7.0583599999999995,4.0644,0.0,0.7000000000000001,男性,0,True
2003,35,20～39歳,350,3500000.0,237870.0159137716,645559.8090347409,117300.0,68400.0,252851.6,145564.0,0.0,24500.0,422915.6,608615.6,2891384.4000000004,17.389017142857142,82.61098285714286,82.61098285714286,3.351428571428571,1.954285714285714,7.2243314285714275,4.158971428571427,0.0,0.7,男性,0,True
2003,35,20～39歳,400,4000000.0,271851.4467585961,737782.6388968464,143000.0,82100.0,293952.4,169196.0,0.0,28000.0,491148.4,716248.4,3283751.6,17.90621,82.09379,82.09379,3.5749999999999997,2.0525,7.34881,4.229900000000001,0.0,0.7000000000000001,男性,0,True
2003,35,20～39歳,450,4500000.0,305832.87760342064,830005.4687589523,171700.0,105700.0,317762.0,182980.0,0.0,31500.0,532242.0,809642.0,3690358.0,17.992044444444446,82.00795555555555,82.00795555555555,3.815555555555555,2.348888888888889,7.0613777777777775,4.066222222222223,0.0,0.7000000000000001,男性,0,True
2003,35,20～39歳,500,5000000.0,339814.30844824517,922228.2986210582,198300.0,133900.0,358862.8,206612.0,0.0,35000.0,600474.8,932674.8,4067325.2,18.653496,81.34650400000001,81.34650400000001,3.966,2.6780000000000004,7.177256,4.13224,0.0,0.7000000000000001,男性,0,True
2003,35,20～39歳,550,5500000.0,373795.73929306964,1014451.1284831641,224800.0,162100.0,399963.6,230244.0,0.0,38500.0,668707.6,1055607.6,4444392.4,19.19286545454546,80.80713454545455,80.80713454545455,4.087272727272728,2.9472727272727273,7.272065454545454,4.1862545454545455,0.0,0.7000000000000001,男性,0,True
2003,35,20～39歳,600,6000000.0,407777.17013789417,1106673.95834527,252400.0,191500.0,432350.9,248911.0,0.0,42000.0,723261.9,1167161.9,4832838.1,19.45269833333333,80.54730166666666,80.54730166666666,4.206666666666667,3.191666666666667,7.205848333333334,4.148516666666667,0.0,0.7000000000000001,男性,0,True
2003,35,20～39歳,650,6500000.0,441758.60098271864,1198896.788207376,296300.0,220900.0,464738.2,267578.0,0.0,45500.0,777816.2,1295016.2,5204983.8,19.92332615384615,80.07667384615385,80.07667384615385,4.558461538461538,3.398461538461538,7.1498184615384615,4.116584615384616,0.0,0.7000000000000001,男性,0,True
2003,35,20～39歳,700,7000000.0,475740.0318275432,1291119.6180694818,357900.0,257700.0,497125.5,286245.0,0.0,49000.0,832370.5,1447970.5,5552029.500000001,20.685292857142855,79.31470714285715,79.31470714285715,5.112857142857142,3.681428571428571,7.101792857142857,4.089214285714285,0.0,0.7,男性,0,True
2003,35,20～39歳,750,7500000.0,509721.4626723677,1383342.4479315877,421200.0,297300.0,529512.8,304912.0,0.0,52500.0,886924.8,1605424.8,5894575.2,21.405663999999998,78.594336,78.594336,5.6160000000000005,3.964,7.060170666666667,4.065493333333333,0.0,0.7000000000000001,男性,0,True
2003,35,20～39歳,800,8000000.0,543702.8935171922,1475565.277793693,484400.0,336800.0,561900.1,323579.0,0.0,56000.0,941479.1,1762679.1,6237320.9,22.033488750000004,77.96651125,77.96651125,6.055,4.21,7.02375125,4.0447375,0.0,0.7000000000000001,男性,0,True
2003,35,20～39歳,850,8500000.0,577684.3243620167,1567788.1076557995,541100.0,372200.0,620427.9,357141.0,0.0,59500.0,1037068.9,1950368.9,6549631.1,22.945516470588235,77.05448352941177,77.05448352941177,6.365882352941177,4.378823529411765,7.299151764705883,4.201658823529412,0.0,0.7000000000000001,男性,0,True
2003,35,20～39歳,900,9000000.0,611665.7552068413,1660010.9375179047,604400.0,411800.0,652951.0,375890.0,0.0,63000.0,1091841.0,2108041.0,6891959.0,23.42267777777778,76.57732222222222,76.57732222222222,6.7155555555555555,4.575555555555556,7.255011111111111,4.176555555555556,0.0,0.7000000000000001,男性,0,True
2003,35,20～39歳,950,9500000.0,645647.1860516657,1752233.7673800113,671800.0,453900.0,659197.8,394557.0,0.0,66500.0,1120254.8,2245954.8,7254045.2,23.64162947368421,76.3583705263158,76.3583705263158,7.071578947368421,4.777894736842105,6.9389242105263165,4.153231578947368,0.0,0.7000000000000001,男性,0,True
2003,35,20～39歳,1000,10000000.0,679628.6168964903,1844456.5972421165,739300.0,496100.0,665444.6,413224.0,0.0,70000.0,1148668.6,2384068.6,7615931.4,23.840685999999998,76.159314,76.159314,7.393,4.961,6.654446,4.13224,0.0,0.7000000000000001,男性,0,True
2003,35,20～39歳,1050,10500000.0,713610.0477413147,1936679.427104223,810700.0,540700.0,671691.4,431891.0,0.0,73500.0,1177082.4,2528482.4,7971517.6,24.08078476190476,75.91921523809523,75.91921523809523,7.720952380952381,5.149523809523809,6.3970609523809525,4.113247619047619,0.0,0.7000000000000001,男性,0,True
2003,35,20～39歳,1100,11000000.0,747591.4785861393,2028902.2569663282,881400.0,591100.0,677938.2,455523.0,0.0,77000.0,1210461.2,2682961.2,8317038.8,24.390556363636364,75.60944363636364,75.60944363636364,8.012727272727274,5.373636363636364,6.1630745454545455,4.141118181818182,0.0,0.7000000000000001,男性,0,True
2003,35,20～39歳,1150,11500000.0,781572.9094309638,2121125.086828435,952100.0,648600.0,684185.0,479155.0,0.0,80500.0,1243840.0,2844540.0,8655460.0,24.735130434782608,75.2648695652174,75.2648695652174,8.279130434782608,5.64,5.949434782608696,4.166565217391304,0.0,0.7000000000000001,男性,0,True
2003,35,20～39歳,1200,12000000.0,815554.3402757883,2213347.91669054,1028400.0,705900.0,690431.8,502787.0,0.0,84000.0,1277218.8,3011518.8,8988481.2,25.095989999999997,74.90401,74.90401,8.57,5.8825,5.753598333333334,4.189891666666667,0.0,0.7000000000000001,男性,0,True
2003,35,20～39歳,1250,12500000.0,849535.7711206129,2305570.746552645,1120800.0,766000.0,696678.6,506559.0,0.0,87500.0,1290737.6,3177537.6,9322462.4,25.4203008,74.57969920000001,74.57969920000001,8.9664,6.128,5.5734288,4.052472,0.0,0.7000000000000001,男性,0,True
2003,35,20～39歳,1300,13000000.0,883517.2019654373,2397793.576414752,1208000.0,822700.0,702925.4,535156.0,0.0,91000.0,1329081.4,3359781.4,9640218.6,25.844472307692307,74.15552769230769,74.15552769230769,9.292307692307693,6.328461538461538,5.407118461538462,4.116584615384616,0.0,0.7000000000000001,男性,0,True
2003,35,20～39歳,1350,13500000.0,917498.6328102619,2490016.406276857,1333100.0,879500.0,709308.0,563835.0,0.0,94500.0,1367643.0,3580243.0,9919757.0,26.520318518518522,73.47968148148148,73.47968148148148,9.874814814814815,6.514814814814815,5.254133333333334,4.176555555555556,0.0,0.7000000000000001,男性,0,True
2003,35,20～39歳,1400,14000000.0,951480.0636550864,2582239.2361389636,1471400.0,939400.0,715554.8,567607.0,0.0,98000.0,1381161.8,3791961.8,10208038.200000003,27.08544142857142,72.91455857142857,72.91455857142857,10.509999999999998,6.709999999999999,5.1111057142857135,4.054335714285714,0.0,0.7,男性,0,True
2003,35,20～39歳,1450,14500000.0,985461.4944999109,2674462.066001069,1602500.0,996200.0,721801.6,596204.0,0.0,101500.0,1419505.6,4018205.6,10481794.4,27.71176275862069,72.28823724137932,72.28823724137932,11.051724137931036,6.870344827586207,4.977942068965517,4.111751724137931,0.0,0.7000000000000001,男性,0,True
2003,35,20～39歳,1500,15000000.0,1019442.9253447354,2766684.8958631754,1740800.0,1056100.0,728048.4,599976.0,0.0,105000.0,1433024.4,4229924.4,10770075.6,28.199496000000003,71.800504,71.800504,11.605333333333332,7.0406666666666675,4.853656,3.9998400000000003,0.0,0.7000000000000001,男性,0,True
2003,45,40～64歳,200,2000000.0,135925.72337929806,368891.3194484232,47400.0,31300.0,141748.1,81619.0,9155.0,14000.0,246522.1,325222.1,1674777.9,16.261104999999997,83.73889499999999,83.73889499999999,2.37,1.5650000000000002,7.087405,4.08095,0.45775,0.7000000000000001,男性,0,True
2003,45,40～64歳,250,2500000.0,169907.15422412258,461114.1493105291,70200.0,43400.0,179363.5,103265.0,11584.0,17500.0,311712.5,425312.5,2074687.5,17.0125,82.9875,82.9875,2.8080000000000003,1.736,7.17454,4.1306,0.46336,0.7000000000000001,男性,0,True
2003,45,40～64歳,300,3000000.0,203888.58506894708,553336.979172635,93600.0,55800.0,211750.8,121932.0,13676.4,21000.0,368359.2,517759.2,2482240.8,17.25864,82.74136,82.74136,3.1199999999999997,1.8599999999999999,7.0583599999999995,4.0644,0.45588,0.7000000000000001,男性,0,True
2003,45,40～64歳,350,3500000.0,237870.0159137716,645559.8090347409,116000.0,67700.0,252851.6,145564.0,16329.8,24500.0,439245.4,622945.4,2877054.6000000006,17.79844,82.20156,82.20156,3.314285714285714,1.9342857142857142,7.2243314285714275,4.158971428571427,0.4665657142857142,0.7,男性,0,True
2003,45,40～64歳,400,4000000.0,271851.4467585961,737782.6388968464,141500.0,81300.0,293952.4,169196.0,18983.2,28000.0,510131.6,732931.6,3267068.4,18.32329,81.67671,81.67671,3.5374999999999996,2.0324999999999998,7.34881,4.229900000000001,0.47458000000000006,0.7000000000000001,男性,0,True
2003,45,40～64歳,450,4500000.0,305832.87760342064,830005.4687589523,170100.0,104000.0,317762.0,182980.0,20523.5,31500.0,552765.5,826865.5,3673134.5,18.374788888888887,81.62521111111111,81.62521111111111,3.7800000000000002,2.311111111111111,7.0613777777777775,4.066222222222223,0.4560777777777778,0.7000000000000001,男性,0,True
2003,45,40～64歳,500,5000000.0,339814.30844824517,922228.2986210582,196400.0,132000.0,358862.8,206612.0,23176.9,35000.0,623651.7000000001,952051.7000000001,4047948.3,19.041034,80.958966,80.958966,3.9280000000000004,2.64,7.177256,4.13224,0.46353800000000006,0.7000000000000001,男性,0,True
2003,45,40～64歳,550,5500000.0,373795.73929306964,1014451.1284831641,222800.0,159900.0,399963.6,230244.0,25830.3,38500.0,694537.9,1077237.9,4422762.1,19.586143636363634,80.41385636363636,80.41385636363636,4.050909090909091,2.9072727272727272,7.272065454545454,4.1862545454545455,0.4696418181818182,0.7000000000000001,男性,0,True
2003,45,40～64歳,600,6000000.0,407777.17013789417,1106673.95834527,250200.0,189100.0,432350.9,248911.0,27922.7,42000.0,751184.6,1190484.6,4809515.4,19.84141,80.15859,80.15859,4.17,3.1516666666666664,7.205848333333334,4.148516666666667,0.4653783333333333,0.7000000000000001,男性,0,True
2003,45,40～64歳,650,6500000.0,441758.60098271864,1198896.788207376,291500.0,218300.0,464738.2,267578.0,30015.1,45500.0,807831.2999999999,1317631.2999999998,5182368.7,20.271250769230768,79.72874923076924,79.72874923076924,4.484615384615385,3.3584615384615386,7.1498184615384615,4.116584615384616,0.46177076923076926,0.7000000000000001,男性,0,True
2003,45,40～64歳,700,7000000.0,475740.0318275432,1291119.6180694818,352800.0,254500.0,497125.5,286245.0,32107.5,49000.0,864478.0,1471778.0,5528222.000000001,21.025399999999998,78.97460000000001,78.97460000000001,5.039999999999999,3.6357142857142852,7.101792857142857,4.089214285714285,0.4586785714285713,0.7,男性,0,True
2003,45,40～64歳,750,7500000.0,509721.4626723677,1383342.4479315877,415600.0,293800.0,529512.8,304912.0,34199.9,52500.0,921124.7000000001,1630524.7000000002,5869475.3,21.740329333333335,78.25967066666666,78.25967066666666,5.541333333333333,3.917333333333333,7.060170666666667,4.065493333333333,0.45599866666666666,0.7000000000000001,男性,0,True
2003,45,40～64歳,800,8000000.0,543702.8935171922,1475565.277793693,478700.0,333200.0,561900.1,323579.0,36292.3,56000.0,977771.4,1789671.4,6210328.6,22.370892499999997,77.62910749999999,77.62910749999999,5.983750000000001,4.165,7.02375125,4.0447375,0.45365374999999997,0.7000000000000001,男性,0,True
2003,45,40～64歳,850,8500000.0,577684.3243620167,1567788.1076557995,534700.0,368200.0,620427.9,357141.0,40067.7,59500.0,1077136.6,1980036.6,6519963.4,23.29454823529412,76.70545176470588,76.70545176470588,6.290588235294117,4.331764705882353,7.299151764705883,4.201658823529412,0.4713847058823529,0.7000000000000001,男性,0,True
2003,45,40～64歳,900,9000000.0,611665.7552068413,1660010.9375179047,597600.0,407500.0,652951.0,375890.0,42169.0,63000.0,1134010.0,2139110.0,6860890.0,23.767888888888887,76.23211111111111,76.23211111111111,6.64,4.527777777777778,7.255011111111111,4.176555555555556,0.46854444444444443,0.7000000000000001,男性,0,True
2003,45,40～64歳,950,9500000.0,645647.1860516657,1752233.7673800113,664800.0,449500.0,659197.8,394557.0,44261.4,66500.0,1164516.2,2278816.2,7221183.8,23.98753894736842,76.01246105263158,76.01246105263158,6.997894736842106,4.731578947368422,6.9389242105263165,4.153231578947368,0.46590947368421054,0.7000000000000001,男性,0,True
2003,45,40～64歳,1000,10000000.0,679628.6168964903,1844456.5972421165,731800.0,491400.0,665444.6,413224.0,46353.8,70000.0,1195022.4000000001,2418222.4000000004,7581777.6,24.182224000000005,75.817776,75.817776,7.318,4.914000000000001,6.654446,4.13224,0.46353800000000006,0.7000000000000001,男性,0,True
2003,45,40～64歳,1050,10500000.0,713610.0477413147,1936679.427104223,803000.0,535900.0,671691.4,431891.0,48446.2,73500.0,1225528.5999999999,2564428.5999999996,7935571.4,24.42312952380952,75.57687047619048,75.57687047619048,7.647619047619047,5.103809523809524,6.3970609523809525,4.113247619047619,0.4613923809523809,0.7000000000000001,男性,0,True
2003,45,40～64歳,1100,11000000.0,747591.4785861393,2028902.2569663282,873200.0,584500.0,677938.2,455523.0,51099.6,77000.0,1261560.8,2719260.8,8280739.2,24.720552727272725,75.27944727272727,75.27944727272727,7.938181818181818,5.3136363636363635,6.1630745454545455,4.141118181818182,0.4645418181818181,0.7000000000000001,男性,0,True
2003,45,40～64歳,1150,11500000.0,781572.9094309638,2121125.086828435,943500.0,641600.0,684185.0,479155.0,53753.0,80500.0,1297593.0,2882693.0,8617307.0,25.066895652173915,74.93310434782609,74.93310434782609,8.204347826086957,5.579130434782609,5.949434782608696,4.166565217391304,0.4674173913043478,0.7000000000000001,男性,0,True
2003,45,40～64歳,1200,12000000.0,815554.3402757883,2213347.91669054,1017200.0,698600.0,690431.8,502787.0,56406.4,84000.0,1333625.2,3049425.2,8950574.8,25.411876666666664,74.58812333333334,74.58812333333334,8.476666666666667,5.821666666666666,5.753598333333334,4.189891666666667,0.4700533333333334,0.7000000000000001,男性,0,True
2003,45,40～64歳,1250,12500000.0,849535.7711206129,2305570.746552645,1109400.0,758600.0,696678.6,506559.0,56815.8,87500.0,1347553.4000000001,3215553.4000000004,9284446.6,25.724427200000004,74.2755728,74.2755728,8.8752,6.0687999999999995,5.5734288,4.052472,0.4545264,0.7000000000000001,男性,0,True
2003,45,40～64歳,1300,13000000.0,883517.2019654373,2397793.576414752,1196000.0,814900.0,702925.4,535156.0,60030.2,91000.0,1389111.5999999999,3400011.5999999996,9599988.4,26.153935384615384,73.84606461538462,73.84606461538462,9.2,6.268461538461538,5.407118461538462,4.116584615384616,0.46177076923076926,0.7000000000000001,男性,0,True
2003,45,40～64歳,1350,13500000.0,917498.6328102619,2490016.406276857,1314200.0,871300.0,709308.0,563835.0,63253.5,94500.0,1430896.5,3616396.5,9883603.5,26.78812222222222,73.21187777777777,73.21187777777777,9.734814814814815,6.454074074074074,5.254133333333334,4.176555555555556,0.46854444444444443,0.7000000000000001,男性,0,True
2003,45,40～64歳,1400,14000000.0,951480.0636550864,2582239.2361389636,1452500.0,931200.0,715554.8,567607.0,63662.9,98000.0,1444824.7,3828524.7,10171475.3,27.346604999999997,72.653395,72.653395,10.374999999999998,6.65142857142857,5.1111057142857135,4.054335714285714,0.45473499999999994,0.7,男性,0,True
2003,45,40～64歳,1450,14500000.0,985461.4944999109,2674462.066001069,1582400.0,987500.0,721801.6,596204.0,66877.3,101500.0,1486382.9000000001,4056282.9000000004,10443717.1,27.97436482758621,72.0256351724138,72.0256351724138,10.913103448275862,6.810344827586206,4.977942068965517,4.111751724137931,0.4612227586206896,0.7000000000000001,男性,0,True
2003,45,40～64歳,1500,15000000.0,1019442.9253447354,2766684.8958631754,1720700.0,1047400.0,728048.4,599976.0,67286.7,105000.0,1500311.0999999999,4268411.1,10731588.9,28.456073999999997,71.543926,71.543926,11.471333333333334,6.982666666666666,4.853656,3.9998400000000003,0.448578,0.7000000000000001,男性,0,True
2004,35,20～39歳,200,2000000.0,136227.18425753366,365273.7889095959,48800.0,32000.0,134932.48,80852.0,0.0,14000.0,229784.48,310584.48,1689415.52,15.529224,84.470776,84.470776,2.44,1.6,6.746624000000001,4.042599999999999,0.0,0.7000000000000001,男性,0,True
2004,35,20～39歳,250,2500000.0,170283.9803219171,456592.2361369949,71900.0,44300.0,170784.66,102336.0,0.0,17500.0,290620.66,406820.66,2093179.34,16.2728264,83.7271736,83.7271736,2.876,1.772,6.8313864,4.09344,0.0,0.7000000000000001,男性,0,True
2004,35,20～39歳,300,3000000.0,204340.7763863005,547910.6833643939,95600.0,56900.0,201578.61,120786.0,0.0,21000.0,343364.61,495864.61,2504135.39,16.528820333333332,83.47117966666667,83.47117966666667,3.186666666666667,1.8966666666666667,6.7192870000000005,4.0262,0.0,0.7000000000000001,男性,0,True
2004,35,20～39歳,350,3500000.0,238397.57245068395,639229.1305917929,118400.0,69000.0,240711.23,144238.0,0.0,24500.0,409449.23,596849.23,2903150.7700000005,17.05283514285714,82.94716485714287,82.94716485714287,3.382857142857142,1.971428571428571,6.877463714285714,4.121085714285714,0.0,0.7,男性,0,True
2004,35,20～39歳,400,4000000.0,272454.3685150673,730547.5778191919,144300.0,82700.0,279843.85,167690.0,0.0,28000.0,475533.85,702533.85,3297466.15,17.563346250000002,82.43665375,82.43665375,3.6075000000000004,2.0675,6.996096249999999,4.1922500000000005,0.0,0.7000000000000001,男性,0,True
2004,35,20～39歳,450,4500000.0,306511.1645794508,821866.0250465905,173100.0,107100.0,302436.7,181220.0,0.0,31500.0,515156.7,795356.7,3704643.3,17.674593333333334,82.32540666666667,82.32540666666667,3.846666666666667,2.3800000000000003,6.720815555555555,4.027111111111111,0.0,0.7000000000000001,男性,0,True
2004,35,20～39歳,500,5000000.0,340567.9606438342,913184.4722739898,199800.0,135500.0,341569.32,204672.0,0.0,35000.0,581241.3200000001,916541.3200000001,4083458.6799999997,18.330826400000003,81.6691736,81.6691736,3.9960000000000004,2.71,6.8313864,4.09344,0.0,0.7000000000000001,男性,0,True
2004,35,20～39歳,550,5500000.0,374624.7567082176,1004502.9195013884,226500.0,163900.0,380701.94,228124.0,0.0,38500.0,647325.94,1037725.94,4462274.0600000005,18.867744363636362,81.13225563636365,81.13225563636365,4.118181818181818,2.98,6.921853454545454,4.147709090909091,0.0,0.7000000000000001,男性,0,True
2004,35,20～39歳,600,6000000.0,408681.552772601,1095821.3667287878,254300.0,193400.0,411495.89,246574.0,0.0,42000.0,700069.89,1147769.8900000001,4852230.109999999,19.12949816666667,80.87050183333332,80.87050183333332,4.238333333333333,3.2233333333333336,6.858264833333333,4.109566666666667,0.0,0.7000000000000001,男性,0,True
2004,35,20～39歳,650,6500000.0,442738.3488369844,1187139.8139561864,300100.0,222900.0,442427.41,265106.0,0.0,45500.0,753033.4099999999,1276033.41,5223966.589999999,19.631283230769235,80.36871676923076,80.36871676923076,4.616923076923078,3.4292307692307697,6.806575538461539,4.078553846153847,0.0,0.7000000000000001,男性,0,True
2004,35,20～39歳,700,7000000.0,476795.1449013679,1278458.2611835857,362200.0,260400.0,473358.93,283638.0,0.0,49000.0,805996.9299999999,1428596.93,5571403.070000001,20.408527571428568,79.59147242857144,79.59147242857144,5.1742857142857135,3.7199999999999998,6.762270428571428,4.051971428571428,0.0,0.7,男性,0,True
2004,35,20～39歳,750,7500000.0,510851.9409657513,1369776.7084109844,425700.0,300100.0,504152.88,302088.0,0.0,52500.0,858740.88,1584540.88,5915459.12,21.127211733333333,78.87278826666667,78.87278826666667,5.676,4.001333333333333,6.7220384,4.02784,0.0,0.7000000000000001,男性,0,True
2004,35,20～39歳,800,8000000.0,544908.7370301347,1461095.1556383837,489200.0,339800.0,535084.4,320620.0,0.0,56000.0,911704.4,1740704.4,6259295.6,21.758805,78.24119499999999,78.24119499999999,6.115,4.2475,6.688555,4.007750000000001,0.0,0.7000000000000001,男性,0,True
2004,35,20～39歳,850,8500000.0,578965.5330945181,1552413.602865783,546400.0,375500.0,590619.22,353912.0,0.0,59500.0,1004031.22,1925931.22,6574068.78,22.658014352941176,77.34198564705883,77.34198564705883,6.4282352941176475,4.41764705882353,6.948461411764706,4.163670588235294,0.0,0.7000000000000001,男性,0,True
2004,35,20～39歳,900,9000000.0,613022.3291589016,1643732.050093181,610000.0,415300.0,621413.17,372362.0,0.0,63000.0,1056775.17,2082075.17,6917924.83,23.134168555555554,76.86583144444444,76.86583144444444,6.777777777777779,4.614444444444445,6.904590777777778,4.137355555555555,0.0,0.7000000000000001,男性,0,True
2004,35,20～39歳,950,9500000.0,647079.1252232849,1735050.4973205803,677400.0,457400.0,627741.39,390894.0,0.0,66500.0,1085135.3900000001,2219935.39,7280064.609999999,23.367740947368425,76.63225905263157,76.63225905263157,7.130526315789473,4.814736842105264,6.607804105263158,4.114673684210526,0.0,0.7000000000000001,男性,0,True
2004,35,20～39歳,1000,10000000.0,681135.9212876684,1826368.9445479796,744900.0,499600.0,634069.61,409426.0,0.0,70000.0,1113495.6099999999,2357995.61,7642004.390000001,23.5799561,76.4200439,76.4200439,7.449,4.9959999999999996,6.3406961,4.09426,0.0,0.7000000000000001,男性,0,True
2004,35,20～39歳,1050,10500000.0,715192.7173520519,1917687.3917753776,816400.0,544300.0,640260.26,427876.0,0.0,73500.0,1141636.26,2502336.26,7997663.74,23.831773904761903,76.1682260952381,76.1682260952381,7.775238095238095,5.183809523809524,6.097716761904762,4.075009523809523,0.0,0.7000000000000001,男性,0,True
2004,35,20～39歳,1100,11000000.0,749249.5134164352,2009005.839002777,887200.0,595800.0,646588.48,451328.0,0.0,77000.0,1174916.48,2657916.48,8342083.52,24.16287709090909,75.83712290909091,75.83712290909091,8.065454545454545,5.416363636363637,5.878077090909091,4.102981818181818,0.0,0.7000000000000001,男性,0,True
2004,35,20～39歳,1150,11500000.0,783306.3094808187,2100324.286230176,957700.0,653100.0,652916.7,474780.0,0.0,80500.0,1208196.7,2818996.7,8681003.3,24.513014782608696,75.48698521739131,75.48698521739131,8.327826086956522,5.679130434782609,5.67753652173913,4.128521739130435,0.0,0.7000000000000001,男性,0,True
2004,35,20～39歳,1200,12000000.0,817363.105545202,2191642.7334575756,1035600.0,710600.0,659107.35,498150.0,0.0,84000.0,1241257.35,2987457.35,9012542.65,24.895477916666668,75.10452208333334,75.10452208333334,8.63,5.921666666666667,5.49256125,4.15125,0.0,0.7000000000000001,男性,0,True
2004,35,20～39歳,1250,12500000.0,851419.9016095855,2282961.1806849735,1128000.0,770700.0,665435.5700000001,501922.0,0.0,87500.0,1254857.57,3153557.5700000003,9346442.43,25.228460560000006,74.77153944,74.77153944,9.024000000000001,6.1656,5.323484560000001,4.015376,0.0,0.7000000000000001,男性,0,True
2004,35,20～39歳,1300,13000000.0,885476.6976739689,2374279.627912373,1215200.0,827300.0,671763.79,530294.0,0.0,91000.0,1293057.79,3335557.79,9664442.209999997,25.65813684615385,74.34186315384615,74.34186315384615,9.34769230769231,6.363846153846155,5.16741376923077,4.079184615384616,0.0,0.7000000000000001,男性,0,True
2004,35,20～39歳,1350,13500000.0,919533.4937383523,2465598.075139772,1343900.0,884100.0,677954.44,558584.0,0.0,94500.0,1331038.44,3559038.44,9940961.56,26.363247703703703,73.63675229629631,73.63675229629631,9.954814814814815,6.5488888888888885,5.021884740740741,4.137659259259259,0.0,0.7000000000000001,男性,0,True
2004,35,20～39歳,1400,14000000.0,953590.2898027358,2556916.5223671715,1482500.0,944200.0,684282.66,562356.0,0.0,98000.0,1344638.6600000001,3771338.66,10228661.340000002,26.938133285714283,73.06186671428571,73.06186671428571,10.589285714285712,6.744285714285714,4.887733285714285,4.016828571428571,0.0,0.7,男性,0,True
2004,35,20～39歳,1450,14500000.0,987647.0858671191,2648234.9695945694,1613600.0,1001000.0,690610.88,590728.0,0.0,101500.0,1382838.88,3997438.88,10502561.120000001,27.568544,72.43145600000001,72.43145600000001,11.128275862068966,6.903448275862069,4.762833655172414,4.073986206896551,0.0,0.7000000000000001,男性,0,True
2004,35,20～39歳,1500,15000000.0,1021703.8819315026,2739553.4168219687,1751900.0,1060900.0,696801.53,594418.0,0.0,105000.0,1396219.53,4209019.53,10790980.469999999,28.0601302,71.93986979999998,71.93986979999998,11.679333333333334,7.072666666666666,4.6453435333333335,3.9627866666666662,0.0,0.7000000000000001,男性,0,True
2004,45,40～64歳,200,2000000.0,136227.18425753366,365273.7889095959,47900.0,31500.0,134932.48,80852.0,10649.8,14000.0,240434.28,319834.28,1680165.72,15.991714000000002,84.008286,84.008286,2.395,1.575,6.746624000000001,4.042599999999999,0.5324899999999999,0.7000000000000001,男性,0,True
2004,45,40～64歳,250,2500000.0,170283.9803219171,456592.2361369949,70800.0,43700.0,170784.66,102336.0,13478.8,17500.0,304099.46,418599.46,2081400.54,16.7439784,83.2560216,83.2560216,2.8320000000000003,1.748,6.8313864,4.09344,0.539152,0.7000000000000001,男性,0,True
2004,45,40～64歳,300,3000000.0,204340.7763863005,547910.6833643939,94400.0,56200.0,201578.61,120786.0,15910.3,21000.0,359274.91,509874.91,2490125.09,16.995830333333334,83.00416966666666,83.00416966666666,3.1466666666666665,1.8733333333333335,6.7192870000000005,4.0262,0.5303433333333333,0.7000000000000001,男性,0,True
2004,45,40～64歳,350,3500000.0,238397.57245068395,639229.1305917929,116800.0,68200.0,240711.23,144238.0,18996.9,24500.0,428446.13,613446.13,2886553.8700000006,17.527032285714284,82.47296771428572,82.47296771428572,3.3371428571428567,1.9485714285714284,6.877463714285714,4.121085714285714,0.5427685714285714,0.7,男性,0,True
2004,45,40～64歳,400,4000000.0,272454.3685150673,730547.5778191919,142500.0,81800.0,279843.85,167690.0,22083.5,28000.0,497617.35,721917.35,3278082.65,18.04793375,81.95206625,81.95206625,3.5624999999999996,2.045,6.996096249999999,4.1922500000000005,0.5520875,0.7000000000000001,男性,0,True
2004,45,40～64歳,450,4500000.0,306511.1645794508,821866.0250465905,171200.0,105100.0,302436.7,181220.0,23871.0,31500.0,539027.7,815327.7,3684672.3,18.118393333333334,81.88160666666666,81.88160666666666,3.8044444444444445,2.3355555555555556,6.720815555555555,4.027111111111111,0.5304666666666666,0.7000000000000001,男性,0,True
2004,45,40～64歳,500,5000000.0,340567.9606438342,913184.4722739898,197600.0,133200.0,341569.32,204672.0,26957.6,35000.0,608198.92,938998.92,4061001.08,18.7799784,81.22002160000001,81.22002160000001,3.952,2.664,6.8313864,4.09344,0.539152,0.7000000000000001,男性,0,True
2004,45,40～64歳,550,5500000.0,374624.7567082176,1004502.9195013884,224100.0,161400.0,380701.94,228124.0,30044.2,38500.0,677370.1399999999,1062870.14,4437129.86,19.324911636363634,80.67508836363638,80.67508836363638,4.074545454545454,2.9345454545454546,6.921853454545454,4.147709090909091,0.5462581818181819,0.7000000000000001,男性,0,True
2004,45,40～64歳,600,6000000.0,408681.552772601,1095821.3667287878,251700.0,190700.0,411495.89,246574.0,32475.7,42000.0,732545.59,1174945.5899999999,4825054.41,19.582426499999997,80.4175735,80.4175735,4.195,3.178333333333333,6.858264833333333,4.109566666666667,0.5412616666666666,0.7000000000000001,男性,0,True
2004,45,40～64歳,650,6500000.0,442738.3488369844,1187139.8139561864,294700.0,220000.0,442427.41,265106.0,34918.3,45500.0,787951.71,1302651.71,5197348.289999999,20.040795538461538,79.95920446153846,79.95920446153846,4.533846153846154,3.384615384615385,6.806575538461539,4.078553846153847,0.5372046153846155,0.7000000000000001,男性,0,True
2004,45,40～64歳,700,7000000.0,476795.1449013679,1278458.2611835857,356100.0,256600.0,473358.93,283638.0,37360.9,49000.0,843357.83,1456057.83,5543942.170000001,20.80082614285714,79.19917385714285,79.19917385714285,5.087142857142856,3.6657142857142855,6.762270428571428,4.051971428571428,0.5337271428571427,0.7,男性,0,True
2004,45,40～64歳,750,7500000.0,510851.9409657513,1369776.7084109844,419300.0,296100.0,504152.88,302088.0,39792.4,52500.0,898533.28,1613933.28,5886066.72,21.5191104,78.4808896,78.4808896,5.5906666666666665,3.948,6.7220384,4.02784,0.5305653333333333,0.7000000000000001,男性,0,True
2004,45,40～64歳,800,8000000.0,544908.7370301347,1461095.1556383837,482500.0,335600.0,535084.4,320620.0,42235.0,56000.0,953939.4,1772039.4,6227960.6,22.1504925,77.84950749999999,77.84950749999999,6.03125,4.195,6.688555,4.007750000000001,0.5279375000000001,0.7000000000000001,男性,0,True
2004,45,40～64歳,850,8500000.0,578965.5330945181,1552413.602865783,539000.0,370900.0,590619.22,353912.0,46609.6,59500.0,1050640.8199999998,1960540.8199999998,6539459.18,23.06518611764706,76.93481388235294,76.93481388235294,6.341176470588235,4.363529411764706,6.948461411764706,4.163670588235294,0.5483482352941176,0.7000000000000001,男性,0,True
2004,45,40～64歳,900,9000000.0,613022.3291589016,1643732.050093181,602200.0,410400.0,621413.17,372362.0,49041.1,63000.0,1105816.27,2118416.27,6881583.73,23.537958555555555,76.46204144444445,76.46204144444445,6.691111111111112,4.5600000000000005,6.904590777777778,4.137355555555555,0.5449011111111111,0.7000000000000001,男性,0,True
2004,45,40～64歳,950,9500000.0,647079.1252232849,1735050.4973205803,669200.0,452300.0,627741.39,390894.0,51483.7,66500.0,1136619.09,2258119.09,7241880.91,23.769674631578948,76.23032536842106,76.23032536842106,7.044210526315789,4.761052631578947,6.607804105263158,4.114673684210526,0.5419336842105262,0.7000000000000001,男性,0,True
2004,45,40～64歳,1000,10000000.0,681135.9212876684,1826368.9445479796,736300.0,494200.0,634069.61,409426.0,53926.3,70000.0,1167421.91,2397921.91,7602078.09,23.9792191,76.02078089999999,76.02078089999999,7.363,4.942,6.3406961,4.09426,0.539263,0.7000000000000001,男性,0,True
2004,45,40～64歳,1050,10500000.0,715192.7173520519,1917687.3917753776,807500.0,538700.0,640260.26,427876.0,56357.8,73500.0,1197994.06,2544194.06,7955805.9399999995,24.23041961904762,75.76958038095238,75.76958038095238,7.690476190476191,5.13047619047619,6.097716761904762,4.075009523809523,0.5367409523809524,0.7000000000000001,男性,0,True
2004,45,40～64歳,1100,11000000.0,749249.5134164352,2009005.839002777,877600.0,588000.0,646588.48,451328.0,59444.4,77000.0,1234360.88,2699960.88,8300039.12,24.54509890909091,75.45490109090909,75.45490109090909,7.978181818181818,5.345454545454546,5.878077090909091,4.102981818181818,0.5404036363636364,0.7000000000000001,男性,0,True
2004,45,40～64歳,1150,11500000.0,783306.3094808187,2100324.286230176,947800.0,645100.0,652916.7,474780.0,62531.0,80500.0,1270727.7,2863627.7,8636372.3,24.901110434782613,75.09888956521739,75.09888956521739,8.241739130434784,5.609565217391305,5.67753652173913,4.128521739130435,0.5437478260869566,0.7000000000000001,男性,0,True
2004,45,40～64歳,1200,12000000.0,817363.105545202,2191642.7334575756,1022600.0,702100.0,659107.35,498150.0,65606.5,84000.0,1306863.85,3031563.85,8968436.15,25.263032083333336,74.73696791666667,74.73696791666667,8.521666666666667,5.850833333333334,5.49256125,4.15125,0.5467208333333333,0.7000000000000001,男性,0,True
2004,45,40～64歳,1250,12500000.0,851419.9016095855,2282961.1806849735,1114800.0,762100.0,665435.5700000001,501922.0,66117.1,87500.0,1320974.6700000002,3197874.67,9302125.33,25.582997359999997,74.41700263999999,74.41700263999999,8.9184,6.0968,5.323484560000001,4.015376,0.5289368000000001,0.7000000000000001,男性,0,True
2004,45,40～64歳,1300,13000000.0,885476.6976739689,2374279.627912373,1201400.0,818400.0,671763.79,530294.0,69847.7,91000.0,1362905.49,3382705.49,9617294.509999998,26.020811461538468,73.97918853846154,73.97918853846154,9.241538461538463,6.2953846153846165,5.16741376923077,4.079184615384616,0.53729,0.7000000000000001,男性,0,True
2004,45,40～64歳,1350,13500000.0,919533.4937383523,2465598.075139772,1322000.0,874700.0,677954.44,558584.0,73567.2,94500.0,1404605.64,3601305.6399999997,9898694.36,26.676338074074074,73.32366192592592,73.32366192592592,9.792592592592593,6.479259259259259,5.021884740740741,4.137659259259259,0.5449422222222222,0.7000000000000001,男性,0,True
2004,45,40～64歳,1400,14000000.0,953590.2898027358,2556916.5223671715,1460300.0,934600.0,684282.66,562356.0,74077.8,98000.0,1418716.4600000002,3813616.46,10186383.540000003,27.24011757142857,72.75988242857144,72.75988242857144,10.430714285714284,6.675714285714285,4.887733285714285,4.016828571428571,0.5291271428571428,0.7,男性,0,True
2004,45,40～64歳,1450,14500000.0,987647.0858671191,2648234.9695945694,1590200.0,990900.0,690610.88,590728.0,77808.4,101500.0,1460647.2799999998,4041747.28,10458252.72,27.874119172413792,72.12588082758622,72.12588082758622,10.966896551724139,6.833793103448276,4.762833655172414,4.073986206896551,0.5366096551724138,0.7000000000000001,男性,0,True
2004,45,40～64歳,1500,15000000.0,1021703.8819315026,2739553.4168219687,1728500.0,1050800.0,696801.53,594418.0,78307.9,105000.0,1474527.43,4253827.43,10746172.57,28.35884953333333,71.64115046666667,71.64115046666667,11.523333333333333,7.005333333333333,4.6453435333333335,3.9627866666666662,0.5220526666666666,0.7000000000000001,男性,0,True
2005,35,20～39歳,200,2000000.0,135786.70578590102,370559.5305691876,48300.0,34200.0,139083.43,81098.0,0.0,15592.6398826423,235774.0698826423,318274.0698826423,1681725.9301173575,15.913703494132116,84.08629650586789,84.08629650586789,2.415,1.71,6.9541715,4.0549,0.0,0.779631994132115,男性,0,True
2005,35,20～39歳,250,2500000.0,169733.3822323763,463199.4132114847,71300.0,47500.0,175926.81,102582.0,0.0,19490.7998533029,297999.6098533029,416799.6098533029,2083200.3901466972,16.671984394132117,83.32801560586789,83.32801560586789,2.852,1.9,7.0370724,4.10328,0.0,0.7796319941321159,男性,0,True
2005,35,20～39歳,300,3000000.0,203680.05867885152,555839.2958537817,94900.0,61200.0,207711.47,121114.0,0.0,23388.9598239634,352214.4298239634,508314.4298239634,2491685.5701760366,16.943814327465446,83.05618567253455,83.05618567253455,3.163333333333333,2.04,6.923715666666666,4.037133333333333,0.0,0.7796319941321134,男性,0,True
2005,35,20～39歳,350,3500000.0,237626.73512532678,648479.1784960788,117500.0,74200.0,248068.44,144648.0,0.0,27287.119794624,420003.559794624,611703.559794624,2888296.440205376,17.477244565560685,82.52275543443932,82.52275543443932,3.357142857142857,2.12,7.087669714285714,4.1328,0.0,0.7796319941321143,男性,0,True
2005,35,20～39歳,400,4000000.0,271573.41157180205,741119.0611383752,143300.0,89100.0,288284.3,168100.0,0.0,31185.2797652846,487569.5797652846,719969.5797652847,3280030.4202347146,17.99923949413212,82.00076050586787,82.00076050586787,3.5825000000000005,2.2275000000000005,7.207107500000001,4.202500000000001,0.0,0.779631994132115,男性,0,True
2005,35,20～39歳,450,4500000.0,305520.0880182773,833758.9437806723,172000.0,115000.0,311637.76,181712.0,0.0,35083.4397359452,528433.1997359452,815433.1997359452,3684566.800264055,18.12073777190989,81.87926222809011,81.87926222809011,3.822222222222222,2.555555555555556,6.925283555555556,4.038044444444444,0.0,0.7796319941321155,男性,0,True
2005,35,20～39歳,500,5000000.0,339466.7644647526,926398.8264229693,198600.0,145800.0,351994.73,205246.0,0.0,38981.5997066057,596222.3297066058,940622.3297066058,4059377.6702933945,18.812446594132116,81.18755340586789,81.18755340586789,3.972,2.916,7.039894599999999,4.10492,0.0,0.779631994132114,男性,0,True
2005,35,20～39歳,550,5500000.0,373413.4409112278,1019038.7090652664,225200.0,176600.0,392210.59,228698.0,0.0,42879.7596772663,663788.3496772664,1065588.3496772666,4434411.650322733,19.374333630495755,80.62566636950424,80.62566636950424,4.094545454545455,3.2109090909090905,7.131101636363637,4.158145454545455,0.0,0.7796319941321146,男性,0,True
2005,35,20～39歳,600,6000000.0,407360.11735770304,1111678.5917075635,252800.0,208500.0,423995.25,247230.0,0.0,46777.9196479269,718003.1696479269,1179303.169647927,4820696.830352074,19.65505282746545,80.34494717253456,80.34494717253456,4.213333333333334,3.4750000000000005,7.066587500000001,4.1205,0.0,0.779631994132115,男性,0,True
2005,35,20～39歳,650,6500000.0,441306.7938041783,1204318.4743498599,297100.0,240500.0,455921.02,265844.0,0.0,50676.0796185875,772441.0996185875,1310041.0996185876,5189958.900381412,20.15447845567058,79.84552154432943,79.84552154432943,4.570769230769231,3.6999999999999997,7.014169538461538,4.089907692307692,0.0,0.7796319941321154,男性,0,True
2005,35,20～39歳,700,7000000.0,475253.47025065357,1296958.3569921576,358800.0,278300.0,487705.6800000001,284376.0,0.0,54574.239589248,826655.9195892483,1463755.9195892483,5536244.0804107515,20.910798851274976,79.08920114872502,79.08920114872502,5.1257142857142854,3.975714285714286,6.967224000000001,4.062514285714286,0.0,0.7796319941321143,男性,0,True
2005,35,20～39歳,750,7500000.0,509200.14669712883,1389598.239634454,422200.0,317900.0,519490.34,302908.0,0.0,58472.3995599086,880870.7395599087,1620970.7395599089,5879029.260440091,21.612943194132118,78.38705680586787,78.38705680586787,5.629333333333333,4.238666666666667,6.926537866666667,4.038773333333333,0.0,0.7796319941321146,男性,0,True
2005,35,20～39歳,800,8000000.0,543146.8231436041,1482238.1222767504,485400.0,357400.0,551416.11,321522.0,0.0,62370.5595305692,935308.6695305692,1778108.669530569,6221891.3304694295,22.226358369132114,77.77364163086787,77.77364163086787,6.067500000000001,4.4675,6.892701375000001,4.019025,0.0,0.779631994132115,男性,0,True
2005,35,20～39歳,850,8500000.0,577093.4995900794,1574878.0049190475,542400.0,393000.0,608494.3700000001,354814.0,0.0,66268.7195012298,1029577.0895012299,1964977.08950123,6535022.91049877,23.117377523543883,76.88262247645612,76.88262247645612,6.381176470588236,4.623529411764706,7.158757294117649,4.1742823529411766,0.0,0.7796319941321154,男性,0,True
2005,35,20～39歳,900,9000000.0,611040.1760365546,1667517.8875613445,605700.0,432600.0,640279.03,373346.0,0.0,70166.8794718903,1083791.9094718904,2122091.9094718904,6877908.09052811,23.578798994132118,76.42120100586789,76.42120100586789,6.7299999999999995,4.806666666666667,7.114211444444445,4.148288888888889,0.0,0.7796319941321144,男性,0,True
2005,35,20～39歳,950,9500000.0,644986.8524830298,1760157.7702036416,673100.0,474700.0,646911.2000000001,391960.0,0.0,74065.0394425509,1112936.239442551,2260736.239442551,7239263.7605574485,23.797223573079485,76.20277642692052,76.20277642692052,7.085263157894736,4.996842105263158,6.809591578947368,4.125894736842105,0.0,0.7796319941321147,男性,0,True
2005,35,20～39歳,1000,10000000.0,678933.5289295051,1852797.6528459387,740400.0,516800.0,653402.26,410492.0,0.0,77963.1994132115,1141857.4594132116,2399057.459413212,7600942.540586788,23.99057459413212,76.00942540586789,76.00942540586789,7.404,5.167999999999999,6.5340226,4.10492,0.0,0.779631994132115,男性,0,True
2005,35,20～39歳,1050,10500000.0,712880.2053759804,1945437.5354882358,811800.0,561400.0,659893.3200000001,429024.0,0.0,81861.3593838721,1170778.679383872,2543978.679383872,7956021.320616128,24.228368375084496,75.7716316249155,75.7716316249155,7.731428571428571,5.346666666666667,6.284698285714287,4.085942857142857,0.0,0.7796319941321153,男性,0,True
2005,35,20～39歳,1100,11000000.0,746826.8818224556,2038077.4181305328,882400.0,611900.0,666525.49,452558.0,0.0,85759.5193545326,1204843.0093545327,2699143.0093545327,8300856.990645467,24.537663721404844,75.46233627859516,75.46233627859516,8.021818181818182,5.5627272727272725,6.059322636363636,4.114163636363637,0.0,0.7796319941321146,男性,0,True
2005,35,20～39歳,1150,11500000.0,780773.5582689309,2130717.30077283,952900.0,669200.0,673016.55,476010.0,0.0,89657.6793251932,1238684.2293251932,2860784.229325193,8639215.770674806,24.876384602827763,75.12361539717223,75.12361539717223,8.28608695652174,5.8191304347826085,5.852317826086957,4.1392173913043475,0.0,0.7796319941321147,男性,0,True
2005,35,20～39歳,1200,12000000.0,814720.2347154061,2223357.183415127,1029400.0,726600.0,679507.61,499462.0,0.0,93555.8392958538,1272525.4492958537,3028525.4492958537,8971474.550704146,25.237712077465446,74.76228792253455,74.76228792253455,8.578333333333333,6.055,5.662563416666667,4.162183333333333,0.0,0.779631994132115,男性,0,True
2005,35,20～39歳,1250,12500000.0,848666.9111618813,2315997.066057424,1121600.0,786500.0,685998.67,503234.0,0.0,97453.9992665144,1286686.6692665142,3194786.6692665145,9305213.330733486,25.55829335413212,74.4417066458679,74.4417066458679,8.9728,6.292000000000001,5.48798936,4.025872,0.0,0.7796319941321151,男性,0,True
2005,35,20～39歳,1300,13000000.0,882613.5876083566,2408636.9486997197,1208800.0,843200.0,692630.8400000001,531688.0,0.0,101352.1592371749,1325670.999237175,3377670.999237175,9622329.000762824,25.982084609516733,74.01791539048325,74.01791539048325,9.298461538461538,6.4861538461538455,5.3279295384615395,4.089907692307692,0.0,0.7796319941321146,男性,0,True
2005,35,20～39歳,1350,13500000.0,916560.2640548319,2501276.831342017,1334000.0,899900.0,699121.9,560060.0,0.0,105250.3192078355,1364432.2192078354,3598332.2192078354,9901667.780792166,26.654312734872853,73.34568726512715,73.34568726512715,9.881481481481481,6.665925925925927,5.178680740740741,4.148592592592593,0.0,0.7796319941321149,男性,0,True
2005,35,20～39歳,1400,14000000.0,950506.9405013071,2593916.7139843153,1472300.0,959800.0,705612.96,563832.0,0.0,109148.4791784961,1378593.4391784961,3810693.439178496,10189306.560821503,27.219238851274973,72.78076114872502,72.78076114872502,10.516428571428571,6.855714285714286,5.040092571428572,4.027371428571429,0.0,0.779631994132115,男性,0,True
2005,35,20～39歳,1450,14500000.0,984453.6169477823,2686556.596626611,1603100.0,1016500.0,712245.13,592286.0,0.0,113046.6391491566,1417577.7691491565,4037177.7691491563,10462822.230850844,27.84260530447694,72.15739469552305,72.15739469552305,11.055862068965517,7.010344827586207,4.912035379310345,4.0847310344827585,0.0,0.7796319941321145,男性,0,True
2005,35,20～39歳,1500,15000000.0,1018400.2933942577,2779196.479268908,1741400.0,1076400.0,718736.1900000001,596058.0,0.0,116944.7991198172,1431738.9891198173,4249538.9891198175,10750461.010880183,28.330259927465452,71.66974007253457,71.66974007253457,11.609333333333334,7.176,4.791574600000001,3.97372,0.0,0.7796319941321146,男性,0,True
2005,45,40～64歳,200,2000000.0,135786.70578590102,370559.5305691876,47300.0,33600.0,139083.43,81098.0,12174.9,15592.6398826423,247948.9698826423,328848.9698826423,1671151.0301173576,16.442448494132115,83.55755150586789,83.55755150586789,2.365,1.6800000000000002,6.9541715,4.0549,0.608745,0.779631994132115,男性,0,True
2005,45,40～64歳,250,2500000.0,169733.3822323763,463199.4132114847,70000.0,46800.0,175926.81,102582.0,15399.5,19490.7998533029,313399.1098533029,430199.1098533029,2069800.8901466972,17.207964394132116,82.79203560586788,82.79203560586788,2.8000000000000003,1.872,7.0370724,4.10328,0.61598,0.7796319941321159,男性,0,True
2005,45,40～64歳,300,3000000.0,203680.05867885152,555839.2958537817,93500.0,60300.0,207711.47,121114.0,18182.5,23388.9598239634,370396.9298239634,524196.9298239634,2475803.0701760366,17.473230994132113,82.52676900586789,82.52676900586789,3.1166666666666667,2.01,6.923715666666666,4.037133333333333,0.6060833333333333,0.7796319941321134,男性,0,True
2005,45,40～64歳,350,3500000.0,237626.73512532678,648479.1784960788,115800.0,73200.0,248068.44,144648.0,21714.0,27287.119794624,441717.559794624,630717.559794624,2869282.440205376,18.02050170841783,81.97949829158217,81.97949829158217,3.3085714285714287,2.0914285714285716,7.087669714285714,4.1328,0.6204000000000001,0.7796319941321143,男性,0,True
2005,45,40～64歳,400,4000000.0,271573.41157180205,741119.0611383752,141300.0,88000.0,288284.3,168100.0,25233.0,31185.2797652846,512802.5797652846,742102.5797652847,3257897.4202347146,18.552564494132117,81.44743550586787,81.44743550586787,3.5325,2.2,7.207107500000001,4.202500000000001,0.6308250000000001,0.779631994132115,男性,0,True
2005,45,40～64歳,450,4500000.0,305520.0880182773,833758.9437806723,169900.0,112500.0,311637.76,181712.0,27280.0,35083.4397359452,555713.1997359452,838113.1997359452,3661886.800264055,18.624737771909892,81.37526222809011,81.37526222809011,3.7755555555555556,2.5,6.925283555555556,4.038044444444444,0.6062222222222222,0.7796319941321155,男性,0,True
2005,45,40～64歳,500,5000000.0,339466.7644647526,926398.8264229693,196100.0,142900.0,351994.73,205246.0,30811.5,38981.5997066057,627033.8297066058,966033.8297066058,4033966.1702933945,19.320676594132117,80.67932340586789,80.67932340586789,3.9219999999999997,2.858,7.039894599999999,4.10492,0.6162299999999999,0.779631994132114,男性,0,True
2005,45,40～64歳,550,5500000.0,373413.4409112278,1019038.7090652664,222400.0,173300.0,392210.59,228698.0,34330.5,42879.7596772663,698118.8496772664,1093818.8496772666,4406181.150322733,19.887615448677572,80.11238455132242,80.11238455132242,4.043636363636364,3.150909090909091,7.131101636363637,4.158145454545455,0.624190909090909,0.7796319941321146,男性,0,True
2005,45,40～64歳,600,6000000.0,407360.11735770304,1111678.5917075635,249900.0,205000.0,423995.25,247230.0,37113.5,46777.9196479269,755116.6696479269,1210016.669647927,4789983.330352074,20.166944494132117,79.83305550586789,79.83305550586789,4.165,3.4166666666666665,7.066587500000001,4.1205,0.6185583333333333,0.779631994132115,男性,0,True
2005,45,40～64歳,650,6500000.0,441306.7938041783,1204318.4743498599,290700.0,236800.0,455921.02,265844.0,39909.0,50676.0796185875,812350.0996185875,1339850.0996185876,5160149.900381412,20.613078455670582,79.38692154432943,79.38692154432943,4.472307692307692,3.643076923076923,7.014169538461538,4.089907692307692,0.6139846153846154,0.7796319941321154,男性,0,True
2005,45,40～64歳,700,7000000.0,475253.47025065357,1296958.3569921576,352000.0,274000.0,487705.6800000001,284376.0,42692.0,54574.239589248,869347.9195892483,1495347.9195892483,5504652.0804107515,21.36211313698926,78.63788686301073,78.63788686301073,5.0285714285714285,3.9142857142857146,6.967224000000001,4.062514285714286,0.6098857142857143,0.7796319941321143,男性,0,True
2005,45,40～64歳,750,7500000.0,509200.14669712883,1389598.239634454,414800.0,313300.0,519490.34,302908.0,45475.0,58472.3995599086,926345.7395599087,1654445.7395599089,5845554.260440091,22.059276527465453,77.94072347253454,77.94072347253454,5.530666666666666,4.177333333333333,6.926537866666667,4.038773333333333,0.6063333333333333,0.7796319941321146,男性,0,True
2005,45,40～64歳,800,8000000.0,543146.8231436041,1482238.1222767504,477700.0,352600.0,551416.11,321522.0,48270.5,62370.5595305692,983579.1695305692,1813879.169530569,6186120.8304694295,22.673489619132116,77.32651038086787,77.32651038086787,5.971250000000001,4.407500000000001,6.892701375000001,4.019025,0.6033812500000001,0.779631994132115,男性,0,True
2005,45,40～64歳,850,8500000.0,577093.4995900794,1574878.0049190475,533900.0,387700.0,608494.3700000001,354814.0,53261.5,66268.7195012298,1082838.5895012298,2004438.5895012298,6495561.41049877,23.58163046472035,76.41836953527965,76.41836953527965,6.281176470588236,4.561176470588235,7.158757294117649,4.1742823529411766,0.6266058823529412,0.7796319941321154,男性,0,True
2005,45,40～64歳,900,9000000.0,611040.1760365546,1667517.8875613445,596800.0,427000.0,640279.03,373346.0,56044.5,70166.8794718903,1139836.4094718904,2163636.4094718904,6836363.59052811,24.040404549687672,75.95959545031234,75.95959545031234,6.631111111111111,4.7444444444444445,7.114211444444445,4.148288888888889,0.6227166666666667,0.7796319941321144,男性,0,True
2005,45,40～64歳,950,9500000.0,644986.8524830298,1760157.7702036416,663600.0,468800.0,646911.2000000001,391960.0,58840.0,74065.0394425509,1171776.239442551,2304176.239442551,7195823.7605574485,24.25448673097422,75.74551326902578,75.74551326902578,6.985263157894737,4.934736842105263,6.809591578947368,4.125894736842105,0.6193684210526316,0.7796319941321147,男性,0,True
2005,45,40～64歳,1000,10000000.0,678933.5289295051,1852797.6528459387,730500.0,510600.0,653402.26,410492.0,61623.0,77963.1994132115,1203480.4594132116,2444580.459413212,7555419.540586788,24.445804594132117,75.55419540586789,75.55419540586789,7.305000000000001,5.106,6.5340226,4.10492,0.6162299999999999,0.779631994132115,男性,0,True
2005,45,40～64歳,1050,10500000.0,712880.2053759804,1945437.5354882358,801400.0,554900.0,659893.3200000001,429024.0,64406.0,81861.3593838721,1235184.679383872,2591484.679383872,7908515.320616128,24.68080647032259,75.3191935296774,75.3191935296774,7.632380952380953,5.284761904761905,6.284698285714287,4.085942857142857,0.6133904761904763,0.7796319941321153,男性,0,True
2005,45,40～64歳,1100,11000000.0,746826.8818224556,2038077.4181305328,871500.0,603100.0,666525.49,452558.0,67937.5,85759.5193545326,1272780.5093545327,2747380.5093545327,8252619.490645467,24.97618644867757,75.02381355132243,75.02381355132243,7.922727272727273,5.4827272727272724,6.059322636363636,4.114163636363637,0.6176136363636364,0.7796319941321146,男性,0,True
2005,45,40～64歳,1150,11500000.0,780773.5582689309,2130717.30077283,941400.0,659900.0,673016.55,476010.0,71456.5,89657.6793251932,1310140.7293251932,2911440.729325193,8588559.270674806,25.31687590717559,74.6831240928244,74.6831240928244,8.18608695652174,5.7382608695652175,5.852317826086957,4.1392173913043475,0.6213608695652174,0.7796319941321147,男性,0,True
2005,45,40～64歳,1200,12000000.0,814720.2347154061,2223357.183415127,1014400.0,716800.0,679507.61,499462.0,74975.5,93555.8392958538,1347500.9492958537,3078700.9492958537,8921299.050704146,25.655841244132116,74.34415875586788,74.34415875586788,8.453333333333333,5.973333333333334,5.662563416666667,4.162183333333333,0.6247958333333333,0.779631994132115,男性,0,True
2005,45,40～64歳,1250,12500000.0,848666.9111618813,2315997.066057424,1106400.0,776600.0,685998.67,503234.0,75550.5,97453.9992665144,1362237.1692665142,3245237.1692665145,9254762.830733486,25.96189735413212,74.03810264586788,74.03810264586788,8.851199999999999,6.2128000000000005,5.48798936,4.025872,0.6044039999999999,0.7796319941321151,男性,0,True
2005,45,40～64歳,1300,13000000.0,882613.5876083566,2408636.9486997197,1192800.0,832800.0,692630.8400000001,531688.0,79818.0,101352.1592371749,1405488.999237175,3431088.999237175,9568911.000762824,26.392992301824425,73.60700769817556,73.60700769817556,9.175384615384615,6.406153846153846,5.3279295384615395,4.089907692307692,0.6139846153846154,0.7796319941321146,男性,0,True
2005,45,40～64歳,1350,13500000.0,916560.2640548319,2501276.831342017,1308800.0,888900.0,699121.9,560060.0,84073.0,105250.3192078355,1448505.2192078354,3646205.2192078354,9853794.780792166,27.008927549687666,72.99107245031233,72.99107245031233,9.694814814814814,6.584444444444444,5.178680740740741,4.148592592592593,0.622762962962963,0.7796319941321149,男性,0,True
2005,45,40～64歳,1400,14000000.0,950506.9405013071,2593916.7139843153,1446800.0,948700.0,705612.96,563832.0,84648.0,109148.4791784961,1463241.4391784961,3858741.439178496,10141258.560821503,27.562438851274973,72.43756114872502,72.43756114872502,10.334285714285715,6.77642857142857,5.040092571428572,4.027371428571429,0.6046285714285714,0.779631994132115,男性,0,True
2005,45,40～64歳,1450,14500000.0,984453.6169477823,2686556.596626611,1576400.0,1004900.0,712245.13,592286.0,88915.5,113046.6391491566,1506493.2691491565,4087793.2691491563,10412206.730850844,28.191677718270043,71.80832228172996,71.80832228172996,10.871724137931034,6.930344827586207,4.912035379310345,4.0847310344827585,0.6132103448275863,0.7796319941321145,男性,0,True
2005,45,40～64歳,1500,15000000.0,1018400.2933942577,2779196.479268908,1714400.0,1064700.0,718736.1900000001,596058.0,89490.5,116944.7991198172,1521229.4891198173,4300329.4891198175,10699670.510880183,28.668863260798783,71.33113673920121,71.33113673920121,11.429333333333332,7.098,4.791574600000001,3.97372,0.5966033333333333,0.7796319941321146,男性,0,True
2006,35,20～39歳,200,2000000.0,135363.9413345954,375632.703984855,53900.0,66400.0,142873.79,81262.0,0.0,16000.0,240135.79,360435.79,1639564.2099999997,18.021789500000004,81.97821049999999,81.97821049999999,2.6950000000000003,3.3200000000000007,7.143689500000002,4.0631,0.0,0.8,男性,0,True
2006,35,20～39歳,250,2500000.0,169204.92666824427,469540.8799810689,79700.0,95100.0,180789.3,102828.0,0.0,20000.0,303617.3,478417.3,2021582.7,19.136692,80.863308,80.863308,3.1879999999999997,3.804,7.231572,4.11312,0.0,0.8,男性,0,True
2006,35,20～39歳,300,3000000.0,203045.91200189313,563449.0559772825,106200.0,124600.0,213518.65,121442.0,0.0,24000.0,358960.65,589760.65,2410239.35,19.658688333333334,80.34131166666667,80.34131166666667,3.54,4.153333333333333,7.117288333333333,4.048066666666666,0.0,0.8,男性,0,True
2006,35,20～39歳,350,3500000.0,236886.897335542,657357.2319734964,131500.0,152700.0,254891.6,144976.0,0.0,28000.0,427867.6,712067.6,2787932.4,20.34478857142857,79.65521142857142,79.65521142857142,3.7571428571428567,4.362857142857143,7.282617142857142,4.142171428571428,0.0,0.8,男性,0,True
2006,35,20～39歳,400,4000000.0,270727.8826691908,751265.40796971,160400.0,184800.0,296264.55,168510.0,0.0,32000.0,496774.55,841974.55,3158025.4499999993,21.04936375,78.95063624999999,78.95063624999999,4.010000000000001,4.62,7.40661375,4.212750000000001,0.0,0.8,男性,0,True
2006,35,20～39歳,450,4500000.0,304568.8680028397,845173.5839659239,192600.0,220600.0,320350.3,182204.0,0.0,36000.0,538554.3,951754.3,3548245.7,21.150095555555556,78.84990444444445,78.84990444444445,4.279999999999999,4.902222222222222,7.1188955555555555,4.048977777777778,0.0,0.8,男性,0,True
2006,35,20～39歳,500,5000000.0,338409.85333648854,939081.7599621378,222400.0,253700.0,361723.25,205738.0,0.0,40000.0,607461.25,1083561.25,3916438.75,21.671225,78.328775,78.328775,4.4479999999999995,5.074,7.234464999999999,4.1147599999999995,0.0,0.8,男性,0,True
2006,35,20～39歳,550,5500000.0,372250.8386701374,1032989.935958351,252200.0,286800.0,403096.2,229272.0,0.0,44000.0,676368.2,1215368.2,4284631.8,22.097603636363637,77.90239636363636,77.90239636363636,4.585454545454545,5.214545454545454,7.329021818181819,4.168581818181819,0.0,0.8,男性,0,True
2006,35,20～39歳,600,6000000.0,406091.82400378626,1126898.111954565,283300.0,321300.0,435825.55,247886.0,0.0,48000.0,731711.55,1336311.55,4663688.45,22.27185916666667,77.72814083333334,77.72814083333334,4.721666666666667,5.355,7.2637591666666665,4.131433333333334,0.0,0.8,男性,0,True
2006,35,20～39歳,650,6500000.0,439932.80933743506,1220806.2879507788,331500.0,355700.0,468554.9,266500.0,0.0,52000.0,787054.9,1474254.9,5025745.1,22.68084461538461,77.31915538461539,77.31915538461539,5.1,5.472307692307692,7.208536923076923,4.1000000000000005,0.0,0.8,男性,0,True
2006,35,20～39歳,700,7000000.0,473773.794671084,1314714.4639469928,400800.0,394200.0,501284.25,285114.0,0.0,56000.0,842398.25,1637398.25,5362601.75,23.39140357142857,76.60859642857143,76.60859642857143,5.725714285714285,5.631428571428572,7.161203571428572,4.0730571428571425,0.0,0.8,男性,0,True
2006,35,20～39歳,750,7500000.0,507614.7800047328,1408622.6399432067,471900.0,433700.0,534013.6,303728.0,0.0,60000.0,897741.6,1803341.6,5696658.4,24.044554666666667,75.95544533333334,75.95544533333334,6.292000000000001,5.782666666666667,7.120181333333334,4.049706666666666,0.0,0.8,男性,0,True
2006,35,20～39歳,800,8000000.0,541455.7653383816,1502530.81593942,542800.0,473100.0,566742.95,322342.0,0.0,64000.0,953084.95,1968984.95,6031015.049999999,24.612311875000003,75.387688125,75.387688125,6.785000000000001,5.913750000000001,7.084286874999999,4.029275,0.0,0.8,男性,0,True
2006,35,20～39歳,850,8500000.0,575296.7506720305,1596438.9919356345,606600.0,508500.0,625403.1,355716.0,0.0,68000.0,1049119.1,2164219.1,6335780.9,25.461401176470588,74.53859882352941,74.53859882352941,7.136470588235294,5.982352941176471,7.357683529411764,4.184894117647059,0.0,0.8,男性,0,True
2006,35,20～39歳,900,9000000.0,609137.7360056794,1690347.1679318477,677700.0,548000.0,658132.45,374330.0,0.0,72000.0,1104462.45,2330162.45,6669837.55,25.890693888888887,74.10930611111111,74.10930611111111,7.53,6.088888888888889,7.312582777777778,4.159222222222223,0.0,0.8,男性,0,True
2006,35,20～39歳,950,9500000.0,642978.7213393282,1784255.343928061,753400.0,590100.0,664931.0,392944.0,0.0,76000.0,1133875.0,2477375.0,7022625.0,26.07763157894737,73.92236842105262,73.92236842105262,7.930526315789474,6.21157894736842,6.999273684210526,4.136252631578947,0.0,0.8,男性,0,True
2006,35,20～39歳,1000,10000000.0,676819.7066729771,1878163.5199242756,829000.0,632100.0,671729.5499999999,411558.0,0.0,80000.0,1163287.5499999998,2624387.55,7375612.45,26.243875499999998,73.7561245,73.7561245,8.290000000000001,6.321000000000001,6.7172955,4.11558,0.0,0.8,男性,0,True
2006,35,20～39歳,1050,10500000.0,710660.6920066259,1972071.6959204888,909300.0,676700.0,678528.1,430172.0,0.0,84000.0,1192700.1,2778700.1,7721299.9,26.463810476190474,73.53618952380953,73.53618952380953,8.66,6.444761904761904,6.46217238095238,4.09687619047619,0.0,0.8,男性,0,True
2006,35,20～39歳,1100,11000000.0,744501.6773402748,2065979.871916702,988700.0,720800.0,685182.0,453624.0,0.0,88000.0,1226806.0,2936306.0,8063694.0,26.69369090909091,73.3063090909091,73.3063090909091,8.988181818181818,6.552727272727273,6.228927272727272,4.123854545454545,0.0,0.8,男性,0,True
2006,35,20～39歳,1150,11500000.0,778342.6626739237,2159888.0479129166,1067900.0,764800.0,691980.5499999999,477158.0,0.0,92000.0,1261138.5499999998,3093838.55,8406161.45,26.902943913043476,73.09705608695651,73.09705608695651,9.28608695652174,6.650434782608696,6.0172221739130425,4.1492,0.0,0.8,男性,0,True
2006,35,20～39歳,1200,12000000.0,812183.6480075725,2253796.22390913,1149800.0,808900.0,698779.1,500692.0,0.0,96000.0,1295471.1,3254171.1,8745828.9,27.118092500000003,72.8819075,72.8819075,9.581666666666667,6.740833333333334,5.823159166666667,4.172433333333333,0.0,0.8,男性,0,True
2006,35,20～39歳,1250,12500000.0,846024.6333412213,2347704.3999053445,1241800.0,854900.0,705577.6499999999,504546.0,0.0,100000.0,1310123.65,3406823.65,9093176.35,27.2545892,72.7454108,72.7454108,9.9344,6.839199999999999,5.6446212,4.0363679999999995,0.0,0.8,男性,0,True
2006,35,20～39歳,1300,13000000.0,879865.6186748701,2441612.5759015577,1329000.0,898500.0,712376.2,533000.0,0.0,104000.0,1349376.2,3576876.2,9423123.8,27.51443230769231,72.4855676923077,72.4855676923077,10.223076923076924,6.911538461538462,5.479816923076922,4.1000000000000005,0.0,0.8,男性,0,True
2006,35,20～39歳,1350,13500000.0,913706.6040085191,2535520.751897771,1451800.0,942100.0,719174.75,561454.0,0.0,108000.0,1388628.75,3782528.75,9717471.25,28.018731481481478,71.98126851851852,71.98126851851852,10.754074074074074,6.978518518518519,5.32722037037037,4.158918518518519,0.0,0.8,男性,0,True
2006,35,20～39歳,1400,14000000.0,947547.589342168,2629428.9278939855,1589800.0,988100.0,725973.2999999999,565308.0,0.0,112000.0,1403281.2999999998,3981181.3,10018818.7,28.437009285714282,71.56299071428572,71.56299071428572,11.355714285714285,7.057857142857143,5.185523571428571,4.037914285714286,0.0,0.8,男性,0,True
2006,35,20～39歳,1450,14500000.0,981388.5746758167,2723337.1038901987,1720600.0,1031700.0,732771.85,593762.0,0.0,116000.0,1442533.85,4194833.85,10305166.15,28.929888620689653,71.07011137931035,71.07011137931035,11.866206896551725,7.115172413793104,5.053598965517241,4.0949103448275865,0.0,0.8,男性,0,True
2006,35,20～39歳,1500,15000000.0,1015229.5600094656,2817245.2798864134,1858600.0,1077700.0,739570.3999999999,597616.0,0.0,120000.0,1457186.4,4393486.4,10606513.6,29.289909333333338,70.71009066666667,70.71009066666667,12.390666666666666,7.184666666666667,4.930469333333333,3.984106666666667,0.0,0.8,男性,0,True
2006,45,40～64歳,200,2000000.0,135363.9413345954,375632.703984855,52800.0,65200.0,142873.79,81262.0,12216.1,16000.0,252351.89,370351.89,1629648.1099999999,18.517594500000005,81.4824055,81.4824055,2.64,3.2600000000000002,7.143689500000002,4.0631,0.6108050000000002,0.8,男性,0,True
2006,45,40～64歳,250,2500000.0,169204.92666824427,469540.8799810689,78300.0,93500.0,180789.3,102828.0,15458.2,20000.0,319075.5,490875.5,2009124.5,19.63502,80.36498,80.36498,3.132,3.74,7.231572,4.11312,0.618328,0.8,男性,0,True
2006,45,40～64歳,300,3000000.0,203045.91200189313,563449.0559772825,104500.0,122700.0,213518.65,121442.0,18256.3,24000.0,377216.95,604416.95,2395583.05,20.147231666666666,79.85276833333333,79.85276833333333,3.4833333333333334,4.09,7.117288333333333,4.048066666666666,0.6085433333333333,0.8,男性,0,True
2006,45,40～64歳,350,3500000.0,236886.897335542,657357.2319734964,129600.0,150500.0,254891.6,144976.0,21794.4,28000.0,449662.0,729762.0,2770238.0,20.850342857142856,79.14965714285714,79.14965714285714,3.7028571428571433,4.3,7.282617142857142,4.142171428571428,0.6226971428571428,0.8,男性,0,True
2006,45,40～64歳,400,4000000.0,270727.8826691908,751265.40796971,158100.0,182200.0,296264.55,168510.0,25332.5,32000.0,522107.05,862407.05,3137592.9499999993,21.560176250000005,78.43982374999999,78.43982374999999,3.9525000000000006,4.555000000000001,7.40661375,4.212750000000001,0.6333125000000001,0.8,男性,0,True
2006,45,40～64歳,450,4500000.0,304568.8680028397,845173.5839659239,190200.0,217900.0,320350.3,182204.0,27390.6,36000.0,565944.9,974044.9,3525955.1,21.645442222222222,78.35455777777779,78.35455777777779,4.226666666666667,4.842222222222222,7.1188955555555555,4.048977777777778,0.60868,0.8,男性,0,True
2006,45,40～64歳,500,5000000.0,338409.85333648854,939081.7599621378,219600.0,250600.0,361723.25,205738.0,30928.7,40000.0,638389.95,1108589.95,3891410.05,22.171799,77.82820099999999,77.82820099999999,4.392,5.012,7.234464999999999,4.1147599999999995,0.6185740000000001,0.8,男性,0,True
2006,45,40～64歳,550,5500000.0,372250.8386701374,1032989.935958351,249200.0,283400.0,403096.2,229272.0,34466.8,44000.0,710835.0,1243435.0,4256565.0,22.60790909090909,77.39209090909091,77.39209090909091,4.530909090909091,5.152727272727272,7.329021818181819,4.168581818181819,0.626669090909091,0.8,男性,0,True
2006,45,40～64歳,600,6000000.0,406091.82400378626,1126898.111954565,279900.0,317600.0,435825.55,247886.0,37264.9,48000.0,768976.4500000001,1366476.4500000002,4633523.55,22.774607500000002,77.2253925,77.2253925,4.665,5.293333333333333,7.2637591666666665,4.131433333333334,0.6210816666666668,0.8,男性,0,True
2006,45,40～64歳,650,6500000.0,439932.80933743506,1220806.2879507788,324300.0,351700.0,468554.9,266500.0,40063.0,52000.0,827117.9,1503117.9,4996882.1,23.12489076923077,76.87510923076923,76.87510923076923,4.98923076923077,5.4107692307692306,7.208536923076923,4.1000000000000005,0.6163538461538461,0.8,男性,0,True
2006,45,40～64歳,700,7000000.0,473773.794671084,1314714.4639469928,393100.0,389900.0,501284.25,285114.0,42861.1,56000.0,885259.35,1668259.35,5331740.65,23.83227642857143,76.16772357142858,76.16772357142858,5.615714285714286,5.57,7.161203571428572,4.0730571428571425,0.6123014285714286,0.8,男性,0,True
2006,45,40～64歳,750,7500000.0,507614.7800047328,1408622.6399432067,463600.0,429100.0,534013.6,303728.0,45659.2,60000.0,943400.7999999999,1836100.7999999998,5663899.2,24.481343999999996,75.51865600000001,75.51865600000001,6.181333333333333,5.721333333333333,7.120181333333334,4.049706666666666,0.6087893333333333,0.8,男性,0,True
2006,45,40～64歳,800,8000000.0,541455.7653383816,1502530.81593942,534200.0,468300.0,566742.95,322342.0,48457.3,64000.0,1001542.25,2004042.25,5995957.749999999,25.050528125000003,74.949471875,74.949471875,6.6775,5.853750000000001,7.084286874999999,4.029275,0.6057162500000001,0.8,男性,0,True
2006,45,40～64歳,850,8500000.0,575296.7506720305,1596438.9919356345,597000.0,503200.0,625403.1,355716.0,53475.4,68000.0,1102594.5,2202794.5,6297205.5,25.915229411764706,74.08477058823529,74.08477058823529,7.023529411764706,5.92,7.357683529411764,4.184894117647059,0.6291223529411765,0.8,男性,0,True
2006,45,40～64歳,900,9000000.0,609137.7360056794,1690347.1679318477,667600.0,542400.0,658132.45,374330.0,56273.5,72000.0,1160735.95,2370735.95,6629264.05,26.34151055555556,73.65848944444444,73.65848944444444,7.417777777777777,6.026666666666667,7.312582777777778,4.159222222222223,0.625261111111111,0.8,男性,0,True
2006,45,40～64歳,950,9500000.0,642978.7213393282,1784255.343928061,742800.0,584200.0,664931.0,392944.0,59071.6,76000.0,1192946.6,2519946.6,6980053.4,26.525753684210528,73.47424631578949,73.47424631578949,7.818947368421053,6.149473684210526,6.999273684210526,4.136252631578947,0.6218063157894737,0.8,男性,0,True
2006,45,40～64歳,1000,10000000.0,676819.7066729771,1878163.5199242756,817900.0,625900.0,671729.5499999999,411558.0,61869.7,80000.0,1225157.2499999998,2668957.25,7331042.75,26.689572499999997,73.3104275,73.3104275,8.179,6.259,6.7172955,4.11558,0.618697,0.8,男性,0,True
2006,45,40～64歳,1050,10500000.0,710660.6920066259,1972071.6959204888,897600.0,670200.0,678528.1,430172.0,64667.8,84000.0,1257367.9000000001,2825167.9000000004,7674832.1,26.906360952380954,73.09363904761904,73.09363904761904,8.54857142857143,6.382857142857143,6.46217238095238,4.09687619047619,0.6158838095238096,0.8,男性,0,True
2006,45,40～64歳,1100,11000000.0,744501.6773402748,2065979.871916702,976500.0,714000.0,685182.0,453624.0,68193.6,88000.0,1294999.6,2985499.6,8014500.4,27.140905454545454,72.85909454545455,72.85909454545455,8.877272727272727,6.49090909090909,6.228927272727272,4.123854545454545,0.6199418181818181,0.8,男性,0,True
2006,45,40～64歳,1150,11500000.0,778342.6626739237,2159888.0479129166,1055100.0,757700.0,691980.5499999999,477158.0,71731.7,92000.0,1332870.2499999998,3145670.25,8354329.75,27.35365434782609,72.64634565217392,72.64634565217392,9.17478260869565,6.5886956521739135,6.0172221739130425,4.1492,0.6237539130434783,0.8,男性,0,True
2006,45,40～64歳,1200,12000000.0,812183.6480075725,2253796.22390913,1134800.0,801400.0,698779.1,500692.0,75269.8,96000.0,1370740.9000000001,3306940.9000000004,8693059.1,27.557840833333337,72.44215916666667,72.44215916666667,9.456666666666665,6.678333333333334,5.823159166666667,4.172433333333333,0.6272483333333334,0.8,男性,0,True
2006,45,40～64歳,1250,12500000.0,846024.6333412213,2347704.3999053445,1226800.0,847400.0,705577.6499999999,504546.0,75847.9,100000.0,1385971.5499999998,3460171.55,9039828.45,27.681372399999997,72.3186276,72.3186276,9.8144,6.7792,5.6446212,4.0363679999999995,0.6067832,0.8,男性,0,True
2006,45,40～64歳,1300,13000000.0,879865.6186748701,2441612.5759015577,1313000.0,890500.0,712376.2,533000.0,80126.0,104000.0,1429502.2,3633002.2,9366997.8,27.946170769230772,72.05382923076924,72.05382923076924,10.100000000000001,6.8500000000000005,5.479816923076922,4.1000000000000005,0.6163538461538461,0.8,男性,0,True
2006,45,40～64歳,1350,13500000.0,913706.6040085191,2535520.751897771,1426300.0,933600.0,719174.75,561454.0,84404.1,108000.0,1473032.85,3832932.85,9667067.15,28.392095185185184,71.60790481481482,71.60790481481482,10.565185185185186,6.915555555555556,5.32722037037037,4.158918518518519,0.6252155555555556,0.8,男性,0,True
2006,45,40～64歳,1400,14000000.0,947547.589342168,2629428.9278939855,1564300.0,979600.0,725973.2999999999,565308.0,84982.2,112000.0,1488263.4999999998,4032163.5,9967836.5,28.801167857142858,71.19883214285714,71.19883214285714,11.173571428571428,6.997142857142857,5.185523571428571,4.037914285714286,0.6070157142857142,0.8,男性,0,True
2006,45,40～64歳,1450,14500000.0,981388.5746758167,2723337.1038901987,1693900.0,1022800.0,732771.85,593762.0,89260.3,116000.0,1531794.1500000001,4248494.15,10251505.85,29.299959655172415,70.70004034482758,70.70004034482758,11.68206896551724,7.053793103448276,5.053598965517241,4.0949103448275865,0.615588275862069,0.8,男性,0,True
2006,45,40～64歳,1500,15000000.0,1015229.5600094656,2817245.2798864134,1831600.0,1068700.0,739570.3999999999,597616.0,89838.4,120000.0,1547024.7999999998,4447324.8,10552675.2,29.648832,70.351168,70.351168,12.210666666666667,7.124666666666666,4.930469333333333,3.984106666666667,0.5989226666666667,0.8,男性,0,True
2007,35,20～39歳,200,2000000.0,136120.5352460405,366553.5770475139,30000.0,66500.0,145789.17,80934.0,0.0,12816.7232114762,239539.8932114762,336039.8932114762,1663960.1067885237,16.80199466057381,83.19800533942619,83.19800533942619,1.5,3.325,7.289458500000001,4.0467,0.0,0.64083616057381,男性,0,True
2007,35,20～39歳,250,2500000.0,170150.66905755064,458191.9713093925,44300.0,95200.0,184487.51,102418.0,0.0,16020.9040143453,302926.4140143453,442426.4140143453,2057573.5859856547,17.697056560573813,82.30294343942619,82.30294343942619,1.772,3.8080000000000003,7.3795003999999995,4.09672,0.0,0.640836160573812,男性,0,True
2007,35,20～39歳,300,3000000.0,204180.80286906078,549830.3655712707,59100.0,124700.0,217724.06,120868.0,0.0,19225.0848172144,357817.1448172143,541617.1448172142,2458382.8551827855,18.053904827240473,81.94609517275951,81.94609517275951,1.97,4.156666666666667,7.257468666666666,4.028933333333334,0.0,0.6408361605738133,男性,0,True
2007,35,20～39歳,350,3500000.0,238210.9366805709,641468.7598331493,73100.0,152800.0,259964.8,144320.0,0.0,22429.2656200834,426714.0656200834,652614.0656200834,2847385.9343799166,18.64611616057381,81.35388383942619,81.35388383942619,2.0885714285714285,4.365714285714286,7.427565714285714,4.123428571428572,0.0,0.6408361605738113,男性,0,True
2007,35,20～39歳,400,4000000.0,272241.070492081,733107.1540950278,89200.0,184900.0,302205.54,167772.0,0.0,25633.4464229525,495610.9864229524,769710.9864229524,3230289.0135770477,19.242774660573808,80.7572253394262,80.7572253394262,2.23,4.6225000000000005,7.5551385,4.1943,0.0,0.6408361605738125,男性,0,True
2007,35,20～39歳,450,4500000.0,306271.20430359116,824745.548356906,116800.0,220800.0,326734.28,181384.0,0.0,28837.6272258215,536955.9072258216,874555.9072258216,3625444.0927741784,19.43457571612937,80.56542428387064,80.56542428387064,2.5955555555555554,4.906666666666667,7.260761777777779,4.030755555555555,0.0,0.6408361605738111,男性,0,True
2007,35,20～39歳,500,5000000.0,340301.3381151013,916383.942618785,149900.0,253900.0,368975.02,204836.0,0.0,32041.8080286906,605852.8280286907,1009652.8280286907,3990347.1719713095,20.19305656057381,79.80694343942619,79.80694343942619,2.9979999999999998,5.078,7.3795003999999995,4.09672,0.0,0.640836160573812,男性,0,True
2007,35,20～39歳,550,5500000.0,374331.4719266114,1008022.3368806632,183000.0,287000.0,411215.76,228288.0,0.0,35245.9888315597,674749.7488315597,1144749.7488315597,4355250.25116844,20.81363179693745,79.18636820306256,79.18636820306256,3.327272727272727,5.218181818181819,7.476650181818181,4.150690909090909,0.0,0.6408361605738127,男性,0,True
2007,35,20～39歳,600,6000000.0,408361.60573812155,1099660.7311425414,217500.0,321500.0,444452.31,246738.0,0.0,38450.1696344287,729640.4796344287,1268640.4796344289,4731359.520365572,21.14400799390715,78.85599200609286,78.85599200609286,3.6249999999999996,5.358333333333333,7.407538499999999,4.1123,0.0,0.6408361605738117,男性,0,True
2007,35,20～39歳,650,6500000.0,442391.7395496316,1191299.1254044203,271500.0,356000.0,477837.05,265270.0,0.0,41654.3504372978,784761.4004372979,1412261.4004372978,5087738.599562701,21.727098468266124,78.27290153173388,78.27290153173388,4.176923076923077,5.476923076923078,7.351339230769232,4.081076923076924,0.0,0.6408361605738124,男性,0,True
2007,35,20～39歳,700,7000000.0,476421.8733611418,1282937.5196662985,348500.0,394500.0,511221.79,283802.0,0.0,44858.5312401669,839882.3212401669,1582882.321240167,5417117.678759833,22.612604589145242,77.38739541085475,77.38739541085475,4.978571428571429,5.635714285714285,7.3031684285714284,4.054314285714286,0.0,0.6408361605738129,男性,0,True
2007,35,20～39歳,750,7500000.0,510452.0071726519,1374575.9139281774,427300.0,433900.0,544606.53,302334.0,0.0,48062.7120430359,895003.2420430359,1756203.242043036,5743796.757956964,23.41604322724048,76.58395677275952,76.58395677275952,5.697333333333334,5.785333333333333,7.2614204,4.03112,0.0,0.640836160573812,男性,0,True
2007,35,20～39歳,800,8000000.0,544482.140984162,1466214.3081900557,506300.0,473400.0,577991.27,320866.0,0.0,51266.892845905,950124.1628459049,1929824.162845905,6070175.837154095,24.122802035573812,75.87719796442619,75.87719796442619,6.328749999999999,5.9174999999999995,7.224890875000001,4.010825,0.0,0.6408361605738125,男性,0,True
2007,35,20～39歳,850,8500000.0,578512.2747956722,1557852.7024519346,577100.0,508800.0,637795.8200000001,354076.0,0.0,54471.073648774,1046342.8936487741,2132242.8936487744,6367757.106351226,25.085210513514994,74.914789486485,74.914789486485,6.789411764705883,5.985882352941176,7.503480235294119,4.1655999999999995,0.0,0.6408361605738118,男性,0,True
2007,35,20～39歳,900,9000000.0,612542.4086071823,1649491.096713812,656100.0,548300.0,671180.56,372608.0,0.0,57675.2544516431,1101463.8144516433,2305863.8144516433,6694136.185548357,25.620709049462704,74.3792909505373,74.3792909505373,7.290000000000001,6.092222222222222,7.457561777777778,4.140088888888889,0.0,0.6408361605738122,男性,0,True
2007,35,20～39歳,950,9500000.0,646572.5424186924,1741129.490975691,740300.0,590400.0,677997.3,391140.0,0.0,60879.4352545122,1130016.7352545122,2460716.735254512,7039283.264745488,25.902281423731704,74.09771857626829,74.09771857626829,7.792631578947369,6.214736842105263,7.136813684210527,4.117263157894737,0.0,0.6408361605738127,男性,0,True
2007,35,20～39歳,1000,10000000.0,680602.6762302025,1832767.88523757,824700.0,632600.0,684814.04,409672.0,0.0,64083.6160573812,1158569.6560573813,2615869.656057381,7384130.343942619,26.158696560573812,73.84130343942618,73.84130343942618,8.247,6.326,6.848140400000001,4.09672,0.0,0.640836160573812,男性,0,True
2007,35,20～39歳,1050,10500000.0,714632.8100417127,1924406.2794994474,913900.0,677200.0,691630.78,428204.0,0.0,67287.7968602503,1187122.5768602502,2778222.57686025,7721777.42313975,26.459262636764286,73.54073736323572,73.54073736323572,8.703809523809523,6.449523809523809,6.58695980952381,4.078133333333334,0.0,0.6408361605738123,男性,0,True
2007,35,20～39歳,1100,11000000.0,748662.9438532228,2016044.6737613264,1008200.0,721400.0,698447.52,451656.0,0.0,70491.9776631193,1220595.4976631193,2950195.4976631193,8049804.50233688,26.819959069664723,73.18004093033528,73.18004093033528,9.165454545454546,6.558181818181819,6.349522909090909,4.1059636363636365,0.0,0.6408361605738118,男性,0,True
2007,35,20～39歳,1150,11500000.0,782693.0776647329,2107683.0680232053,1109900.0,765600.0,705116.0700000001,475026.0,0.0,73696.1584659884,1253838.2284659885,3129338.2284659883,8370661.771534012,27.211636769269465,72.78836323073054,72.78836323073054,9.651304347826088,6.657391304347826,6.131444086956522,4.130660869565218,0.0,0.6408361605738122,男性,0,True
2007,35,20～39歳,1200,12000000.0,816723.2114762431,2199321.462285083,1211300.0,809700.0,711932.81,498478.0,0.0,76900.3392688575,1287311.1492688574,3308311.149268857,8691688.850731142,27.56925957724048,72.43074042275953,72.43074042275953,10.094166666666666,6.7475,5.9327734166666675,4.153983333333333,0.0,0.6408361605738125,男性,0,True
2007,35,20～39歳,1250,12500000.0,850753.3452877532,2290959.8565469617,1317300.0,855800.0,718749.55,502250.0,0.0,80104.5200717265,1301104.0700717266,3474204.0700717266,9025795.929928273,27.793632560573812,72.20636743942619,72.20636743942619,10.538400000000001,6.8464,5.7499964,4.018,0.0,0.640836160573812,男性,0,True
2007,35,20～39歳,1300,13000000.0,884783.4790992632,2382598.2508088406,1417900.0,899500.0,725566.29,530622.0,0.0,83308.7008745956,1339496.9908745957,3656896.990874596,9343103.009125402,28.129976852881512,71.87002314711849,71.87002314711849,10.906923076923078,6.91923076923077,5.581279153846155,4.081707692307693,0.0,0.6408361605738124,男性,0,True
2007,35,20～39歳,1350,13500000.0,918813.6129107735,2474236.645070718,1555100.0,943200.0,732383.03,558994.0,0.0,86512.8816774646,1377889.9116774646,3876189.911677465,9623810.088322535,28.712517864277515,71.28748213572248,71.28748213572248,11.51925925925926,6.986666666666666,5.425059481481482,4.140696296296296,0.0,0.6408361605738118,男性,0,True
2007,35,20～39歳,1400,14000000.0,952843.7467222837,2565875.039332597,1707200.0,989300.0,739051.58,562684.0,0.0,89717.0624803337,1391452.6424803338,4087952.642480334,9912047.357519666,29.199661732002387,70.8003382679976,70.8003382679976,12.194285714285714,7.066428571428572,5.2789398571428565,4.019171428571429,0.0,0.6408361605738122,男性,0,True
2007,35,20～39歳,1450,14500000.0,986873.8805337936,2657513.433594476,1851400.0,1033000.0,745868.3200000001,591056.0,0.0,92921.2432832028,1429845.5632832027,4314245.563283203,10185754.436716797,29.753417677815193,70.2465823221848,70.2465823221848,12.768275862068965,7.124137931034483,5.143919448275862,4.076248275862069,0.0,0.6408361605738124,男性,0,True
2007,35,20～39歳,1500,15000000.0,1020904.0143453038,2749151.827856355,1997300.0,1077200.0,752685.06,613278.0,0.0,96125.4240860718,1462088.4840860718,4536588.484086072,10463411.515913928,30.243923227240483,69.75607677275953,69.75607677275953,13.315333333333335,7.181333333333334,5.0179004,4.08852,0.0,0.640836160573812,男性,0,True
2007,45,40～64歳,200,2000000.0,136120.5352460405,366553.5770475139,29400.0,65300.0,145789.17,80934.0,12140.1,12816.7232114762,251679.9932114762,346379.9932114762,1653620.0067885239,17.31899966057381,82.68100033942619,82.68100033942619,1.47,3.2649999999999997,7.289458500000001,4.0467,0.607005,0.64083616057381,男性,0,True
2007,45,40～64歳,250,2500000.0,170150.66905755064,458191.9713093925,43500.0,93600.0,184487.51,102418.0,15362.7,16020.9040143453,318289.1140143453,455389.1140143453,2044610.8859856548,18.21556456057381,81.78443543942619,81.78443543942619,1.7399999999999998,3.744,7.3795003999999995,4.09672,0.614508,0.640836160573812,男性,0,True
2007,45,40～64歳,300,3000000.0,204180.80286906078,549830.3655712707,58200.0,122900.0,217724.06,120868.0,18130.2,19225.0848172144,375947.3448172144,557047.3448172144,2442952.6551827854,18.56824482724048,81.43175517275951,81.43175517275951,1.94,4.096666666666667,7.257468666666666,4.028933333333334,0.60434,0.6408361605738133,男性,0,True
2007,45,40～64歳,350,3500000.0,238210.9366805709,641468.7598331493,72000.0,150600.0,259964.8,144320.0,21648.0,22429.2656200834,448362.0656200834,670962.0656200834,2829037.9343799166,19.17034473200238,80.82965526799761,80.82965526799761,2.057142857142857,4.302857142857143,7.427565714285714,4.123428571428572,0.6185142857142857,0.6408361605738113,男性,0,True
2007,45,40～64歳,400,4000000.0,272241.070492081,733107.1540950278,87900.0,182400.0,302205.54,167772.0,25165.8,25633.4464229525,520776.7864229524,791076.7864229524,3208923.2135770475,19.77691966057381,80.22308033942619,80.22308033942619,2.1975000000000002,4.5600000000000005,7.5551385,4.1943,0.629145,0.6408361605738125,男性,0,True
2007,45,40～64歳,450,4500000.0,306271.20430359116,824745.548356906,114000.0,218000.0,326734.28,181384.0,27207.6,28837.6272258215,564163.5072258215,896163.5072258215,3603836.4927741783,19.914744605018257,80.08525539498173,80.08525539498173,2.533333333333333,4.844444444444444,7.260761777777779,4.030755555555555,0.6046133333333332,0.6408361605738111,男性,0,True
2007,45,40～64歳,500,5000000.0,340301.3381151013,916383.942618785,146800.0,250800.0,368975.02,204836.0,30725.4,32041.8080286906,636578.2280286907,1034178.2280286907,3965821.7719713096,20.683564560573814,79.31643543942619,79.31643543942619,2.936,5.016,7.3795003999999995,4.09672,0.614508,0.640836160573812,男性,0,True
2007,45,40～64歳,550,5500000.0,374331.4719266114,1008022.3368806632,179600.0,283600.0,411215.76,228288.0,34243.2,35245.9888315597,708992.9488315596,1172192.9488315596,4327807.05116844,21.31259906966472,78.68740093033527,78.68740093033527,3.2654545454545456,5.156363636363636,7.476650181818181,4.150690909090909,0.6226036363636364,0.6408361605738127,男性,0,True
2007,45,40～64歳,600,6000000.0,408361.60573812155,1099660.7311425414,213800.0,317800.0,444452.31,246738.0,37010.7,38450.1696344287,766651.1796344287,1298251.1796344286,4701748.820365571,21.63751966057381,78.36248033942618,78.36248033942618,3.5633333333333335,5.296666666666667,7.407538499999999,4.1123,0.616845,0.6408361605738117,男性,0,True
2007,45,40～64歳,650,6500000.0,442391.7395496316,1191299.1254044203,263500.0,352000.0,477837.05,265270.0,39790.5,41654.3504372978,824551.9004372979,1440051.9004372978,5059948.099562701,22.154644622112276,77.84535537788771,77.84535537788771,4.0538461538461545,5.415384615384617,7.351339230769232,4.081076923076924,0.6121615384615385,0.6408361605738124,男性,0,True
2007,45,40～64歳,700,7000000.0,476421.8733611418,1282937.5196662985,339900.0,390200.0,511221.79,283802.0,42570.3,44858.5312401669,882452.621240167,1612552.621240167,5387447.378759833,23.03646601771667,76.96353398228332,76.96353398228332,4.855714285714285,5.574285714285714,7.3031684285714284,4.054314285714286,0.6081471428571429,0.6408361605738129,男性,0,True
2007,45,40～64歳,750,7500000.0,510452.0071726519,1374575.9139281774,418300.0,429400.0,544606.53,302334.0,45350.1,48062.7120430359,940353.3420430359,1788053.342043036,5711946.657956964,23.84071122724048,76.15928877275952,76.15928877275952,5.577333333333334,5.725333333333333,7.2614204,4.03112,0.604668,0.640836160573812,男性,0,True
2007,45,40～64歳,800,8000000.0,544482.140984162,1466214.3081900557,496700.0,468600.0,577991.27,320866.0,48129.9,51266.892845905,998254.062845905,1963554.0628459048,6036445.937154096,24.54442578557381,75.45557421442619,75.45557421442619,6.208749999999999,5.8575,7.224890875000001,4.010825,0.60162375,0.6408361605738125,男性,0,True
2007,45,40～64歳,850,8500000.0,578512.2747956722,1557852.7024519346,566500.0,503500.0,637795.8200000001,354076.0,53111.4,54471.073648774,1099454.293648774,2169454.293648774,6330545.706351226,25.522991689985574,74.47700831001443,74.47700831001443,6.664705882352941,5.923529411764706,7.503480235294119,4.1655999999999995,0.6248400000000001,0.6408361605738118,男性,0,True
2007,45,40～64歳,900,9000000.0,612542.4086071823,1649491.096713812,644900.0,542700.0,671180.56,372608.0,55891.2,57675.2544516431,1157355.014451643,2344955.014451643,6655044.985548357,26.055055716129367,73.94494428387063,73.94494428387063,7.165555555555556,6.03,7.457561777777778,4.140088888888889,0.6210133333333333,0.6408361605738122,男性,0,True
2007,45,40～64歳,950,9500000.0,646572.5424186924,1741129.490975691,728700.0,584600.0,677997.3,391140.0,58671.0,60879.4352545122,1188687.7352545122,2501987.735254512,6998012.264745488,26.336713002679073,73.66328699732092,73.66328699732092,7.670526315789473,6.153684210526316,7.136813684210527,4.117263157894737,0.6175894736842105,0.6408361605738127,男性,0,True
2007,45,40～64歳,1000,10000000.0,680602.6762302025,1832767.88523757,812300.0,626400.0,684814.04,409672.0,61450.8,64083.6160573812,1220020.4560573814,2658720.4560573814,7341279.543942619,26.587204560573813,73.41279543942619,73.41279543942619,8.123,6.264,6.848140400000001,4.09672,0.614508,0.640836160573812,男性,0,True
2007,45,40～64歳,1050,10500000.0,714632.8100417127,1924406.2794994474,901100.0,670800.0,691630.78,428204.0,64230.6,67287.7968602503,1251353.1768602503,2823253.1768602505,7676746.8231397495,26.88812549390715,73.11187450609286,73.11187450609286,8.581904761904761,6.388571428571428,6.58695980952381,4.078133333333334,0.6117199999999999,0.6408361605738123,男性,0,True
2007,45,40～64歳,1100,11000000.0,748662.9438532228,2016044.6737613264,992600.0,714600.0,698447.52,451656.0,67748.4,70491.9776631193,1288343.8976631192,2995543.8976631192,8004456.102336881,27.232217251482904,72.76778274851709,72.76778274851709,9.023636363636363,6.496363636363636,6.349522909090909,4.1059636363636365,0.6158945454545454,0.6408361605738118,男性,0,True
2007,45,40～64歳,1150,11500000.0,782693.0776647329,2107683.0680232053,1093300.0,758400.0,705116.0700000001,475026.0,71253.9,73696.1584659884,1325092.1284659884,3176792.1284659887,8323207.871534011,27.624279377965117,72.37572062203488,72.37572062203488,9.50695652173913,6.5947826086956525,6.131444086956522,4.130660869565218,0.6195991304347825,0.6408361605738122,男性,0,True
2007,45,40～64歳,1200,12000000.0,816723.2114762431,2199321.462285083,1194100.0,802200.0,711932.81,498478.0,74771.7,76900.3392688575,1362082.8492688574,3358382.8492688574,8641617.150731143,27.986523743907142,72.01347625609286,72.01347625609286,9.950833333333334,6.6850000000000005,5.9327734166666675,4.153983333333333,0.6230975,0.6408361605738125,男性,0,True
2007,45,40～64歳,1250,12500000.0,850753.3452877532,2290959.8565469617,1300100.0,848300.0,718749.55,502250.0,75337.5,80104.5200717265,1376441.5700717266,3524841.5700717266,8975158.429928273,28.198732560573813,71.80126743942618,71.80126743942618,10.4008,6.7863999999999995,5.7499964,4.018,0.6027,0.640836160573812,男性,0,True
2007,45,40～64歳,1300,13000000.0,884783.4790992632,2382598.2508088406,1399500.0,891500.0,725566.29,530622.0,79593.3,83308.7008745956,1419090.2908745958,3710090.2908745958,9289909.709125403,28.53915608365074,71.46084391634928,71.46084391634928,10.765384615384617,6.857692307692309,5.581279153846155,4.081707692307693,0.612256153846154,0.6408361605738124,男性,0,True
2007,45,40～64歳,1350,13500000.0,918813.6129107735,2474236.645070718,1527300.0,934800.0,732383.03,558994.0,83849.1,86512.8816774646,1461739.0116774647,3923839.0116774645,9576160.988322536,29.065474160573814,70.93452583942619,70.93452583942619,11.313333333333334,6.924444444444444,5.425059481481482,4.140696296296296,0.6211044444444445,0.6408361605738118,男性,0,True
2007,45,40～64歳,1400,14000000.0,952843.7467222837,2565875.039332597,1679500.0,980900.0,739051.58,562684.0,84402.6,89717.0624803337,1475855.242480334,4136255.242480334,9863744.757519666,29.544680303430958,70.45531969656903,70.45531969656903,11.996428571428572,7.006428571428572,5.2789398571428565,4.019171428571429,0.6028757142857144,0.6408361605738122,男性,0,True
2007,45,40～64歳,1450,14500000.0,986873.8805337936,2657513.433594476,1822000.0,1024100.0,745868.3200000001,591056.0,88658.4,92921.2432832028,1518503.9632832026,4364603.963283203,10135396.036716796,30.10071698816002,69.89928301183997,69.89928301183997,12.56551724137931,7.062758620689655,5.143919448275862,4.076248275862069,0.6114372413793103,0.6408361605738124,男性,0,True
2007,45,40～64歳,1500,15000000.0,1020904.0143453038,2749151.827856355,1966900.0,1068000.0,752685.06,613278.0,91991.7,96125.4240860718,1554080.1840860718,4588980.184086071,10411019.815913929,30.593201227240474,69.40679877275953,69.40679877275953,13.112666666666668,7.12,5.0179004,4.08852,0.613278,0.640836160573812,男性,0,True
2008,35,20～39歳,200,2000000.0,136160.95338043186,366068.5594348175,29800.0,66200.0,149283.15,80934.0,0.0,12000.0,242217.15,338217.15,1661782.85,16.910857500000002,83.08914250000001,83.08914250000001,1.49,3.3099999999999996,7.4641575,4.0467,0.0,0.6,男性,0,True
2008,35,20～39歳,250,2500000.0,170201.19172553986,457585.6992935218,44100.0,94800.0,188757.24,102336.0,0.0,15000.0,306093.24,444993.24,2055006.76,17.7997296,82.2002704,82.2002704,1.764,3.7920000000000003,7.5502896,4.09344,0.0,0.6,男性,0,True
2008,35,20～39歳,300,3000000.0,204241.43007064782,549102.8391522261,58900.0,124300.0,222942.02,120868.0,0.0,18000.0,361810.02,545010.02,2454989.98,18.167000666666667,81.83299933333333,81.83299933333333,1.9633333333333332,4.1433333333333335,7.431400666666667,4.028933333333334,0.0,0.6,男性,0,True
2008,35,20～39歳,350,3500000.0,238281.66841575582,640619.9790109304,72900.0,152300.0,266195.2,144320.0,0.0,21000.0,431515.2,656715.2,2843284.8,18.763291428571428,81.23670857142857,81.23670857142857,2.0828571428571427,4.351428571428571,7.605577142857143,4.123428571428572,0.0,0.6,男性,0,True
2008,35,20～39歳,400,4000000.0,272321.9067608637,732137.118869635,88900.0,184300.0,309448.38,167772.0,0.0,24000.0,501220.38,774420.38,3225579.62,19.3605095,80.6394905,80.6394905,2.2225,4.6075,7.7362095,4.1943,0.0,0.6,男性,0,True
2008,35,20～39歳,450,4500000.0,306362.1451059717,823654.2587283393,116200.0,220200.0,334413.03,181302.0,0.0,27000.0,542715.03,879115.03,3620884.9699999997,19.535889555555556,80.46411044444443,80.46411044444443,2.582222222222222,4.8933333333333335,7.431400666666667,4.028933333333334,0.0,0.6,男性,0,True
2008,35,20～39歳,500,5000000.0,340402.3834510797,915171.3985870436,149200.0,253200.0,377666.21,204754.0,0.0,30000.0,612420.21,1014820.21,3985179.79,20.296404199999998,79.7035958,79.7035958,2.984,5.064,7.5533242000000005,4.09508,0.0,0.6,男性,0,True
2008,35,20～39歳,550,5500000.0,374442.62179618765,1006688.5384457479,182200.0,286200.0,420919.39,228206.0,0.0,33000.0,682125.39,1150525.3900000001,4349474.609999999,20.918643454545457,79.08135654545454,79.08135654545454,3.3127272727272725,5.203636363636364,7.653079818181818,4.1492,0.0,0.6,男性,0,True
2008,35,20～39歳,600,6000000.0,408482.86014129565,1098205.6783044522,216700.0,320700.0,455104.17,246738.0,0.0,36000.0,737842.1699999999,1275242.17,4724757.83,21.254036166666666,78.74596383333333,78.74596383333333,3.6116666666666664,5.345,7.5850694999999995,4.1123,0.0,0.6,男性,0,True
2008,35,20～39歳,650,6500000.0,442523.0984864036,1189722.8181631565,269700.0,355100.0,489137.22,265188.0,0.0,39000.0,793325.22,1418125.22,5081874.78,21.817311076923076,78.18268892307692,78.18268892307692,4.149230769230769,5.463076923076923,7.525187999999999,4.079815384615385,0.0,0.6,男性,0,True
2008,35,20～39歳,700,7000000.0,476563.33683151164,1281239.9580218608,346500.0,393500.0,523322.0,283720.0,0.0,42000.0,849042.0,1589042.0,5410958.0,22.7006,77.29939999999999,77.29939999999999,4.95,5.621428571428572,7.476028571428571,4.053142857142857,0.0,0.6,男性,0,True
2008,35,20～39歳,750,7500000.0,510603.5751766196,1372757.097880565,425500.0,433000.0,557506.78,302252.0,0.0,45000.0,904758.78,1763258.78,5736741.22,23.510117066666666,76.48988293333333,76.48988293333333,5.673333333333333,5.773333333333333,7.433423733333333,4.030026666666667,0.0,0.6,男性,0,True
2008,35,20～39歳,800,8000000.0,544643.8135217275,1464274.23773927,504300.0,472400.0,591691.56,320784.0,0.0,48000.0,960475.56,1937175.56,6062824.4399999995,24.2146945,75.78530549999999,75.78530549999999,6.30375,5.905,7.3961445,4.0098,0.0,0.6,男性,0,True
2008,35,20～39歳,850,8500000.0,578684.0518668356,1555791.3775979737,574900.0,507700.0,652929.8099999999,353994.0,0.0,51000.0,1057923.81,2140523.81,6359476.1899999995,25.182633058823527,74.81736694117646,74.81736694117646,6.763529411764706,5.972941176470589,7.6815271764705875,4.164635294117646,0.0,0.6,男性,0,True
2008,35,20～39歳,900,9000000.0,612724.2902119434,1647308.5174566787,653700.0,547100.0,687114.5900000001,372526.0,0.0,54000.0,1113640.59,2314440.59,6685559.41,25.716006555555555,74.28399344444445,74.28399344444445,7.263333333333333,6.078888888888889,7.634606555555557,4.139177777777777,0.0,0.6,男性,0,True
2008,35,20～39歳,950,9500000.0,646764.5285570514,1738825.6573153823,737900.0,589200.0,694094.17,391058.0,0.0,57000.0,1142152.17,2469252.17,7030747.83,25.992128105263156,74.00787189473684,74.00787189473684,7.767368421052631,6.202105263157895,7.306254421052633,4.1164,0.0,0.6,男性,0,True
2008,35,20～39歳,1000,10000000.0,680804.7669021594,1830342.7971740873,822300.0,631400.0,701073.75,409590.0,0.0,60000.0,1170663.75,2624363.75,7375636.25,26.2436375,73.7563625,73.7563625,8.222999999999999,6.314,7.0107375,4.0959,0.0,0.6,男性,0,True
2008,35,20～39歳,1050,10500000.0,714845.0052472674,1921859.9370327909,911700.0,676100.0,707901.6000000001,428040.0,0.0,63000.0,1198941.6,2786741.6,7713258.4,26.54039619047619,73.45960380952381,73.45960380952381,8.682857142857143,6.439047619047619,6.741920000000001,4.0765714285714285,0.0,0.6,男性,0,True
2008,35,20～39歳,1100,11000000.0,748885.2435923753,2013377.0768914958,1005500.0,720200.0,714881.18,451492.0,0.0,66000.0,1232373.1800000002,2958073.18,8041926.82,26.891574363636366,73.10842563636363,73.10842563636363,9.14090909090909,6.547272727272728,6.498919818181818,4.104472727272728,0.0,0.6,男性,0,True
2008,35,20～39歳,1150,11500000.0,782925.4819374833,2104894.216750201,1107100.0,764400.0,721860.76,474944.0,0.0,69000.0,1265804.76,3137304.76,8362695.24,27.280910956521737,72.71908904347826,72.71908904347826,9.62695652173913,6.64695652173913,6.277050086956522,4.129947826086957,0.0,0.6,男性,0,True
2008,35,20～39歳,1200,12000000.0,816965.7202825913,2196411.3566089044,1208600.0,808500.0,728840.3400000001,498396.0,0.0,72000.0,1299236.34,3316336.34,8683663.66,27.636136166666663,72.36386383333333,72.36386383333333,10.071666666666665,6.737500000000001,6.073669500000001,4.1533,0.0,0.6,男性,0,True
2008,35,20～39歳,1250,12500000.0,851005.9586276992,2287928.4964676094,1314800.0,854700.0,735668.1900000001,502086.0,0.0,75000.0,1312754.19,3482254.19,9017745.81,27.858033519999996,72.14196648000001,72.14196648000001,10.5184,6.837600000000001,5.88534552,4.016688,0.0,0.6,男性,0,True
2008,35,20～39歳,1300,13000000.0,885046.1969728072,2379445.636326313,1415100.0,898300.0,742647.77,530458.0,0.0,78000.0,1351105.77,3664505.77,9335494.23,28.188505923076924,71.81149407692308,71.81149407692308,10.885384615384615,6.909999999999999,5.712675153846154,4.080446153846154,0.0,0.6,男性,0,True
2008,35,20～39歳,1350,13500000.0,919086.4353179152,2470962.776185018,1551100.0,942000.0,749627.3500000001,558830.0,0.0,81000.0,1389457.35,3882557.35,9617442.65,28.759684074074077,71.24031592592593,71.24031592592593,11.489629629629631,6.977777777777777,5.552795185185186,4.139481481481481,0.0,0.6,男性,0,True
2008,35,20～39歳,1400,14000000.0,953126.6736630233,2562479.9160437216,1703200.0,988100.0,756606.93,562602.0,0.0,84000.0,1403208.9300000002,4094508.93,9905491.07,29.246492357142856,70.75350764285714,70.75350764285714,12.165714285714285,7.057857142857143,5.404335214285714,4.018585714285714,0.0,0.6,男性,0,True
2008,35,20～39歳,1450,14500000.0,987166.912008131,2653997.0559024266,1847400.0,1031800.0,763434.78,590892.0,0.0,87000.0,1441326.78,4320526.78,10179473.219999999,29.796736413793106,70.20326358620689,70.20326358620689,12.740689655172414,7.115862068965518,5.265067448275862,4.075117241379311,0.0,0.6,男性,0,True
2008,35,20～39歳,1500,15000000.0,1021207.1503532392,2745514.19576113,1991700.0,1075500.0,770414.3600000001,619264.0,0.0,90000.0,1479678.36,4546878.36,10453121.64,30.312522400000002,69.68747760000001,69.68747760000001,13.278,7.17,5.136095733333334,4.128426666666667,0.0,0.6,男性,0,True
2008,45,40～64歳,200,2000000.0,136160.95338043186,366068.5594348175,29300.0,65100.0,149283.15,80934.0,11287.1,12000.0,253504.25,347904.25,1652095.75,17.3952125,82.6047875,82.6047875,1.465,3.2550000000000003,7.4641575,4.0467,0.5643549999999999,0.6,男性,0,True
2008,45,40～64歳,250,2500000.0,170201.19172553986,457585.6992935218,43400.0,93400.0,188757.24,102336.0,14272.4,15000.0,320365.64,457165.64,2042834.3599999999,18.2866256,81.71337439999999,81.71337439999999,1.736,3.7359999999999998,7.5502896,4.09344,0.570896,0.6,男性,0,True
2008,45,40～64歳,300,3000000.0,204241.43007064782,549102.8391522261,58000.0,122600.0,222942.02,120868.0,16856.2,18000.0,378666.22,559266.22,2440733.7800000003,18.64220733333333,81.35779266666667,81.35779266666667,1.9333333333333333,4.086666666666667,7.431400666666667,4.028933333333334,0.5618733333333334,0.6,男性,0,True
2008,45,40～64歳,350,3500000.0,238281.66841575582,640619.9790109304,71900.0,150300.0,266195.2,144320.0,20128.0,21000.0,451643.2,673843.2,2826156.8,19.252662857142855,80.74733714285713,80.74733714285713,2.0542857142857143,4.2942857142857145,7.605577142857143,4.123428571428572,0.5750857142857143,0.6,男性,0,True
2008,45,40～64歳,400,4000000.0,272321.9067608637,732137.118869635,87700.0,182000.0,309448.38,167772.0,23399.8,24000.0,524620.1799999999,794320.1799999999,3205679.8200000003,19.8580045,80.14199550000001,80.14199550000001,2.1925,4.55,7.7362095,4.1943,0.5849949999999999,0.6,男性,0,True
2008,45,40～64歳,450,4500000.0,306362.1451059717,823654.2587283393,113700.0,217700.0,334413.03,181302.0,25284.3,27000.0,567999.3300000001,899399.3300000001,3600600.67,19.98665177777778,80.01334822222222,80.01334822222222,2.526666666666667,4.837777777777777,7.431400666666667,4.028933333333334,0.5618733333333333,0.6,男性,0,True
2008,45,40～64歳,500,5000000.0,340402.3834510797,915171.3985870436,146400.0,250400.0,377666.21,204754.0,28556.1,30000.0,640976.3099999999,1037776.3099999999,3962223.69,20.7555262,79.24447380000001,79.24447380000001,2.928,5.008,7.5533242000000005,4.09508,0.5711219999999999,0.6,男性,0,True
2008,45,40～64歳,550,5500000.0,374442.62179618765,1006688.5384457479,179100.0,283100.0,420919.39,228206.0,31827.9,33000.0,713953.29,1176153.29,4323846.71,21.38460527272727,78.61539472727273,78.61539472727273,3.2563636363636363,5.147272727272727,7.653079818181818,4.1492,0.5786890909090909,0.6,男性,0,True
2008,45,40～64歳,600,6000000.0,408482.86014129565,1098205.6783044522,213200.0,317200.0,455104.17,246738.0,34411.7,36000.0,772253.8699999999,1302653.8699999999,4697346.13,21.71089783333333,78.28910216666667,78.28910216666667,3.5533333333333332,5.286666666666666,7.5850694999999995,4.1123,0.5735283333333333,0.6,男性,0,True
2008,45,40～64歳,650,6500000.0,442523.0984864036,1189722.8181631565,262300.0,351400.0,489137.22,265188.0,36984.2,39000.0,830309.4199999999,1444009.42,5055990.58,22.21552953846154,77.78447046153846,77.78447046153846,4.035384615384616,5.406153846153846,7.525187999999999,4.079815384615385,0.5689876923076923,0.6,男性,0,True
2008,45,40～64歳,700,7000000.0,476563.33683151164,1281239.9580218608,338700.0,389600.0,523322.0,283720.0,39568.0,42000.0,888610.0,1616910.0,5383090.0,23.098714285714287,76.90128571428572,76.90128571428572,4.838571428571429,5.565714285714286,7.476028571428571,4.053142857142857,0.5652571428571429,0.6,男性,0,True
2008,45,40～64歳,750,7500000.0,510603.5751766196,1372757.097880565,417100.0,428800.0,557506.78,302252.0,42151.8,45000.0,946910.5800000001,1792810.58,5707189.42,23.904141066666668,76.09585893333333,76.09585893333333,5.561333333333334,5.717333333333333,7.433423733333333,4.030026666666667,0.5620240000000001,0.6,男性,0,True
2008,45,40～64歳,800,8000000.0,544643.8135217275,1464274.23773927,495300.0,467900.0,591691.56,320784.0,44735.6,48000.0,1005211.16,1968411.1600000001,6031588.84,24.6051395,75.3948605,75.3948605,6.19125,5.84875,7.3961445,4.0098,0.559195,0.6,男性,0,True
2008,45,40～64歳,850,8500000.0,578684.0518668356,1555791.3775979737,564900.0,502700.0,652929.8099999999,353994.0,49372.1,51000.0,1107295.91,2174895.91,6325104.09,25.587010705882356,74.41298929411765,74.41298929411765,6.645882352941176,5.9141176470588235,7.6815271764705875,4.164635294117646,0.5808482352941177,0.6,男性,0,True
2008,45,40～64歳,900,9000000.0,612724.2902119434,1647308.5174566787,643300.0,541900.0,687114.5900000001,372526.0,51955.9,54000.0,1165596.49,2350796.49,6649203.51,26.119961000000004,73.880039,73.880039,7.147777777777778,6.021111111111111,7.634606555555557,4.139177777777777,0.5772877777777778,0.6,男性,0,True
2008,45,40～64歳,950,9500000.0,646764.5285570514,1738825.6573153823,727100.0,583800.0,694094.17,391058.0,54539.7,57000.0,1196691.8699999999,2507591.87,6992408.13,26.395703894736844,73.60429610526316,73.60429610526316,7.653684210526316,6.145263157894737,7.306254421052633,4.1164,0.5741021052631579,0.6,男性,0,True
2008,45,40～64歳,1000,10000000.0,680804.7669021594,1830342.7971740873,810900.0,625700.0,701073.75,409590.0,57123.5,60000.0,1227787.25,2664387.25,7335612.75,26.6438725,73.3561275,73.3561275,8.109,6.257,7.0107375,4.0959,0.5712349999999999,0.6,男性,0,True
2008,45,40～64歳,1050,10500000.0,714845.0052472674,1921859.9370327909,899700.0,670100.0,707901.6000000001,428040.0,59696.0,63000.0,1258637.6,2828437.6,7671562.4,26.937500952380955,73.06249904761906,73.06249904761906,8.568571428571428,6.381904761904762,6.741920000000001,4.0765714285714285,0.5685333333333333,0.6,男性,0,True
2008,45,40～64歳,1100,11000000.0,748885.2435923753,2013377.0768914958,991000.0,713900.0,714881.18,451492.0,62967.8,66000.0,1295340.9800000002,3000240.9800000004,7999759.02,27.274918000000003,72.725082,72.725082,9.00909090909091,6.49,6.498919818181818,4.104472727272728,0.5724345454545454,0.6,男性,0,True
2008,45,40～64歳,1150,11500000.0,782925.4819374833,2104894.216750201,1091700.0,757700.0,721860.76,474944.0,66239.6,69000.0,1332044.36,3181444.3600000003,8318555.64,27.664733565217393,72.33526643478261,72.33526643478261,9.49304347826087,6.5886956521739135,6.277050086956522,4.129947826086957,0.5759965217391305,0.6,男性,0,True
2008,45,40～64歳,1200,12000000.0,816965.7202825913,2196411.3566089044,1192700.0,801600.0,728840.3400000001,498396.0,69511.4,72000.0,1368747.74,3363047.74,8636952.26,28.025397833333336,71.97460216666667,71.97460216666667,9.939166666666667,6.68,6.073669500000001,4.1533,0.5792616666666666,0.6,男性,0,True
2008,45,40～64歳,1250,12500000.0,851005.9586276992,2287928.4964676094,1298700.0,847700.0,735668.1900000001,502086.0,70019.9,75000.0,1382774.0899999999,3529174.09,8970825.91,28.23339272,71.76660728,71.76660728,10.3896,6.7816,5.88534552,4.016688,0.5601592,0.6,男性,0,True
2008,45,40～64歳,1300,13000000.0,885046.1969728072,2379445.636326313,1398100.0,890900.0,742647.77,530458.0,73979.7,78000.0,1425085.47,3714085.4699999997,9285914.530000001,28.56988823076923,71.43011176923078,71.43011176923078,10.754615384615384,6.853076923076923,5.712675153846154,4.080446153846154,0.5690746153846153,0.6,男性,0,True
2008,45,40～64歳,1350,13500000.0,919086.4353179152,2470962.776185018,1525400.0,934200.0,749627.3500000001,558830.0,77939.5,81000.0,1467396.85,3926996.85,9573003.15,29.088865555555554,70.91113444444444,70.91113444444444,11.299259259259259,6.92,5.552795185185186,4.139481481481481,0.5773296296296296,0.6,男性,0,True
2008,45,40～64歳,1400,14000000.0,953126.6736630233,2562479.9160437216,1677500.0,980300.0,756606.93,562602.0,78459.3,84000.0,1481668.2300000002,4139468.2300000004,9860531.77,29.567630214285717,70.43236978571427,70.43236978571427,11.982142857142856,7.002142857142857,5.404335214285714,4.018585714285714,0.5604235714285715,0.6,男性,0,True
2008,45,40～64歳,1450,14500000.0,987166.912008131,2653997.0559024266,1820400.0,1023600.0,763434.78,590892.0,82407.8,87000.0,1523734.58,4367734.58,10132265.42,30.122307448275865,69.87769255172414,69.87769255172414,12.554482758620688,7.059310344827587,5.265067448275862,4.075117241379311,0.5683296551724137,0.6,男性,0,True
2008,45,40～64歳,1500,15000000.0,1021207.1503532392,2745514.19576113,1962900.0,1066800.0,770414.3600000001,619264.0,86367.6,90000.0,1566045.9600000002,4595745.96,10404254.04,30.638306399999998,69.3616936,69.3616936,13.086,7.112,5.136095733333334,4.128426666666667,0.5757840000000001,0.6,男性,0,True
2009,35,20～39歳,200,2000000.0,138695.35389490347,335655.75326115824,29400.0,65400.0,157717.45,83558.0,0.0,8832.1721233694,250107.6221233694,344907.6221233694,1655092.3778766305,17.245381106168466,82.75461889383152,82.75461889383152,1.47,3.27,7.8858725000000005,4.177899999999999,0.0,0.44160860616847003,男性,0,True
2009,35,20～39歳,250,2500000.0,173369.19236862933,419569.69157644815,44300.0,95200.0,190225.03,100778.0,0.0,11040.2151542118,302043.2451542118,441543.2451542118,2058456.7548457882,17.661729806168474,82.33827019383153,82.33827019383153,1.772,3.8080000000000003,7.6090012,4.03112,0.0,0.44160860616847203,男性,0,True
2009,35,20～39歳,300,3000000.0,208043.0308423552,503483.6298917377,59100.0,124800.0,224588.77,118982.0,0.0,13248.2581850541,356819.0281850541,540719.0281850541,2459280.971814946,18.02396760616847,81.97603239383152,81.97603239383152,1.97,4.16,7.486292333333333,3.9660666666666664,0.0,0.44160860616847,男性,0,True
2009,35,20～39歳,350,3500000.0,242716.86931608108,587397.5682070273,73200.0,152900.0,268233.31,142106.0,0.0,15456.3012158965,425795.6112158965,651895.6112158964,2848104.388784104,18.625588891882753,81.37441110811724,81.37441110811724,2.091428571428571,4.368571428571428,7.663808857142857,4.0601714285714285,0.0,0.44160860616847136,男性,0,True
2009,35,20～39歳,400,4000000.0,277390.70778980694,671311.5065223165,89200.0,185000.0,311877.85,165230.0,0.0,17664.3442467388,494772.1942467388,768972.1942467388,3231027.8057532613,19.22430485616847,80.77569514383153,80.77569514383153,2.23,4.625,7.796946249999999,4.13075,0.0,0.44160860616847003,男性,0,True
2009,35,20～39歳,450,4500000.0,312064.54626353283,755225.444837606,114100.0,218100.0,355522.39,188354.0,0.0,19872.3872775812,563748.7772775812,895948.7772775812,3604051.2227224186,19.909972828390693,80.09002717160931,80.09002717160931,2.5355555555555553,4.846666666666667,7.900497555555557,4.185644444444445,0.0,0.44160860616847114,男性,0,True
2009,35,20～39歳,500,5000000.0,346738.38473725866,839139.3831528963,150000.0,254000.0,380605.33,201638.0,0.0,22080.4303084236,604323.7603084237,1008323.7603084237,3991676.2396915765,20.166475206168474,79.83352479383153,79.83352479383153,3.0,5.08,7.6121066,4.03276,0.0,0.44160860616847203,男性,0,True
2009,35,20～39歳,550,5500000.0,381412.22321098455,923053.3214681852,183100.0,287100.0,424249.87,224762.0,0.0,24288.4733392659,673300.3433392659,1143500.3433392658,4356499.656660734,20.790915333441195,79.2090846665588,79.2090846665588,3.329090909090909,5.220000000000001,7.713634,4.086581818181818,0.0,0.4416086061684709,男性,0,True
2009,35,20～39歳,600,6000000.0,416086.0616847104,1006967.2597834754,217600.0,321600.0,458613.61,242966.0,0.0,26496.5163701083,728076.1263701082,1267276.1263701082,4732723.873629892,21.121268772835137,78.87873122716486,78.87873122716486,3.626666666666667,5.36,7.643560166666666,4.049433333333333,0.0,0.4416086061684717,男性,0,True
2009,35,20～39歳,650,6500000.0,450759.90015843627,1090881.1980987643,271900.0,356200.0,492977.35,261170.0,0.0,28704.5594009506,782851.9094009507,1410951.9094009507,5089048.090599049,21.706952452322316,78.29304754767767,78.29304754767767,4.183076923076923,5.48,7.584266923076923,4.018,0.0,0.44160860616847075,男性,0,True
2009,35,20～39歳,700,7000000.0,485433.73863216216,1174795.1364140545,340300.0,390400.0,555183.49,294134.0,0.0,30912.602431793,880230.092431793,1610930.092431793,5389069.907568208,23.013287034739896,76.98671296526011,76.98671296526011,4.86142857142857,5.5771428571428565,7.9311927142857135,4.2019142857142855,0.0,0.44160860616847136,男性,0,True
2009,35,20～39歳,750,7500000.0,520107.577105888,1258709.074729344,419300.0,429900.0,589547.23,312338.0,0.0,33120.6454626353,935005.8754626353,1784205.8754626354,5715794.124537365,23.78941167283514,76.21058832716486,76.21058832716486,5.5906666666666665,5.732,7.860629733333332,4.164506666666667,0.0,0.44160860616847064,男性,0,True
2009,35,20～39歳,800,8000000.0,554781.4155796139,1342623.013044633,498500.0,469500.0,623910.97,330542.0,0.0,35328.6884934777,989781.6584934776,1957781.6584934776,6042218.341506522,24.472270731168468,75.52772926883152,75.52772926883152,6.23125,5.8687499999999995,7.798887124999999,4.131775,0.0,0.44160860616847125,男性,0,True
2009,35,20～39歳,850,8500000.0,589455.2540533398,1426536.9513599225,577500.0,509000.0,658274.71,348746.0,0.0,37536.73152432,1044557.44152432,2131057.4415243203,6368942.55847568,25.07126401793318,74.92873598206683,74.92873598206683,6.794117647058824,5.988235294117647,7.744408352941176,4.102894117647058,0.0,0.44160860616847053,男性,0,True
2009,35,20～39歳,900,9000000.0,624129.0925270657,1510450.889675212,656500.0,548500.0,692638.45,366950.0,0.0,39744.7745551624,1099333.2245551622,2304333.2245551622,6695666.775444837,25.603702495057355,74.39629750494264,74.39629750494264,7.294444444444445,6.094444444444445,7.695982777777777,4.077222222222223,0.0,0.44160860616847114,男性,0,True
2009,35,20～39歳,950,9500000.0,658802.9310007915,1594364.8279905017,741100.0,590800.0,699159.79,385154.0,0.0,41952.8175860047,1126266.6075860048,2458166.607586005,7041833.392413995,25.87543797458952,74.12456202541048,74.12456202541048,7.801052631578948,6.218947368421053,7.359576736842105,4.054252631578947,0.0,0.4416086061684705,男性,0,True
2009,35,20～39歳,1000,10000000.0,693476.7694745173,1678278.7663057926,825700.0,633100.0,705681.13,403358.0,0.0,44160.8606168471,1153199.990616847,2611999.990616847,7388000.009383153,26.119999906168466,73.88000009383153,73.88000009383153,8.257,6.331,7.056811300000001,4.03358,0.0,0.441608606168471,男性,0,True
2009,35,20～39歳,1050,10500000.0,728150.6079482433,1762192.7046210808,915300.0,677900.0,712202.47,421562.0,0.0,46368.9036476895,1180133.3736476894,2773333.3736476894,7726666.62635231,26.412698796644662,73.58730120335534,73.58730120335534,8.717142857142857,6.456190476190477,6.7828806666666654,4.0148761904761905,0.0,0.4416086061684714,男性,0,True
2009,35,20～39歳,1100,11000000.0,762824.4464219691,1846106.6429363703,1010300.0,722300.0,718723.8099999999,444686.0,0.0,48576.9466785318,1211986.7566785319,2944586.756678532,8055413.243321468,26.768970515259383,73.23102948474062,73.23102948474062,9.184545454545455,6.566363636363636,6.533852818181818,4.042599999999999,0.0,0.4416086061684709,男性,0,True
2009,35,20～39歳,1150,11500000.0,797498.2848956949,1930020.5812516613,1112200.0,766600.0,725245.1499999999,467810.0,0.0,50784.9897093742,1243840.1397093742,3122640.139709374,8377359.860290626,27.15339251921195,72.84660748078805,72.84660748078805,9.671304347826087,6.666086956521738,6.306479565217391,4.067913043478261,0.0,0.44160860616847125,男性,0,True
2009,35,20～39歳,1200,12000000.0,832172.1233694208,2013934.5195669509,1214100.0,810900.0,731611.22,490852.0,0.0,52993.0327402165,1275456.2527402164,3300456.2527402164,8699543.747259784,27.503802106168468,72.49619789383154,72.49619789383154,10.1175,6.757499999999999,6.096760166666666,4.090433333333333,0.0,0.4416086061684708,男性,0,True
2009,35,20～39歳,1250,12500000.0,866845.9618431466,2097848.4578822404,1314800.0,854700.0,738132.5599999999,518896.0,0.0,55201.0757710589,1312229.635771059,3481729.635771059,9018270.364228942,27.853837086168472,72.14616291383153,72.14616291383153,10.5184,6.837600000000001,5.9050604799999995,4.151168,0.0,0.44160860616847125,男性,0,True
2009,35,20～39歳,1300,13000000.0,901519.8003168725,2181762.3961975286,1421300.0,901000.0,744653.8999999999,522340.0,0.0,57409.1188019012,1324403.018801901,3646703.018801901,9353296.981198099,28.051561683091546,71.94843831690845,71.94843831690845,10.933076923076923,6.930769230769231,5.728106923076923,4.018,0.0,0.44160860616847075,男性,0,True
2009,35,20～39歳,1350,13500000.0,936193.6387905984,2265676.3345128195,1560300.0,944800.0,751175.24,550384.0,0.0,59617.1618327436,1361176.4018327435,3866276.4018327435,9633723.598167256,28.639084458020324,71.36091554197968,71.36091554197968,11.557777777777778,6.9985185185185195,5.564261037037037,4.076918518518519,0.0,0.4416086061684711,男性,0,True
2009,35,20～39歳,1400,14000000.0,970867.4772643243,2349590.272828109,1705200.0,988700.0,757696.58,578428.0,0.0,61825.2048635859,1397949.784863586,4091849.784863586,9908150.215136416,29.227498463311324,70.77250153668868,70.77250153668868,12.179999999999998,7.062142857142856,5.412118428571428,4.131628571428571,0.0,0.44160860616847064,男性,0,True
2009,35,20～39歳,1450,14500000.0,1005541.31573805,2433504.2111433987,1849800.0,1032500.0,764217.9199999999,606472.0,0.0,64033.2478944283,1434723.1678944281,4317023.167894429,10182976.83210557,29.77257357168572,70.22742642831427,70.22742642831427,12.757241379310347,7.120689655172415,5.270468413793104,4.18256551724138,0.0,0.4416086061684711,男性,0,True
2009,35,20～39歳,1500,15000000.0,1040215.154211776,2517418.149458688,2002500.0,1078800.0,770739.26,609916.0,0.0,66241.2909252707,1446896.5509252707,4528196.550925271,10471803.44907473,30.18797700616847,69.81202299383153,69.81202299383153,13.350000000000001,7.192,5.138261733333334,4.066106666666667,0.0,0.44160860616847136,男性,0,True
2009,45,40～64歳,200,2000000.0,138695.35389490347,335655.75326115824,28800.0,64200.0,157717.45,83558.0,12040.9,8832.1721233694,262148.5221233694,355148.5221233694,1644851.4778766306,17.75742610616847,82.24257389383153,82.24257389383153,1.44,3.2099999999999995,7.8858725000000005,4.177899999999999,0.602045,0.44160860616847003,男性,0,True
2009,45,40～64歳,250,2500000.0,173369.19236862933,419569.69157644815,43600.0,93800.0,190225.03,100778.0,14523.1,11040.2151542118,316566.3451542118,453966.3451542118,2046033.6548457881,18.158653806168473,81.84134619383153,81.84134619383153,1.744,3.752,7.6090012,4.03112,0.580924,0.44160860616847203,男性,0,True
2009,45,40～64歳,300,3000000.0,208043.0308423552,503483.6298917377,58300.0,123100.0,224588.77,118982.0,17146.9,13248.2581850541,373965.9281850542,555365.9281850542,2444634.071814946,18.512197606168474,81.48780239383153,81.48780239383153,1.9433333333333334,4.1033333333333335,7.486292333333333,3.9660666666666664,0.5715633333333333,0.44160860616847,男性,0,True
2009,45,40～64歳,350,3500000.0,242716.86931608108,587397.5682070273,72100.0,150800.0,268233.31,142106.0,20478.7,15456.3012158965,446274.3112158965,669174.3112158965,2830825.688784104,19.119266034739898,80.8807339652601,80.8807339652601,2.0599999999999996,4.308571428571428,7.663808857142857,4.0601714285714285,0.5851057142857142,0.44160860616847136,男性,0,True
2009,45,40～64歳,400,4000000.0,277390.70778980694,671311.5065223165,88000.0,182600.0,311877.85,165230.0,23810.5,17664.3442467388,518582.6942467388,789182.6942467388,3210817.3057532613,19.72956735616847,80.27043264383154,80.27043264383154,2.1999999999999997,4.565,7.796946249999999,4.13075,0.5952624999999999,0.44160860616847003,男性,0,True
2009,45,40～64歳,450,4500000.0,312064.54626353283,755225.444837606,111400.0,215400.0,355522.39,188354.0,27142.3,19872.3872775812,590891.0772775812,917691.0772775812,3582308.922722419,20.393135050612916,79.60686494938707,79.60686494938707,2.4755555555555553,4.786666666666667,7.900497555555557,4.185644444444445,0.6031622222222222,0.44160860616847114,男性,0,True
2009,45,40～64歳,500,5000000.0,346738.38473725866,839139.3831528963,147100.0,251100.0,380605.33,201638.0,29058.1,22080.4303084236,633381.8603084236,1031581.8603084236,3968418.1396915764,20.631637206168474,79.36836279383152,79.36836279383152,2.942,5.022,7.6121066,4.03276,0.581162,0.44160860616847203,男性,0,True
2009,45,40～64歳,550,5500000.0,381412.22321098455,923053.3214681852,179900.0,283900.0,424249.87,224762.0,32389.9,24288.4733392659,705690.2433392659,1169490.243339266,4330509.756660734,21.263458969804834,78.73654103019517,78.73654103019517,3.270909090909091,5.161818181818182,7.713634,4.086581818181818,0.5889072727272727,0.4416086061684709,男性,0,True
2009,45,40～64歳,600,6000000.0,416086.0616847104,1006967.2597834754,214100.0,318100.0,458613.61,242966.0,35013.7,26496.5163701083,763089.8263701082,1295289.8263701082,4704710.173629892,21.588163772835138,78.41183622716487,78.41183622716487,3.568333333333333,5.301666666666667,7.643560166666666,4.049433333333333,0.5835616666666666,0.4416086061684717,男性,0,True
2009,45,40～64歳,650,6500000.0,450759.90015843627,1090881.1980987643,264300.0,352400.0,492977.35,261170.0,37637.5,28704.5594009506,820489.4094009507,1437189.4094009507,5062810.590599049,22.110606298476164,77.88939370152383,77.88939370152383,4.0661538461538465,5.421538461538462,7.584266923076923,4.018,0.5790384615384616,0.44160860616847075,男性,0,True
2009,45,40～64歳,700,7000000.0,485433.73863216216,1174795.1364140545,331900.0,386200.0,555183.49,294134.0,42385.3,30912.602431793,922615.392431793,1640715.392431793,5359284.607568208,23.438791320454182,76.56120867954583,76.56120867954583,4.741428571428571,5.517142857142857,7.9311927142857135,4.2019142857142855,0.6055042857142857,0.44160860616847136,男性,0,True
2009,45,40～64歳,750,7500000.0,520107.577105888,1258709.074729344,410300.0,425400.0,589547.23,312338.0,45009.1,33120.6454626353,980014.9754626353,1815714.9754626353,5684285.024537365,24.20953300616847,75.79046699383153,75.79046699383153,5.470666666666666,5.672,7.860629733333332,4.164506666666667,0.6001213333333333,0.44160860616847064,男性,0,True
2009,45,40～64歳,800,8000000.0,554781.4155796139,1342623.013044633,488900.0,464700.0,623910.97,330542.0,47632.9,35328.6884934777,1037414.5584934776,1991014.5584934778,6008985.441506522,24.887681981168473,75.11231801883153,75.11231801883153,6.11125,5.80875,7.798887124999999,4.131775,0.59541125,0.44160860616847125,男性,0,True
2009,45,40～64歳,850,8500000.0,589455.2540533398,1426536.9513599225,567500.0,504000.0,658274.71,348746.0,50256.7,37536.73152432,1094814.14152432,2166314.14152432,6333685.8584756795,25.48604872381553,74.51395127618447,74.51395127618447,6.6764705882352935,5.929411764705883,7.744408352941176,4.102894117647058,0.591255294117647,0.44160860616847053,男性,0,True
2009,45,40～64歳,900,9000000.0,624129.0925270657,1510450.889675212,645900.0,543200.0,692638.45,366950.0,52880.5,39744.7745551624,1152213.7245551622,2341313.7245551622,6658686.275444837,26.014596939501804,73.98540306049819,73.98540306049819,7.176666666666668,6.035555555555556,7.695982777777777,4.077222222222223,0.5875611111111111,0.44160860616847114,男性,0,True
2009,45,40～64歳,950,9500000.0,658802.9310007915,1594364.8279905017,730100.0,585300.0,699159.79,385154.0,55504.3,41952.8175860047,1181770.9075860048,2497170.9075860046,7002829.092413995,26.28600955353689,73.7139904464631,73.7139904464631,7.685263157894736,6.161052631578948,7.359576736842105,4.054252631578947,0.5842557894736843,0.4416086061684705,男性,0,True
2009,45,40～64歳,1000,10000000.0,693476.7694745173,1678278.7663057926,814100.0,627300.0,705681.13,403358.0,58128.1,44160.8606168471,1211328.0906168472,2652728.0906168474,7347271.909383153,26.52728090616847,73.47271909383153,73.47271909383153,8.141,6.273,7.056811300000001,4.03358,0.5812809999999999,0.441608606168471,男性,0,True
2009,45,40～64歳,1050,10500000.0,728150.6079482433,1762192.7046210808,903300.0,671900.0,712202.47,421562.0,60751.9,46368.9036476895,1240885.2736476893,2816085.2736476893,7683914.726352311,26.81985974902561,73.18014025097439,73.18014025097439,8.602857142857143,6.39904761904762,6.7828806666666654,4.0148761904761905,0.5785895238095238,0.4416086061684714,男性,0,True
2009,45,40～64歳,1100,11000000.0,762824.4464219691,1846106.6429363703,995300.0,715800.0,718723.8099999999,444686.0,64083.7,48576.9466785318,1276070.4566785318,2987170.456678532,8012829.543321468,27.156095060713923,72.84390493928608,72.84390493928608,9.048181818181817,6.507272727272727,6.533852818181818,4.042599999999999,0.5825790909090909,0.4416086061684709,男性,0,True
2009,45,40～64歳,1150,11500000.0,797498.2848956949,1930020.5812516613,1096500.0,759800.0,725245.1499999999,467810.0,67415.5,50784.9897093742,1311255.6397093742,3167555.639709374,8332444.360290626,27.543962084429342,72.45603791557066,72.45603791557066,9.534782608695652,6.606956521739131,6.306479565217391,4.067913043478261,0.5862217391304347,0.44160860616847125,男性,0,True
2009,45,40～64歳,1200,12000000.0,832172.1233694208,2013934.5195669509,1197700.0,803800.0,731611.22,490852.0,70735.4,52993.0327402165,1346191.6527402163,3347691.6527402163,8652308.347259784,27.897430439501804,72.1025695604982,72.1025695604982,9.980833333333333,6.698333333333334,6.096760166666666,4.090433333333333,0.5894616666666667,0.4416086061684708,男性,0,True
2009,45,40～64歳,1250,12500000.0,866845.9618431466,2097848.4578822404,1297600.0,847200.0,738132.5599999999,518896.0,74775.2,55201.0757710589,1387004.835771059,3531804.8357710587,8968195.164228942,28.25443868616847,71.74556131383154,71.74556131383154,10.380799999999999,6.7776000000000005,5.9050604799999995,4.151168,0.5982016,0.44160860616847125,男性,0,True
2009,45,40～64歳,1300,13000000.0,901519.8003168725,2181762.3961975286,1404100.0,893500.0,744653.8999999999,522340.0,75275.0,57409.1188019012,1399678.018801901,3697278.018801901,9302721.981198099,28.440600144630007,71.55939985536999,71.55939985536999,10.80076923076923,6.8730769230769235,5.728106923076923,4.018,0.5790384615384616,0.44160860616847075,男性,0,True
2009,45,40～64歳,1350,13500000.0,936193.6387905984,2265676.3345128195,1534300.0,936900.0,751175.24,550384.0,79314.8,59617.1618327436,1440491.2018327436,3911691.2018327434,9588308.798167257,28.975490383946244,71.02450961605375,71.02450961605375,11.365185185185185,6.94,5.564261037037037,4.076918518518519,0.5875170370370371,0.4416086061684711,男性,0,True
2009,45,40～64歳,1400,14000000.0,970867.4772643243,2349590.272828109,1677500.0,980300.0,757696.58,578428.0,83354.6,61825.2048635859,1481304.3848635862,4139104.384863586,9860895.615136415,29.56503132045418,70.4349686795458,70.4349686795458,11.982142857142856,7.002142857142857,5.412118428571428,4.131628571428571,0.59539,0.44160860616847064,男性,0,True
2009,45,40～64歳,1450,14500000.0,1005541.31573805,2433504.2111433987,1820700.0,1023700.0,764217.9199999999,606472.0,87394.4,64033.2478944283,1522117.567894428,4366517.567894428,10133482.432105571,30.113914261340884,69.88608573865912,69.88608573865912,12.556551724137933,7.060000000000001,5.270468413793104,4.18256551724138,0.60272,0.4416086061684711,男性,0,True
2009,45,40～64歳,1500,15000000.0,1040215.154211776,2517418.149458688,1973500.0,1070000.0,770739.26,609916.0,87894.2,66241.2909252707,1534790.7509252706,4578290.750925271,10421709.24907473,30.5219383395018,69.47806166049818,69.47806166049818,13.156666666666666,7.133333333333333,5.138261733333334,4.066106666666667,0.5859613333333333,0.44160860616847136,男性,0,True
2010,35,20～39歳,200,2000000.0,138266.38080931504,340803.43028821936,28600.0,63800.0,161801.14,93836.0,0.0,11170.4017151441,266807.5417151441,359207.5417151441,1640792.4582848558,17.960377085757205,82.0396229142428,82.0396229142428,1.43,3.19,8.090057,4.6918,0.0,0.558520085757205,男性,0,True
2010,35,20～39歳,250,2500000.0,172832.97601164383,426004.2878602742,43300.0,93200.0,195210.93,113224.2,0.0,13963.0021439301,322398.1321439301,458898.1321439301,2041101.86785607,18.355925285757206,81.6440747142428,81.6440747142428,1.7319999999999998,3.728,7.8084372,4.528968,0.0,0.5585200857572039,男性,0,True
2010,35,20～39歳,300,3000000.0,207399.57121397258,511205.14543232904,57900.0,122400.0,230360.55,133617.0,0.0,16755.6025727162,380733.1525727162,561033.1525727161,2438966.847427284,18.701105085757206,81.2988949142428,81.2988949142428,1.9300000000000002,4.08,7.678684999999999,4.4539,0.0,0.5585200857572068,男性,0,True
2010,35,20～39歳,350,3500000.0,241966.16641630136,596406.0030043839,71700.0,150000.0,275162.18,159593.2,0.0,19548.2030015022,454303.5830015022,676003.5830015022,2823996.4169984977,19.314388085757205,80.6856119142428,80.6856119142428,2.0485714285714285,4.285714285714286,7.861776571428571,4.559805714285715,0.0,0.5585200857572057,男性,0,True
2010,35,20～39歳,400,4000000.0,276532.7616186301,681606.8605764387,87600.0,181700.0,319805.0,185476.0,0.0,22340.8034302882,527621.8034302882,796921.8034302882,3203078.196569712,19.923045085757206,80.07695491424279,80.07695491424279,2.19,4.5425,7.995125,4.6369,0.0,0.558520085757205,男性,0,True
2010,35,20～39歳,450,4500000.0,311099.3568209589,766807.7181484932,110300.0,214300.0,364606.63,211452.2,0.0,25133.4038590742,601192.2338590743,925792.2338590743,3574207.7661409257,20.573160752423874,79.42683924757613,79.42683924757613,2.451111111111111,4.762222222222222,8.102369555555555,4.698937777777778,0.0,0.5585200857572044,男性,0,True
2010,35,20～39歳,500,5000000.0,345665.95202328765,852008.5757205484,146000.0,250000.0,390421.86,226448.4,0.0,27926.0042878603,644796.2642878602,1040796.2642878602,3959203.73571214,20.815925285757206,79.1840747142428,79.1840747142428,2.92,5.0,7.8084372,4.528968,0.0,0.558520085757206,男性,0,True
2010,35,20～39歳,550,5500000.0,380232.5472256164,937209.4332926029,178600.0,282600.0,435064.68,252331.2,0.0,30718.6047166463,718114.4847166463,1179314.4847166464,4320685.515283354,21.442081540302663,78.55791845969733,78.55791845969733,3.247272727272727,5.138181818181818,7.910266909090908,4.58784,0.0,0.5585200857572055,男性,0,True
2010,35,20～39歳,600,6000000.0,414799.14242794516,1022410.2908646581,212800.0,316800.0,470373.11,272817.4,0.0,33511.2051454323,776701.7151454324,1306301.7151454324,4693698.284854568,21.77169525242387,78.22830474757613,78.22830474757613,3.546666666666667,5.28,7.839551833333333,4.5469566666666665,0.0,0.558520085757205,男性,0,True
2010,35,20～39歳,650,6500000.0,449365.7376302739,1107611.1484367126,261300.0,350900.0,505522.73,293210.2,0.0,36303.8055742184,835036.7355742183,1447236.7355742184,5052763.264425782,22.265180547295667,77.73481945270433,77.73481945270433,4.02,5.398461538461539,7.777272769230768,4.510926153846154,0.0,0.5585200857572061,男性,0,True
2010,35,20～39歳,700,7000000.0,483932.3328326027,1192812.0060087678,337700.0,389100.0,540831.16,313696.4,0.0,39096.4060030044,893623.9660030045,1620423.9660030045,5379576.033996996,23.14891380004292,76.85108619995708,76.85108619995708,4.824285714285715,5.558571428571429,7.726159428571429,4.481377142857143,0.0,0.5585200857572057,男性,0,True
2010,35,20～39歳,750,7500000.0,518498.9280349315,1278012.8635808222,406900.0,423700.0,604619.19,350652.6,0.0,41889.0064317904,997160.7964317903,1827760.7964317903,5672239.20356821,24.37014395242387,75.62985604757613,75.62985604757613,5.425333333333334,5.649333333333333,8.0615892,4.675368,0.0,0.5585200857572054,男性,0,True
2010,35,20～39歳,800,8000000.0,553065.5232372602,1363213.7211528774,485300.0,462900.0,639768.8099999999,371045.4,0.0,44681.6068605764,1055495.8168605764,2003695.8168605764,5996304.183139424,25.046197710757205,74.9538022892428,74.9538022892428,6.06625,5.78625,7.997110125,4.6380675,0.0,0.558520085757205,男性,0,True
2010,35,20～39歳,850,8500000.0,587632.118439589,1448414.578724932,563500.0,502000.0,675077.24,391531.6,0.0,47474.2072893625,1114083.0472893624,2179583.047289362,6320416.952710638,25.642153497521907,74.35784650247808,74.35784650247808,6.629411764705882,5.905882352941177,7.942085176470588,4.606254117647059,0.0,0.5585200857572059,男性,0,True
2010,35,20～39歳,900,9000000.0,622198.7136419178,1533615.4362969864,641900.0,541200.0,710226.86,411924.4,0.0,50266.8077181485,1172418.0677181485,2355518.067718148,6644481.932281852,26.172422974646093,73.8275770253539,73.8275770253539,7.132222222222222,6.013333333333333,7.891409555555555,4.576937777777778,0.0,0.5585200857572056,男性,0,True
2010,35,20～39歳,950,9500000.0,656765.3088442466,1618816.293869041,725900.0,583200.0,717055.6900000001,432410.6,0.0,53059.4081469345,1202525.6981469346,2511625.6981469346,6988374.301853065,26.438165243651945,73.56183475634805,73.56183475634805,7.641052631578947,6.138947368421053,7.547954631578949,4.55169052631579,0.0,0.5585200857572052,男性,0,True
2010,35,20～39歳,1000,10000000.0,691331.9040465753,1704017.1514410968,809900.0,625200.0,723884.52,452896.8,0.0,55852.0085757206,1232633.3285757205,2667733.3285757205,7332266.671424279,26.677333285757204,73.32266671424279,73.32266671424279,8.099,6.252000000000001,7.238845200000001,4.528968,0.0,0.558520085757206,男性,0,True
2010,35,20～39歳,1050,10500000.0,725898.4992489041,1789218.0090131513,898900.0,669700.0,730554.54,473289.6,0.0,58644.6090045066,1262488.7490045067,2831088.7490045065,7668911.2509954935,26.962749990519107,73.03725000948089,73.03725000948089,8.560952380952381,6.378095238095238,6.957662285714286,4.5075199999999995,0.0,0.5585200857572057,男性,0,True
2010,35,20～39歳,1100,11000000.0,760465.0944512328,1874418.8665852058,990300.0,713600.0,737383.37,499265.8,0.0,61437.2094332926,1298086.3794332924,3001986.3794332924,7998013.620566707,27.290785267575384,72.70921473242461,72.70921473242461,9.002727272727274,6.487272727272727,6.703485181818182,4.53878,0.0,0.5585200857572055,男性,0,True
2010,35,20～39歳,1150,11500000.0,795031.6896535617,1959619.7241572603,1091500.0,757600.0,744053.39,525148.6,0.0,64229.8098620786,1333431.7998620786,3182531.7998620784,8317468.2001379235,27.67418956401807,72.32581043598194,72.32581043598194,9.491304347826086,6.587826086956521,6.470029478260869,4.56650956521739,0.0,0.5585200857572051,男性,0,True
2010,35,20～39歳,1200,12000000.0,829598.2848558903,2044820.5817293162,1192500.0,801500.0,750882.22,551124.8,0.0,67022.4102908647,1369029.4302908648,3363029.430290865,8636970.569709135,28.025245252423876,71.97475474757613,71.97475474757613,9.9375,6.679166666666666,6.257351833333333,4.5927066666666665,0.0,0.5585200857572059,男性,0,True
2010,35,20～39歳,1250,12500000.0,864164.8800582191,2130021.4393013706,1292300.0,844900.0,757711.05,582591.0,0.0,69815.0107196507,1410117.0607196507,3547317.0607196507,8952682.93928035,28.378536485757206,71.6214635142428,71.6214635142428,10.3384,6.7592,6.0616884,4.660728,0.0,0.5585200857572056,男性,0,True
2010,35,20～39歳,1300,13000000.0,898731.4752605478,2215222.296873425,1398500.0,891100.0,764381.0700000001,586513.8,0.0,72607.6111484367,1423502.481148437,3713102.4811484367,9286897.518851563,28.562326778064893,71.4376732219351,71.4376732219351,10.757692307692308,6.854615384615384,5.879854384615385,4.511644615384616,0.0,0.5585200857572054,男性,0,True
2010,35,20～39歳,1350,13500000.0,933298.0704628767,2300423.1544454796,1526400.0,934500.0,771209.9,617980.0,0.0,75400.2115772227,1464590.1115772226,3925490.1115772226,9574509.888422778,29.077704530201647,70.92229546979836,70.92229546979836,11.306666666666667,6.9222222222222225,5.7126659259259265,4.577629629629629,0.0,0.5585200857572051,男性,0,True
2010,35,20～39歳,1400,14000000.0,967864.6656652055,2385624.0120175355,1669600.0,977900.0,777879.92,649352.8,0.0,78192.8120060088,1505425.532006009,4152925.532006009,9847074.467993991,29.66375380004292,70.33624619995709,70.33624619995709,11.925714285714285,6.984999999999999,5.556285142857143,4.638234285714287,0.0,0.5585200857572057,男性,0,True
2010,35,20～39歳,1450,14500000.0,1002431.2608675341,2470824.86958959,1821700.0,1024000.0,784708.75,653369.0,0.0,80985.4124347948,1519063.1624347947,4364763.162434795,10135236.837565202,30.101814913343418,69.89818508665657,69.89818508665657,12.563448275862072,7.062068965517241,5.4117844827586215,4.505993103448276,0.0,0.5585200857572056,男性,0,True
2010,35,20～39歳,1500,15000000.0,1036997.856069863,2556025.7271616445,1964900.0,1067400.0,791537.5800000001,684835.2,0.0,83778.0128635808,1560150.7928635809,4592450.792863581,10407549.207136419,30.616338619090545,69.38366138090946,69.38366138090946,13.099333333333332,7.116,5.276917200000001,4.565568,0.0,0.5585200857572054,男性,0,True
2010,45,40～64歳,200,2000000.0,138266.38080931504,340803.43028821936,27900.0,62300.0,161801.14,93836.0,14889.8,11170.4017151441,281697.3417151441,371897.3417151441,1628102.658284856,18.594867085757205,81.4051329142428,81.4051329142428,1.395,3.115,8.090057,4.6918,0.74449,0.558520085757205,男性,0,True
2010,45,40～64歳,250,2500000.0,172832.97601164383,426004.2878602742,42400.0,91400.0,195210.93,113224.2,17968.0,13963.0021439301,340366.1321439301,474166.1321439301,2025833.86785607,18.966645285757206,81.0333547142428,81.0333547142428,1.696,3.656,7.8084372,4.528968,0.71872,0.5585200857572039,男性,0,True
2010,45,40～64歳,300,3000000.0,207399.57121397258,511205.14543232904,56900.0,120300.0,230360.55,133617.0,21205.0,16755.6025727162,401938.1525727162,579138.1525727161,2420861.847427284,19.304605085757203,80.6953949142428,80.6953949142428,1.8966666666666667,4.01,7.678684999999999,4.4539,0.7068333333333333,0.5585200857572068,男性,0,True
2010,45,40～64歳,350,3500000.0,241966.16641630136,596406.0030043839,70500.0,147500.0,275162.18,159593.2,25326.0,19548.2030015022,479629.5830015022,697629.5830015022,2802370.4169984977,19.93227380004292,80.06772619995708,80.06772619995708,2.0142857142857142,4.214285714285714,7.861776571428571,4.559805714285715,0.7236,0.5585200857572057,男性,0,True
2010,45,40～64歳,400,4000000.0,276532.7616186301,681606.8605764387,86100.0,178700.0,319805.0,185476.0,29432.0,22340.8034302882,557053.8034302882,821853.8034302882,3178146.196569712,20.546345085757206,79.4536549142428,79.4536549142428,2.1525,4.4675,7.995125,4.6369,0.7358,0.558520085757205,男性,0,True
2010,45,40～64歳,450,4500000.0,311099.3568209589,766807.7181484932,107000.0,211000.0,364606.63,211452.2,33553.0,25133.4038590742,634745.2338590743,952745.2338590743,3547254.7661409257,21.17211630797943,78.82788369202058,78.82788369202058,2.3777777777777778,4.688888888888889,8.102369555555555,4.698937777777778,0.7456222222222223,0.5585200857572044,男性,0,True
2010,45,40～64歳,500,5000000.0,345665.95202328765,852008.5757205484,142400.0,246400.0,390421.86,226448.4,35936.0,27926.0042878603,680732.2642878602,1069532.2642878601,3930467.73571214,21.390645285757202,78.6093547142428,78.6093547142428,2.848,4.928,7.8084372,4.528968,0.71872,0.558520085757206,男性,0,True
2010,45,40～64歳,550,5500000.0,380232.5472256164,937209.4332926029,174600.0,278600.0,435064.68,252331.2,40042.0,30718.6047166463,758156.4847166463,1211356.4847166464,4288643.515283354,22.02466335848448,77.97533664151553,77.97533664151553,3.174545454545455,5.065454545454545,7.910266909090908,4.58784,0.7280363636363636,0.5585200857572055,男性,0,True
2010,45,40～64歳,600,6000000.0,414799.14242794516,1022410.2908646581,208500.0,312500.0,470373.11,272817.4,43294.0,33511.2051454323,819995.7151454324,1340995.7151454324,4659004.284854568,22.349928585757205,77.65007141424279,77.65007141424279,3.4750000000000005,5.208333333333334,7.839551833333333,4.5469566666666665,0.7215666666666666,0.558520085757205,男性,0,True
2010,45,40～64歳,650,6500000.0,449365.7376302739,1107611.1484367126,252100.0,346300.0,505522.73,293210.2,46531.0,36303.8055742184,881567.7355742183,1479967.7355742184,5020032.264425782,22.768734393449513,77.23126560655048,77.23126560655048,3.878461538461538,5.327692307692308,7.777272769230768,4.510926153846154,0.7158615384615384,0.5585200857572061,男性,0,True
2010,45,40～64歳,700,7000000.0,483932.3328326027,1192812.0060087678,327700.0,384100.0,540831.16,313696.4,49783.0,39096.4060030044,943406.9660030045,1655206.9660030045,5344793.033996996,23.64581380004292,76.35418619995707,76.35418619995707,4.6814285714285715,5.487142857142857,7.726159428571429,4.481377142857143,0.7111857142857143,0.5585200857572057,男性,0,True
2010,45,40～64歳,750,7500000.0,518498.9280349315,1278012.8635808222,395900.0,418200.0,604619.19,350652.6,55642.0,41889.0064317904,1052802.7964317903,1866902.7964317903,5633097.20356821,24.892037285757205,75.1079627142428,75.1079627142428,5.278666666666667,5.576,8.0615892,4.675368,0.7418933333333333,0.5585200857572054,男性,0,True
2010,45,40～64歳,800,8000000.0,553065.5232372602,1363213.7211528774,473500.0,457000.0,639768.8099999999,371045.4,58879.0,44681.6068605764,1114374.8168605764,2044874.8168605764,5955125.183139424,25.560935210757208,74.43906478924279,74.43906478924279,5.918749999999999,5.7125,7.997110125,4.6380675,0.7359875,0.558520085757205,男性,0,True
2010,45,40～64歳,850,8500000.0,587632.118439589,1448414.578724932,551100.0,495800.0,675077.24,391531.6,62131.0,47474.2072893625,1176214.0472893624,2223114.047289362,6276885.952710638,26.154282909286614,73.84571709071338,73.84571709071338,6.483529411764706,5.832941176470588,7.942085176470588,4.606254117647059,0.7309529411764706,0.5585200857572059,男性,0,True
2010,45,40～64歳,900,9000000.0,622198.7136419178,1533615.4362969864,628900.0,534700.0,710226.86,411924.4,65368.0,50266.8077181485,1237786.0677181485,2401386.067718148,6598613.932281852,26.682067419090536,73.31793258090946,73.31793258090946,6.987777777777778,5.941111111111111,7.891409555555555,4.576937777777778,0.7263111111111111,0.5585200857572056,男性,0,True
2010,45,40～64歳,950,9500000.0,656765.3088442466,1618816.293869041,712100.0,576300.0,717055.6900000001,432410.6,68620.0,53059.4081469345,1271145.6981469346,2559545.6981469346,6940454.301853065,26.942586296283523,73.05741370371648,73.05741370371648,7.4957894736842094,6.066315789473684,7.547954631578949,4.55169052631579,0.7223157894736842,0.5585200857572052,男性,0,True
2010,45,40～64歳,1000,10000000.0,691331.9040465753,1704017.1514410968,795500.0,618000.0,723884.52,452896.8,71872.0,55852.0085757206,1304505.3285757205,2718005.3285757205,7281994.671424279,27.180053285757204,72.81994671424279,72.81994671424279,7.954999999999999,6.18,7.238845200000001,4.528968,0.71872,0.558520085757206,男性,0,True
2010,45,40～64歳,1050,10500000.0,725898.4992489041,1789218.0090131513,883900.0,662200.0,730554.54,473289.6,75109.0,58644.6090045066,1337597.7490045067,2883697.7490045065,7616302.2509954935,27.46378808575721,72.5362119142428,72.5362119142428,8.418095238095239,6.306666666666666,6.957662285714286,4.5075199999999995,0.7153238095238096,0.5585200857572057,男性,0,True
2010,45,40～64歳,1100,11000000.0,760465.0944512328,1874418.8665852058,972100.0,705700.0,737383.37,499265.8,79230.0,61437.2094332926,1377316.3794332924,3055116.3794332924,7944883.620566707,27.773785267575384,72.22621473242461,72.22621473242461,8.837272727272726,6.415454545454545,6.703485181818182,4.53878,0.7202727272727273,0.5585200857572055,男性,0,True
2010,45,40～64歳,1150,11500000.0,795031.6896535617,1959619.7241572603,1072400.0,749300.0,744053.39,525148.6,83336.0,64229.8098620786,1416767.7998620786,3238467.7998620784,8261532.2001379235,28.160589564018068,71.83941043598193,71.83941043598193,9.325217391304347,6.5156521739130415,6.470029478260869,4.56650956521739,0.7246608695652172,0.5585200857572051,男性,0,True
2010,45,40～64歳,1200,12000000.0,829598.2848558903,2044820.5817293162,1172400.0,792800.0,750882.22,551124.8,87457.0,67022.4102908647,1456486.4302908648,3421686.430290865,8578313.569709135,28.514053585757203,71.48594641424279,71.48594641424279,9.77,6.6066666666666665,6.257351833333333,4.5927066666666665,0.7288083333333333,0.5585200857572059,男性,0,True
2010,45,40～64歳,1250,12500000.0,864164.8800582191,2130021.4393013706,1271100.0,835700.0,757711.05,582591.0,92447.0,69815.0107196507,1502564.0607196507,3609364.0607196507,8890635.93928035,28.874912485757203,71.12508751424281,71.12508751424281,10.168800000000001,6.6856,6.0616884,4.660728,0.739576,0.5585200857572056,男性,0,True
2010,45,40～64歳,1300,13000000.0,898731.4752605478,2215222.296873425,1377100.0,881800.0,764381.0700000001,586513.8,93077.0,72607.6111484367,1516579.481148437,3775479.4811484367,9224520.518851563,29.042149854987976,70.95785014501203,70.95785014501203,10.593076923076923,6.783076923076924,5.879854384615385,4.511644615384616,0.7159769230769231,0.5585200857572054,男性,0,True
2010,45,40～64歳,1350,13500000.0,933298.0704628767,2300423.1544454796,1494000.0,924700.0,771209.9,617980.0,98067.0,75400.2115772227,1562657.1115772226,3981357.1115772226,9518642.888422778,29.49153415983128,70.50846584016872,70.50846584016872,11.066666666666666,6.8496296296296295,5.7126659259259265,4.577629629629629,0.7264222222222222,0.5585200857572051,男性,0,True
2010,45,40～64歳,1400,14000000.0,967864.6656652055,2385624.0120175355,1635600.0,967600.0,777879.92,649352.8,103042.0,78192.8120060088,1608467.532006009,4211667.532006009,9788332.467993991,30.08333951432863,69.91666048567137,69.91666048567137,11.682857142857143,6.911428571428571,5.556285142857143,4.638234285714287,0.7360142857142857,0.5585200857572057,男性,0,True
2010,45,40～64歳,1450,14500000.0,1002431.2608675341,2470824.86958959,1787700.0,1013700.0,784708.75,653369.0,103687.0,80985.4124347948,1622750.1624347947,4424150.162434795,10075849.837565202,30.511380430584794,69.4886195694152,69.4886195694152,12.32896551724138,6.991034482758622,5.4117844827586215,4.505993103448276,0.7150827586206897,0.5585200857572056,男性,0,True
2010,45,40～64歳,1500,15000000.0,1036997.856069863,2556025.7271616445,1929300.0,1056600.0,791537.5800000001,684835.2,108677.0,83778.0128635808,1668827.7928635809,4654727.792863581,10345272.207136419,31.03151861909054,68.96848138090947,68.96848138090947,12.862000000000002,7.0440000000000005,5.276917200000001,4.565568,0.7245133333333333,0.5585200857572054,男性,0,True
2011,35,20～39歳,200,2000000.0,138036.69713697679,343559.63435627846,28200.0,63000.0,165581.37,96957.8,0.0,12000.0,274539.17,365739.17,1634260.83,18.2869585,81.7130415,81.7130415,1.41,3.15,8.279068500000001,4.84789,0.0,0.6,男性,0,True
2011,35,20～39歳,250,2500000.0,172545.871421221,429449.5429453481,42900.0,92300.0,199738.1,116958.0,0.0,15000.0,331696.1,466896.1,2033103.9,18.675844,81.32415599999999,81.32415599999999,1.7160000000000002,3.692,7.989524,4.678319999999999,0.0,0.6,男性,0,True
2011,35,20～39歳,300,3000000.0,207055.04570546522,515339.45153441734,57400.0,121300.0,235835.95,138095.0,0.0,18000.0,391930.95,570630.95,2429369.05,19.021031666666666,80.97896833333333,80.97896833333333,1.913333333333333,4.043333333333334,7.861198333333334,4.603166666666667,0.0,0.6,男性,0,True
2011,35,20～39歳,350,3500000.0,241564.2199897094,601229.3601234873,71100.0,148700.0,281639.4,164916.0,0.0,21000.0,467555.4,687355.4,2812644.6,19.638725714285716,80.36127428571429,80.36127428571429,2.0314285714285716,4.248571428571428,8.046840000000001,4.711885714285715,0.0,0.6,男性,0,True
2011,35,20～39歳,400,4000000.0,276073.39427395357,687119.2687125569,86800.0,180100.0,327442.85,191737.0,0.0,24000.0,543179.85,810079.85,3189920.15,20.251996249999998,79.74800375,79.74800375,2.17,4.5025,8.18607125,4.793425,0.0,0.6,男性,0,True
2011,35,20～39歳,450,4500000.0,310582.5685581978,773009.1773016262,108600.0,212600.0,373246.3,218558.0,0.0,27000.0,618804.3,940004.3,3559995.7,20.888984444444443,79.11101555555557,79.11101555555557,2.413333333333333,4.724444444444444,8.294362222222222,4.8568444444444445,0.0,0.6,男性,0,True
2011,35,20～39歳,500,5000000.0,345091.742842442,858899.0858906962,144100.0,248100.0,399638.55,234011.0,0.0,30000.0,663649.55,1055849.55,3944150.45,21.116991000000002,78.883009,78.883009,2.8819999999999997,4.962,7.992771,4.68022,0.0,0.6,男性,0,True
2011,35,20～39歳,550,5500000.0,379600.9171266862,944788.9944797654,176500.0,280500.0,445442.0,260832.0,0.0,33000.0,739274.0,1196274.0,4303725.999999999,21.750436363636368,78.24956363636363,78.24956363636363,3.2090909090909094,5.100000000000001,8.098945454545456,4.742400000000001,0.0,0.6000000000000001,男性,0,True
2011,35,20～39歳,600,6000000.0,414110.09141093044,1030678.9030688347,210500.0,314500.0,481539.85,281969.0,0.0,36000.0,799508.85,1324508.85,4675491.15,22.0751475,77.92485250000001,77.92485250000001,3.5083333333333333,5.241666666666667,8.025664166666665,4.699483333333333,0.0,0.6,男性,0,True
2011,35,20～39歳,650,6500000.0,448619.2656951746,1116568.8116579046,256500.0,348500.0,517637.7,303106.0,0.0,39000.0,859743.7,1464743.7,5035256.299999999,22.534518461538465,77.46548153846153,77.46548153846153,3.9461538461538463,5.361538461538462,7.9636569230769245,4.663169230769231,0.0,0.6000000000000001,男性,0,True
2011,35,20～39歳,700,7000000.0,483128.4399794188,1202458.7202469746,332500.0,386500.0,553735.55,324243.0,0.0,42000.0,919978.55,1638978.55,5361021.45,23.413979285714287,76.58602071428572,76.58602071428572,4.75,5.521428571428571,7.910507857142858,4.632042857142857,0.0,0.6,男性,0,True
2011,35,20～39歳,750,7500000.0,517637.614263663,1288348.6288360439,401100.0,420800.0,618950.2,362432.0,0.0,45000.0,1026382.2,1848282.2,5651717.8,24.643762666666667,75.35623733333333,75.35623733333333,5.348,5.610666666666667,8.252669333333333,4.832426666666667,0.0,0.6,男性,0,True
2011,35,20～39歳,800,8000000.0,552146.7885479071,1374238.5374251138,479100.0,459800.0,655048.0499999999,383569.0,0.0,48000.0,1086617.0499999998,2025517.0499999998,5974482.95,25.318963125,74.681036875,74.681036875,5.9887500000000005,5.7475,8.188100624999999,4.7946124999999995,0.0,0.6,男性,0,True
2011,35,20～39歳,850,8500000.0,586655.9628321514,1460128.446014183,557100.0,498800.0,691145.9,404706.0,0.0,51000.0,1146851.9,2202751.9,6297248.1,25.914728235294117,74.08527176470588,74.08527176470588,6.554117647058824,5.868235294117647,8.131128235294117,4.761247058823529,0.0,0.6,男性,0,True
2011,35,20～39歳,900,9000000.0,621165.1371163956,1546018.3546032524,634900.0,537700.0,727243.75,425843.0,0.0,54000.0,1207086.75,2379686.75,6620313.25,26.44096388888889,73.55903611111111,73.55903611111111,7.054444444444445,5.974444444444445,8.080486111111112,4.731588888888889,0.0,0.6,男性,0,True
2011,35,20～39歳,950,9500000.0,655674.3114006398,1631908.2631923216,718900.0,579700.0,734062.45,446885.0,0.0,57000.0,1237947.45,2536547.45,6963452.55,26.700499473684214,73.29950052631578,73.29950052631578,7.567368421052631,6.1021052631578945,7.726973157894737,4.704052631578948,0.0,0.6,男性,0,True
2011,35,20～39歳,1000,10000000.0,690183.485684884,1717798.1717813923,802500.0,621500.0,741043.5,468022.0,0.0,60000.0,1269065.5,2693065.5,7306934.5,26.930654999999998,73.069345,73.069345,8.025,6.215,7.410435,4.68022,0.0,0.6,男性,0,True
2011,35,20～39歳,1050,10500000.0,724692.6599691282,1803688.0803704616,891300.0,665900.0,748024.5499999999,489159.0,0.0,63000.0,1300183.5499999998,2857383.55,7642616.45,27.213176666666666,72.78682333333334,72.78682333333334,8.48857142857143,6.341904761904763,7.124043333333333,4.658657142857143,0.0,0.6,男性,0,True
2011,35,20～39歳,1100,11000000.0,759201.8342533724,1889577.9889595308,981500.0,709800.0,755005.6,515980.0,0.0,66000.0,1336985.6,3028285.6,7971714.3999999985,27.5298690909091,72.47013090909091,72.47013090909091,8.922727272727274,6.452727272727274,6.863687272727274,4.6907272727272735,0.0,0.6000000000000001,男性,0,True
2011,35,20～39歳,1150,11500000.0,793711.0085376167,1975467.8975486,1082300.0,753600.0,761986.6499999999,542801.0,0.0,69000.0,1373787.65,3209687.65,8290312.35,27.910327391304346,72.08967260869565,72.08967260869565,9.411304347826087,6.55304347826087,6.625970869565216,4.720008695652174,0.0,0.6,男性,0,True
2011,35,20～39歳,1200,12000000.0,828220.1828218609,2061357.8061376694,1183000.0,797400.0,768967.7,569622.0,0.0,72000.0,1410589.7,3390989.7,8609010.3,28.2582475,71.74175250000002,71.74175250000002,9.858333333333333,6.645,6.408064166666666,4.746849999999999,0.0,0.6,男性,0,True
2011,35,20～39歳,1250,12500000.0,862729.357106105,2147247.71472674,1282400.0,840600.0,775948.75,602127.0,0.0,75000.0,1453075.75,3576075.75,8923924.25,28.608605999999998,71.39139399999999,71.39139399999999,10.2592,6.7248,6.207590000000001,4.817016,0.0,0.6,男性,0,True
2011,35,20～39歳,1300,13000000.0,897238.5313903491,2233137.6233158093,1388400.0,886700.0,782929.7999999999,606212.0,0.0,78000.0,1467141.7999999998,3742241.8,9257758.2,28.78647538461539,71.21352461538461,71.21352461538461,10.680000000000001,6.820769230769232,6.022536923076923,4.663169230769231,0.0,0.6000000000000001,男性,0,True
2011,35,20～39歳,1350,13500000.0,931747.7056745935,2319027.5319048786,1511500.0,930000.0,789910.85,638717.0,0.0,81000.0,1509627.85,3951127.85,9548872.15,29.267613703703706,70.7323862962963,70.7323862962963,11.196296296296296,6.888888888888889,5.851191481481481,4.731237037037038,0.0,0.6,男性,0,True
2011,35,20～39歳,1400,14000000.0,966256.8799588376,2404917.440493949,1654100.0,973200.0,796891.8999999999,671222.0,0.0,84000.0,1552113.9,4179413.9,9820586.1,29.852956428571424,70.14704357142857,70.14704357142857,11.815000000000001,6.951428571428571,5.692085,4.794442857142857,0.0,0.6,男性,0,True
2011,35,20～39歳,1450,14500000.0,1000766.0542430817,2490807.3490830185,1806200.0,1019300.0,803872.95,675307.0,0.0,87000.0,1566179.95,4391679.95,10108320.05,30.287447931034485,69.71255206896552,69.71255206896552,12.456551724137931,7.029655172413793,5.543951379310345,4.6572896551724146,0.0,0.6,男性,0,True
2011,35,20～39歳,1500,15000000.0,1035275.228527326,2576697.2576720878,1949100.0,1062600.0,810854.0,707812.0,0.0,90000.0,1608666.0,4620366.0,10379634.0,30.802439999999997,69.19756,69.19756,12.994,7.084,5.405693333333334,4.718746666666666,0.0,0.6,男性,0,True
2011,45,40～64歳,200,2000000.0,138036.69713697679,343559.63435627846,27500.0,61500.0,165581.37,96957.8,15433.1,12000.0,289972.27,378972.27,1621027.73,18.9486135,81.0513865,81.0513865,1.375,3.075,8.279068500000001,4.84789,0.771655,0.6,男性,0,True
2011,45,40～64歳,250,2500000.0,172545.871421221,429449.5429453481,41900.0,90400.0,199738.1,116958.0,18616.4,15000.0,350312.5,482612.5,2017387.5,19.3045,80.6955,80.6955,1.6760000000000002,3.6159999999999997,7.989524,4.678319999999999,0.7446560000000001,0.6,男性,0,True
2011,45,40～64歳,300,3000000.0,207055.04570546522,515339.45153441734,56300.0,119100.0,235835.95,138095.0,21980.7,18000.0,413911.65,589311.65,2410688.35,19.643721666666668,80.35627833333334,80.35627833333334,1.8766666666666667,3.9699999999999998,7.861198333333334,4.603166666666667,0.73269,0.6,男性,0,True
2011,45,40～64歳,350,3500000.0,241564.2199897094,601229.3601234873,69800.0,146100.0,281639.4,164916.0,26250.0,21000.0,493805.4,709705.4,2790294.6,20.277297142857144,79.72270285714286,79.72270285714286,1.9942857142857144,4.174285714285714,8.046840000000001,4.711885714285715,0.75,0.6,男性,0,True
2011,45,40～64歳,400,4000000.0,276073.39427395357,687119.2687125569,85300.0,177100.0,327442.85,191737.0,30519.3,24000.0,573699.15,836099.15,3163900.85,20.90247875,79.09752125,79.09752125,2.1325,4.4275,8.18607125,4.793425,0.7629825,0.6,男性,0,True
2011,45,40～64歳,450,4500000.0,310582.5685581978,773009.1773016262,105100.0,209100.0,373246.3,218558.0,34788.6,27000.0,653592.9,967792.9,3532207.1,21.506508888888888,78.49349111111111,78.49349111111111,2.3355555555555556,4.646666666666667,8.294362222222222,4.8568444444444445,0.77308,0.6,男性,0,True
2011,45,40～64歳,500,5000000.0,345091.742842442,858899.0858906962,140400.0,244400.0,399638.55,234011.0,37247.9,30000.0,700897.4500000001,1085697.4500000002,3914302.55,21.713949000000003,78.286051,78.286051,2.8080000000000003,4.888,7.992771,4.68022,0.744958,0.6,男性,0,True
2011,45,40～64歳,550,5500000.0,379600.9171266862,944788.9944797654,172400.0,276400.0,445442.0,260832.0,41517.2,33000.0,780791.2,1229591.2,4270408.799999999,22.356203636363638,77.64379636363635,77.64379636363635,3.134545454545455,5.025454545454546,8.098945454545456,4.742400000000001,0.7548581818181819,0.6000000000000001,男性,0,True
2011,45,40～64歳,600,6000000.0,414110.09141093044,1030678.9030688347,206000.0,310000.0,481539.85,281969.0,44881.5,36000.0,844390.35,1360390.35,4639609.65,22.673172500000003,77.32682750000001,77.32682750000001,3.4333333333333336,5.166666666666667,8.025664166666665,4.699483333333333,0.7480249999999999,0.6,男性,0,True
2011,45,40～64歳,650,6500000.0,448619.2656951746,1116568.8116579046,246900.0,343700.0,517637.7,303106.0,48245.8,39000.0,907989.5,1498589.5,5001410.499999999,23.05522307692308,76.94477692307692,76.94477692307692,3.7984615384615386,5.287692307692309,7.9636569230769245,4.663169230769231,0.7422430769230771,0.6000000000000001,男性,0,True
2011,45,40～64歳,700,7000000.0,483128.4399794188,1202458.7202469746,322100.0,381300.0,553735.55,324243.0,51610.1,42000.0,971588.65,1674988.65,5325011.35,23.928409285714284,76.0715907142857,76.0715907142857,4.601428571428571,5.4471428571428575,7.910507857142858,4.632042857142857,0.7372871428571428,0.6,男性,0,True
2011,45,40～64歳,750,7500000.0,517637.614263663,1288348.6288360439,389500.0,415000.0,618950.2,362432.0,57689.4,45000.0,1084071.6,1888571.6,5611428.4,25.180954666666665,74.81904533333334,74.81904533333334,5.193333333333333,5.533333333333333,8.252669333333333,4.832426666666667,0.7691920000000001,0.6,男性,0,True
2011,45,40～64歳,800,8000000.0,552146.7885479071,1374238.5374251138,466900.0,453700.0,655048.0499999999,383569.0,61053.7,48000.0,1147670.75,2068270.75,5931729.25,25.853384374999997,74.146615625,74.146615625,5.83625,5.67125,8.188100624999999,4.7946124999999995,0.76317125,0.6,男性,0,True
2011,45,40～64歳,850,8500000.0,586655.9628321514,1460128.446014183,544100.0,492300.0,691145.9,404706.0,64418.0,51000.0,1211269.9,2247669.9,6252330.1,26.443175294117644,73.55682470588235,73.55682470588235,6.4011764705882355,5.791764705882353,8.131128235294117,4.761247058823529,0.7578588235294117,0.6,男性,0,True
2011,45,40～64歳,900,9000000.0,621165.1371163956,1546018.3546032524,621500.0,531000.0,727243.75,425843.0,67782.3,54000.0,1274869.05,2427369.05,6572630.95,26.970767222222218,73.02923277777778,73.02923277777778,6.905555555555555,5.8999999999999995,8.080486111111112,4.731588888888889,0.7531366666666667,0.6,男性,0,True
2011,45,40～64歳,950,9500000.0,655674.3114006398,1631908.2631923216,704500.0,572500.0,734062.45,446885.0,71131.5,57000.0,1309078.95,2586078.95,6913921.05,27.22188368421053,72.77811631578948,72.77811631578948,7.41578947368421,6.026315789473684,7.726973157894737,4.704052631578948,0.7487526315789474,0.6,男性,0,True
2011,45,40～64歳,1000,10000000.0,690183.485684884,1717798.1717813923,787700.0,614100.0,741043.5,468022.0,74495.8,60000.0,1343561.3,2745361.3,7254638.7,27.453612999999997,72.546387,72.546387,7.877000000000001,6.141,7.410435,4.68022,0.744958,0.6,男性,0,True
2011,45,40～64歳,1050,10500000.0,724692.6599691282,1803688.0803704616,875700.0,658100.0,748024.5499999999,489159.0,77860.1,63000.0,1378043.65,2911843.65,7588156.35,27.731844285714285,72.26815571428571,72.26815571428571,8.34,6.267619047619048,7.124043333333333,4.658657142857143,0.7415247619047619,0.6,男性,0,True
2011,45,40～64歳,1100,11000000.0,759201.8342533724,1889577.9889595308,962500.0,701500.0,755005.6,515980.0,82129.4,66000.0,1419115.0,3083115.0,7916884.999999998,28.028318181818186,71.9716818181818,71.9716818181818,8.75,6.377272727272729,6.863687272727274,4.6907272727272735,0.7466309090909092,0.6000000000000001,男性,0,True
2011,45,40～64歳,1150,11500000.0,793711.0085376167,1975467.8975486,1062300.0,744900.0,761986.6499999999,542801.0,86398.7,69000.0,1460186.3499999999,3267386.3499999996,8232613.65,28.412055217391302,71.5879447826087,71.5879447826087,9.237391304347826,6.477391304347827,6.625970869565216,4.720008695652174,0.7512930434782609,0.6,男性,0,True
2011,45,40～64歳,1200,12000000.0,828220.1828218609,2061357.8061376694,1162100.0,788300.0,768967.7,569622.0,90668.0,72000.0,1501257.7,3451657.7,8548342.3,28.76381416666667,71.23618583333334,71.23618583333334,9.684166666666668,6.569166666666666,6.408064166666666,4.746849999999999,0.7555666666666666,0.6,男性,0,True
2011,45,40～64歳,1250,12500000.0,862729.357106105,2147247.71472674,1260500.0,831100.0,775948.75,602127.0,95842.3,75000.0,1548918.05,3640518.05,8859481.95,29.124144399999995,70.8758556,70.8758556,10.084,6.6488000000000005,6.207590000000001,4.817016,0.7667384,0.6,男性,0,True
2011,45,40～64歳,1300,13000000.0,897238.5313903491,2233137.6233158093,1366300.0,877100.0,782929.7999999999,606212.0,96491.6,78000.0,1563633.4,3807033.4,9192966.599999998,29.28487230769231,70.71512769230769,70.71512769230769,10.510000000000002,6.746923076923078,6.022536923076923,4.663169230769231,0.7422430769230771,0.6000000000000001,男性,0,True
2011,45,40～64歳,1350,13500000.0,931747.7056745935,2319027.5319048786,1477800.0,919800.0,789910.85,638717.0,101665.9,81000.0,1611293.75,4008893.75,9491106.25,29.69550925925926,70.30449074074075,70.30449074074075,10.946666666666667,6.8133333333333335,5.851191481481481,4.731237037037038,0.7530807407407407,0.6,男性,0,True
2011,45,40～64歳,1400,14000000.0,966256.8799588376,2404917.440493949,1619100.0,962600.0,796891.8999999999,671222.0,106840.2,84000.0,1658954.0999999999,4240654.1,9759345.9,30.290386428571423,69.70961357142858,69.70961357142858,11.565,6.875714285714286,5.692085,4.794442857142857,0.7631442857142857,0.6,男性,0,True
2011,45,40～64歳,1450,14500000.0,1000766.0542430817,2490807.3490830185,1770900.0,1008600.0,803872.95,675307.0,107489.5,87000.0,1673669.45,4453169.45,10046830.55,30.711513448275863,69.28848655172413,69.28848655172413,12.213103448275863,6.955862068965517,5.543951379310345,4.6572896551724146,0.7413068965517242,0.6,男性,0,True
2011,45,40～64歳,1500,15000000.0,1035275.228527326,2576697.2576720878,1911800.0,1051300.0,810854.0,707812.0,112663.8,90000.0,1721329.8,4684429.8,10315570.2,31.229532,68.770468,68.770468,12.745333333333333,7.0086666666666675,5.405693333333334,4.718746666666666,0.751092,0.6,男性,0,True
2012,35,20～39歳,200,2000000.0,138841.36706322344,333903.5952413186,28000.0,62500.0,168373.34,101090.0,0.0,10416.5241011897,279879.8641011897,370379.8641011897,1629620.1358988103,18.518993205059488,81.48100679494051,81.48100679494051,1.4000000000000001,3.125,8.418667000000001,5.0545,0.0,0.520826205059485,男性,0,True
2012,35,20～39歳,250,2500000.0,173551.70882902932,417379.4940516483,42500.0,91600.0,203111.12,121950.0,0.0,13020.6551264871,338081.7751264871,472181.7751264871,2027818.224873513,18.887271005059482,81.11272899494053,81.11272899494053,1.7000000000000002,3.6639999999999997,8.1244448,4.878,0.0,0.520826205059484,男性,0,True
2012,35,20～39歳,300,3000000.0,208262.0505948352,500855.3928619777,57000.0,120500.0,239832.5,144000.0,0.0,15624.7861517845,399457.2861517845,576957.2861517845,2423042.7138482155,19.231909538392816,80.76809046160719,80.76809046160719,1.9,4.016666666666667,7.994416666666666,4.8,0.0,0.5208262050594833,男性,0,True
2012,35,20～39歳,350,3500000.0,242972.39236064107,584331.2916723074,70600.0,147800.0,286471.88,172000.0,0.0,18228.9171770819,476700.7971770819,695100.7971770819,2804899.2028229185,19.860022776488055,80.13997722351195,80.13997722351195,2.017142857142857,4.222857142857142,8.184910857142857,4.914285714285714,0.0,0.5208262050594828,男性,0,True
2012,35,20～39歳,400,4000000.0,277682.7341264469,667807.1904826371,86300.0,179100.0,332945.37,199900.0,0.0,20833.0482023793,553678.4182023794,819078.4182023794,3180921.5817976207,20.476960455059483,79.52303954494052,79.52303954494052,2.1575,4.4775,8.323634250000001,4.9975,0.0,0.5208262050594825,男性,0,True
2012,35,20～39歳,450,4500000.0,312393.0758922528,751283.0892929665,107400.0,211400.0,379584.75,227900.0,0.0,23437.1792276768,630921.9292276767,949721.9292276767,3550278.0707723233,21.104931760615038,78.89506823938495,78.89506823938495,2.3866666666666667,4.697777777777778,8.435216666666667,5.064444444444445,0.0,0.5208262050594844,男性,0,True
2012,35,20～39歳,500,5000000.0,347103.41765805864,834758.9881032966,142800.0,246800.0,406388.13,244000.0,0.0,26041.3102529742,676429.4402529742,1066029.4402529742,3933970.559747026,21.320588805059483,78.67941119494051,78.67941119494051,2.856,4.936,8.1277626,4.88,0.0,0.520826205059484,男性,0,True
2012,35,20～39歳,550,5500000.0,381813.7594238645,918234.886913626,175100.0,279100.0,453027.51,272000.0,0.0,28645.4412782716,753672.9512782716,1207872.9512782716,4292127.048721729,21.961326386877666,78.03867361312234,78.03867361312234,3.1836363636363636,5.074545454545454,8.236863818181819,4.945454545454545,0.0,0.5208262050594836,男性,0,True
2012,35,20～39歳,600,6000000.0,416524.1011896704,1001710.7857239554,209000.0,313000.0,489583.0,293950.0,0.0,31249.572303569,814782.5723035691,1336782.572303569,4663217.427696431,22.279709538392815,77.72029046160719,77.72029046160719,3.4833333333333334,5.216666666666667,8.159716666666666,4.899166666666667,0.0,0.5208262050594833,男性,0,True
2012,35,20～39歳,650,6500000.0,451234.4429554762,1085186.6845342855,253100.0,346800.0,526304.38,316000.0,0.0,33853.7033288664,876158.0833288664,1476058.0833288664,5023941.916671133,22.70858589736718,77.29141410263281,77.29141410263281,3.893846153846155,5.3353846153846165,8.096990461538462,4.861538461538462,0.0,0.5208262050594832,男性,0,True
2012,35,20～39歳,700,7000000.0,485944.78472128214,1168662.5833446148,319300.0,379900.0,592779.76,355900.0,0.0,36457.8343541638,985137.5943541639,1684337.5943541639,5315662.405645837,24.06196563363091,75.9380343663691,75.9380343663691,4.561428571428571,5.427142857142856,8.468282285714285,5.084285714285714,0.0,0.5208262050594828,男性,0,True
2012,35,20～39歳,750,7500000.0,520655.126487088,1252138.4821549442,397100.0,418800.0,629501.14,377950.0,0.0,39061.9653794613,1046513.1053794613,1862413.1053794613,5637586.894620539,24.83217473839282,75.16782526160718,75.16782526160718,5.294666666666667,5.584,8.393348533333334,5.039333333333333,0.0,0.520826205059484,男性,0,True
2012,35,20～39歳,800,8000000.0,555365.4682528938,1335614.3809652743,474900.0,457700.0,666056.63,399900.0,0.0,41666.0964047587,1107622.7264047586,2040222.7264047586,5959777.273595242,25.50278408005948,74.49721591994052,74.49721591994052,5.93625,5.7212499999999995,8.325707875,4.998749999999999,0.0,0.5208262050594837,男性,0,True
2012,35,20～39歳,850,8500000.0,590075.8100186997,1419090.2797756037,552700.0,496600.0,702778.01,421950.0,0.0,44270.2274300561,1168998.237430056,2218298.237430056,6281701.762569943,26.097626322706542,73.90237367729345,73.90237367729345,6.50235294117647,5.842352941176471,8.267976588235294,4.964117647058823,0.0,0.5208262050594835,男性,0,True
2012,35,20～39歳,900,9000000.0,624786.1517845056,1502566.178585933,630300.0,535400.0,739499.39,444000.0,0.0,46874.3584553535,1230373.7484553535,2396073.7484553535,6603926.251544647,26.623041649503925,73.37695835049608,73.37695835049608,7.003333333333334,5.948888888888889,8.216659888888888,4.933333333333334,0.0,0.5208262050594833,男性,0,True
2012,35,20～39歳,950,9500000.0,659496.4935503114,1586042.0773962624,714100.0,577300.0,746466.77,466050.0,0.0,49478.4894806509,1261995.259480651,2553395.259480651,6946604.7405193485,26.87784483663843,73.12215516336157,73.12215516336157,7.516842105263158,6.076842105263157,7.857544947368421,4.9057894736842105,0.0,0.5208262050594831,男性,0,True
2012,35,20～39歳,1000,10000000.0,694206.8353161173,1669517.9762065932,797700.0,619100.0,753268.26,488000.0,0.0,52082.6205059484,1293350.8805059483,2710150.8805059483,7289849.119494052,27.10150880505948,72.89849119494052,72.89849119494052,7.976999999999999,6.191,7.5326826,4.88,0.0,0.520826205059484,男性,0,True
2012,35,20～39歳,1050,10500000.0,728917.1770819231,1752993.8750169226,886500.0,663500.0,760235.64,510050.0,0.0,54686.7515312458,1324972.3915312458,2874972.391531246,7625027.608468754,27.380689443154722,72.61931055684528,72.61931055684528,8.442857142857143,6.319047619047619,7.240339428571428,4.857619047619047,0.0,0.5208262050594838,男性,0,True
2012,35,20～39歳,1100,11000000.0,763627.518847729,1836469.773827252,975600.0,707200.0,767203.02,538050.0,0.0,57290.8825565432,1362543.9025565432,3045343.9025565432,7954656.097443457,27.684944568695848,72.31505543130416,72.31505543130416,8.86909090909091,6.42909090909091,6.974572909090909,4.891363636363636,0.0,0.5208262050594836,男性,0,True
2012,35,20～39歳,1150,11500000.0,798337.8606135349,1919945.6726375814,1076300.0,751000.0,774004.51,565950.0,0.0,59895.0135818406,1399849.5235818406,3227149.5235818406,8272850.47641816,28.062169770276874,71.93783022972313,71.93783022972313,9.359130434782609,6.530434782608696,6.730474,4.921304347826086,0.0,0.5208262050594835,男性,0,True
2012,35,20～39歳,1200,12000000.0,833048.2023793408,2003421.5714479107,1176800.0,794700.0,780971.89,593950.0,0.0,62499.144607138,1437421.0346071383,3408921.0346071385,8591078.965392862,28.40767528839282,71.59232471160718,71.59232471160718,9.806666666666667,6.6225000000000005,6.508099083333334,4.949583333333334,0.0,0.5208262050594833,男性,0,True
2012,35,20～39歳,1250,12500000.0,867758.5441451466,2086897.4702582401,1276200.0,837900.0,787939.27,627900.0,0.0,65103.2756324354,1480942.5456324355,3595042.5456324355,8904957.454367565,28.760340365059484,71.23965963494052,71.23965963494052,10.2096,6.7032,6.30351416,5.0232,0.0,0.5208262050594832,男性,0,True
2012,35,20～39歳,1300,13000000.0,902468.8859109523,2170373.369068571,1382200.0,884000.0,794906.65,632100.0,0.0,67707.4066577328,1494714.0566577327,3760914.0566577325,9239085.943342265,28.930108128136407,71.06989187186359,71.06989187186359,10.632307692307693,6.800000000000001,6.11466653846154,4.862307692307692,0.0,0.5208262050594832,男性,0,True
2012,35,20～39歳,1350,13500000.0,937179.2276767583,2253849.2678789003,1502300.0,927200.0,801708.14,665950.0,0.0,70311.5376830303,1537969.6776830305,3967469.6776830303,9532530.32231697,29.388664279133557,70.61133572086645,70.61133572086645,11.128148148148147,6.868148148148149,5.938578814814814,4.932962962962963,0.0,0.5208262050594837,男性,0,True
2012,35,20～39歳,1400,14000000.0,971889.5694425643,2337325.1666892297,1644500.0,970300.0,808675.52,699900.0,0.0,72915.6687083277,1581491.1887083277,4196291.188708328,9803708.811291674,29.973508490773764,70.02649150922623,70.02649150922623,11.74642857142857,6.930714285714284,5.776253714285714,4.999285714285714,0.0,0.5208262050594835,男性,0,True
2012,35,20～39歳,1450,14500000.0,1006599.91120837,2420801.065499559,1786700.0,1013400.0,815642.9,733850.0,0.0,75519.7997336251,1625012.699733625,4425112.699733625,10074887.300266374,30.518018618852587,69.4819813811474,69.4819813811474,12.322068965517241,6.988965517241379,5.625123448275862,5.061034482758621,0.0,0.5208262050594835,男性,0,True
2012,35,20～39歳,1500,15000000.0,1041310.252974176,2504276.9643098884,1939200.0,1059600.0,822610.28,738050.0,0.0,78123.9307589225,1638784.2107589226,4637584.210758923,10362415.789241077,30.91722807172615,69.08277192827384,69.08277192827384,12.928,7.063999999999999,5.484068533333334,4.920333333333334,0.0,0.5208262050594834,男性,0,True
2012,45,40～64歳,200,2000000.0,138841.36706322344,333903.5952413186,27200.0,60900.0,168373.34,101090.0,15722.2,10416.5241011897,295602.0641011897,383702.0641011897,1616297.9358988102,19.185103205059487,80.81489679494051,80.81489679494051,1.3599999999999999,3.045,8.418667000000001,5.0545,0.7861100000000001,0.520826205059485,男性,0,True
2012,45,40～64歳,250,2500000.0,173551.70882902932,417379.4940516483,41600.0,89700.0,203111.12,121950.0,18966.0,13020.6551264871,357047.7751264871,488347.7751264871,2011652.224873513,19.533911005059483,80.46608899494052,80.46608899494052,1.664,3.588,8.1244448,4.878,0.75864,0.520826205059484,男性,0,True
2012,45,40～64歳,300,3000000.0,208262.0505948352,500855.3928619777,55900.0,118300.0,239832.5,144000.0,22395.0,15624.7861517845,421852.2861517845,596052.2861517845,2403947.7138482155,19.868409538392815,80.13159046160719,80.13159046160719,1.863333333333333,3.9433333333333334,7.994416666666666,4.8,0.7465,0.5208262050594833,男性,0,True
2012,45,40～64歳,350,3500000.0,242972.39236064107,584331.2916723074,69300.0,145100.0,286471.88,172000.0,26750.0,18228.9171770819,503450.7971770819,717850.7971770819,2782149.2028229185,20.51002277648805,79.48997722351194,79.48997722351194,1.9799999999999998,4.145714285714285,8.184910857142857,4.914285714285714,0.7642857142857142,0.5208262050594828,男性,0,True
2012,45,40～64歳,400,4000000.0,277682.7341264469,667807.1904826371,84700.0,176000.0,332945.37,199900.0,31089.5,20833.0482023793,584767.9182023794,845467.9182023794,3154532.0817976207,21.136697955059482,78.86330204494053,78.86330204494053,2.1174999999999997,4.3999999999999995,8.323634250000001,4.9975,0.7772375,0.5208262050594825,男性,0,True
2012,45,40～64歳,450,4500000.0,312393.0758922528,751283.0892929665,103800.0,207800.0,379584.75,227900.0,35444.5,23437.1792276768,666366.4292276767,977966.4292276767,3522033.5707723233,21.732587316170594,78.2674126838294,78.2674126838294,2.3066666666666666,4.6177777777777775,8.435216666666667,5.064444444444445,0.7876555555555556,0.5208262050594844,男性,0,True
2012,45,40～64歳,500,5000000.0,347103.41765805864,834758.9881032966,139000.0,243000.0,406388.13,244000.0,37947.5,26041.3102529742,714376.9402529742,1096376.9402529742,3903623.059747026,21.92753880505948,78.07246119494052,78.07246119494052,2.78,4.859999999999999,8.1277626,4.88,0.75895,0.520826205059484,男性,0,True
2012,45,40～64歳,550,5500000.0,381813.7594238645,918234.886913626,170900.0,274900.0,453027.51,272000.0,42302.5,28645.4412782716,795975.4512782716,1241775.4512782716,4258224.548721729,22.577735477786756,77.42226452221324,77.42226452221324,3.1072727272727274,4.998181818181818,8.236863818181819,4.945454545454545,0.7691363636363636,0.5208262050594836,男性,0,True
2012,45,40～64歳,600,6000000.0,416524.1011896704,1001710.7857239554,204400.0,308400.0,489583.0,293950.0,45716.0,31249.572303569,860498.5723035691,1373298.572303569,4626701.427696431,22.888309538392814,77.11169046160718,77.11169046160718,3.4066666666666667,5.140000000000001,8.159716666666666,4.899166666666667,0.7619333333333334,0.5208262050594833,男性,0,True
2012,45,40～64歳,650,6500000.0,451234.4429554762,1085186.6845342855,243300.0,341900.0,526304.38,316000.0,49145.0,33853.7033288664,925303.0833288664,1510503.0833288664,4989496.916671133,23.238508974290255,76.76149102570974,76.76149102570974,3.743076923076923,5.260000000000001,8.096990461538462,4.861538461538462,0.7560769230769232,0.5208262050594832,男性,0,True
2012,45,40～64歳,700,7000000.0,485944.78472128214,1168662.5833446148,308300.0,374400.0,592779.76,355900.0,55352.0,36457.8343541638,1040489.5943541639,1723189.5943541639,5276810.405645837,24.61699420505948,75.38300579494052,75.38300579494052,4.404285714285713,5.348571428571428,8.468282285714285,5.084285714285714,0.7907428571428571,0.5208262050594828,男性,0,True
2012,45,40～64歳,750,7500000.0,520655.126487088,1252138.4821549442,385300.0,412900.0,629501.14,377950.0,58781.0,39061.9653794613,1105294.1053794613,1903494.1053794613,5596505.894620539,25.379921405059484,74.62007859494052,74.62007859494052,5.137333333333333,5.505333333333334,8.393348533333334,5.039333333333333,0.7837466666666666,0.520826205059484,男性,0,True
2012,45,40～64歳,800,8000000.0,555365.4682528938,1335614.3809652743,462500.0,451500.0,666056.63,399900.0,62194.5,41666.0964047587,1169817.2264047586,2083817.2264047586,5916182.773595242,26.047715330059486,73.95228466994052,73.95228466994052,5.78125,5.64375,8.325707875,4.998749999999999,0.77743125,0.5208262050594837,男性,0,True
2012,45,40～64歳,850,8500000.0,590075.8100186997,1419090.2797756037,539500.0,490000.0,702778.01,421950.0,65623.5,44270.2274300561,1234621.737430056,2264121.737430056,6235878.262569943,26.636726322706544,73.36327367729345,73.36327367729345,6.347058823529411,5.764705882352941,8.267976588235294,4.964117647058823,0.7720411764705882,0.5208262050594835,男性,0,True
2012,45,40～64歳,900,9000000.0,624786.1517845056,1502566.178585933,616500.0,528500.0,739499.39,444000.0,69052.5,46874.3584553535,1299426.2484553535,2444426.2484553535,6555573.751544647,27.160291649503925,72.83970835049608,72.83970835049608,6.8500000000000005,5.872222222222223,8.216659888888888,4.933333333333334,0.76725,0.5208262050594833,男性,0,True
2012,45,40～64歳,950,9500000.0,659496.4935503114,1586042.0773962624,699500.0,570000.0,746466.77,466050.0,72481.5,49478.4894806509,1334476.759480651,2603976.759480651,6896023.2405193485,27.410281678743694,72.5897183212563,72.5897183212563,7.363157894736842,6.0,7.857544947368421,4.9057894736842105,0.7629631578947369,0.5208262050594831,男性,0,True
2012,45,40～64歳,1000,10000000.0,694206.8353161173,1669517.9762065932,782500.0,611500.0,753268.26,488000.0,75895.0,52082.6205059484,1369245.8805059483,2763245.8805059483,7236754.119494052,27.632458805059485,72.36754119494051,72.36754119494051,7.825,6.115,7.5326826,4.88,0.75895,0.520826205059484,男性,0,True
2012,45,40～64歳,1050,10500000.0,728917.1770819231,1752993.8750169226,870500.0,655500.0,760235.64,510050.0,79324.0,54686.7515312458,1404296.3915312458,2930296.391531246,7569703.608468754,27.907584681249958,72.09241531875004,72.09241531875004,8.290476190476191,6.242857142857143,7.240339428571428,4.857619047619047,0.7554666666666667,0.5208262050594838,男性,0,True
2012,45,40～64歳,1100,11000000.0,763627.518847729,1836469.773827252,957100.0,698800.0,767203.02,538050.0,83679.0,57290.8825565432,1446222.9025565432,3102122.9025565432,7897877.097443457,28.201117295968576,71.79888270403143,71.79888270403143,8.700909090909091,6.352727272727273,6.974572909090909,4.891363636363636,0.7607181818181818,0.5208262050594836,男性,0,True
2012,45,40～64歳,1150,11500000.0,798337.8606135349,1919945.6726375814,1056100.0,742200.0,774004.51,565950.0,88018.5,59895.0135818406,1487868.0235818406,3286168.0235818406,8213831.97641816,28.575374118102964,71.42462588189704,71.42462588189704,9.183478260869565,6.453913043478261,6.730474,4.921304347826086,0.7653782608695653,0.5208262050594835,男性,0,True
2012,45,40～64歳,1200,12000000.0,833048.2023793408,2003421.5714479107,1155700.0,785500.0,780971.89,593950.0,92373.5,62499.144607138,1529794.5346071383,3470994.5346071385,8529005.465392862,28.92495445505949,71.07504554494051,71.07504554494051,9.630833333333333,6.5458333333333325,6.508099083333334,4.949583333333334,0.7697791666666667,0.5208262050594833,男性,0,True
2012,45,40～64歳,1250,12500000.0,867758.5441451466,2086897.4702582401,1253600.0,828100.0,787939.27,627900.0,97654.5,65103.2756324354,1578597.0456324355,3660297.0456324355,8839702.954367565,29.28237636505948,70.71762363494052,70.71762363494052,10.0288,6.6248000000000005,6.30351416,5.0232,0.781236,0.5208262050594832,男性,0,True
2012,45,40～64歳,1300,13000000.0,902468.8859109523,2170373.369068571,1359400.0,874100.0,794906.65,632100.0,98305.5,67707.4066577328,1593019.5566577327,3826519.5566577325,9173480.443342265,29.4347658204441,70.56523417955589,70.56523417955589,10.45692307692308,6.723846153846155,6.11466653846154,4.862307692307692,0.756196153846154,0.5208262050594832,男性,0,True
2012,45,40～64歳,1350,13500000.0,937179.2276767583,2253849.2678789003,1467900.0,916800.0,801708.14,665950.0,103571.0,70311.5376830303,1641540.6776830305,4026240.6776830303,9473759.32231697,29.8240050198743,70.17599498012571,70.17599498012571,10.873333333333333,6.791111111111111,5.938578814814814,4.932962962962963,0.7671925925925925,0.5208262050594837,男性,0,True
2012,45,40～64歳,1400,14000000.0,971889.5694425643,2337325.1666892297,1608500.0,959400.0,808675.52,699900.0,108852.0,72915.6687083277,1690343.1887083277,4258243.188708328,9741756.811291674,30.41602277648805,69.58397722351195,69.58397722351195,11.489285714285714,6.852857142857142,5.776253714285714,4.999285714285714,0.7775142857142856,0.5208262050594835,男性,0,True
2012,45,40～64歳,1450,14500000.0,1006599.91120837,2420801.065499559,1749100.0,1002000.0,815642.9,733850.0,114133.0,75519.7997336251,1739145.699733625,4490245.699733625,10009754.300266374,30.967211722300863,69.03278827769913,69.03278827769913,12.062758620689655,6.910344827586207,5.625123448275862,5.061034482758621,0.7871241379310344,0.5208262050594835,男性,0,True
2012,45,40～64歳,1500,15000000.0,1041310.252974176,2504276.9643098884,1901200.0,1048100.0,822610.28,738050.0,114784.0,78123.9307589225,1753568.2107589226,4702868.210758923,10297131.789241077,31.352454738392815,68.64754526160718,68.64754526160718,12.674666666666667,6.987333333333333,5.484068533333334,4.920333333333334,0.7652266666666667,0.5208262050594834,男性,0,True
2013,35,20～39歳,200,2000000.0,138153.2445572318,342161.06531321816,28200.0,62900.0,172824.21,102300.0,0.0,10000.0,285124.21,376224.21,1623775.79,18.8112105,81.1887895,81.1887895,1.41,3.145,8.6412105,5.115,0.0,0.5,男性,0,True
2013,35,20～39歳,250,2500000.0,172691.55569653978,427701.3316415227,43100.0,92000.0,208305.39,123300.0,0.0,12500.0,344105.39,479205.39,2020794.6099999999,19.1682156,80.83178439999999,80.83178439999999,1.7239999999999998,3.6799999999999997,8.332215600000001,4.932,0.0,0.5,男性,0,True
2013,35,20～39歳,300,3000000.0,207229.86683584773,513241.59796982724,57800.0,120800.0,245982.08,145600.0,0.0,15000.0,406582.08,585182.0800000001,2414817.92,19.506069333333336,80.49393066666667,80.49393066666667,1.9266666666666667,4.026666666666666,8.199402666666666,4.8533333333333335,0.0,0.5,男性,0,True
2013,35,20～39歳,350,3500000.0,241768.1779751557,598781.8642981318,71600.0,147900.0,293789.17,173900.0,0.0,17500.0,485189.17,704689.1699999999,2795310.8300000005,20.13397628571428,79.86602371428572,79.86602371428572,2.0457142857142854,4.225714285714285,8.393976285714285,4.968571428571428,0.0,0.49999999999999994,男性,0,True
2013,35,20～39歳,400,4000000.0,276306.4891144636,684322.1306264363,87600.0,179100.0,341596.26,202200.0,0.0,20000.0,563796.26,830496.26,3169503.74,20.7624065,79.2375935,79.2375935,2.19,4.4775,8.539906499999999,5.055,0.0,0.5,男性,0,True
2013,35,20～39歳,450,4500000.0,310844.8002537716,769862.3969547409,108400.0,211200.0,389233.92,230400.0,0.0,22500.0,642133.9199999999,961733.9199999999,3538266.08,21.371864888888886,78.6281351111111,78.6281351111111,2.408888888888889,4.693333333333333,8.649642666666667,5.12,0.0,0.5,男性,0,True
2013,35,20～39歳,500,5000000.0,345383.11139307957,855402.6632830454,144500.0,246600.0,416780.21,246700.0,0.0,25000.0,688480.21,1079580.21,3920419.79,21.5916042,78.4083958,78.4083958,2.8899999999999997,4.932,8.3356042,4.934,0.0,0.5,男性,0,True
2013,35,20～39歳,550,5500000.0,379921.4225323875,940942.92961135,177300.0,278700.0,464587.3,275000.0,0.0,27500.0,767087.3,1223087.3,4276912.7,22.23795090909091,77.76204909090909,77.76204909090909,3.223636363636364,5.067272727272727,8.447041818181818,5.0,0.0,0.5,男性,0,True
2013,35,20～39歳,600,6000000.0,414459.73367169546,1026483.1959396545,211800.0,312500.0,502263.99,297300.0,0.0,30000.0,829563.99,1353863.99,4646136.01,22.564399833333333,77.43560016666666,77.43560016666666,3.53,5.208333333333334,8.3710665,4.955,0.0,0.5,男性,0,True
2013,35,20～39歳,650,6500000.0,448998.0448110034,1112023.462267959,255100.0,346200.0,539940.6799999999,319600.0,0.0,32500.0,892040.6799999999,1493340.68,5006659.32,22.974472,77.02552800000001,77.02552800000001,3.9246153846153846,5.326153846153846,8.306779692307693,4.916923076923077,0.0,0.5,男性,0,True
2013,35,20～39歳,700,7000000.0,483536.3559503114,1197563.7285962636,332300.0,384000.0,577447.94,341800.0,0.0,35000.0,954247.94,1670547.94,5329452.0600000005,23.864970571428568,76.13502942857141,76.13502942857141,4.747142857142856,5.485714285714285,8.249256285714283,4.882857142857143,0.0,0.49999999999999994,男性,0,True
2013,35,20～39歳,750,7500000.0,518074.6670896193,1283103.994924568,401500.0,417900.0,645515.83,382100.0,0.0,37500.0,1065115.83,1884515.83,5615484.17,25.126877733333338,74.87312226666667,74.87312226666667,5.3533333333333335,5.572,8.606877733333333,5.094666666666667,0.0,0.5,男性,0,True
2013,35,20～39歳,800,8000000.0,552612.9782289272,1368644.2612528726,480700.0,456700.0,683192.52,404400.0,0.0,40000.0,1127592.52,2064992.52,5935007.48,25.8124065,74.1875935,74.1875935,6.00875,5.70875,8.539906499999999,5.055,0.0,0.5,男性,0,True
2013,35,20～39歳,850,8500000.0,587151.2893682353,1454184.5275811772,559800.0,495400.0,720869.21,426700.0,0.0,42500.0,1190069.21,2245269.21,6254730.79,26.414931882352942,73.58506811764705,73.58506811764705,6.5858823529411765,5.828235294117647,8.480814235294117,5.0200000000000005,0.0,0.5,男性,0,True
2013,35,20～39歳,900,9000000.0,621689.6005075432,1539724.7939094817,639000.0,534200.0,758376.4700000001,448900.0,0.0,45000.0,1252276.4700000002,2425476.47,6574523.529999999,26.94973855555556,73.05026144444444,73.05026144444444,7.1,5.935555555555556,8.426405222222224,4.987777777777778,0.0,0.5,男性,0,True
2013,35,20～39歳,950,9500000.0,656227.9116468511,1625265.0602377863,724300.0,576000.0,765661.9600000001,471200.0,0.0,47500.0,1284361.96,2584661.96,6915338.04,27.206967999999996,72.793032,72.793032,7.624210526315789,6.063157894736841,8.05959957894737,4.96,0.0,0.5,男性,0,True
2013,35,20～39歳,1000,10000000.0,690766.2227861591,1710805.3265660908,809700.0,617800.0,772947.4500000001,493500.0,0.0,50000.0,1316447.4500000002,2743947.45,7256052.55,27.4394745,72.5605255,72.5605255,8.097,6.178,7.729474500000001,4.935,0.0,0.5,男性,0,True
2013,35,20～39歳,1050,10500000.0,725304.533925467,1796345.5928943953,900200.0,662100.0,780232.9400000001,515800.0,0.0,52500.0,1348532.94,2910832.94,7589167.0600000005,27.722218476190474,72.27778152380952,72.27778152380952,8.573333333333332,6.305714285714285,7.430789904761906,4.9123809523809525,0.0,0.5,男性,0,True
2013,35,20～39歳,1100,11000000.0,759842.845064775,1881885.8592227,990400.0,705800.0,787349.0,544000.0,0.0,55000.0,1386349.0,3082549.0,7917451.0,28.023172727272726,71.97682727272728,71.97682727272728,9.003636363636364,6.416363636363637,7.157718181818182,4.945454545454545,0.0,0.5,男性,0,True
2013,35,20～39歳,1150,11500000.0,794381.156204083,1967426.1255510044,1093000.0,749500.0,794634.49,572300.0,0.0,57500.0,1424434.49,3266934.49,8233065.51,28.408126,71.591874,71.591874,9.504347826086956,6.517391304347826,6.909865130434782,4.976521739130435,0.0,0.5,男性,0,True
2013,35,20～39歳,1200,12000000.0,828919.4673433909,2052966.391879309,1195700.0,793200.0,801919.98,600600.0,0.0,60000.0,1462519.98,3451419.98,8548580.02,28.761833166666666,71.23816683333332,71.23816683333332,9.964166666666667,6.61,6.682666499999999,5.005,0.0,0.5,男性,0,True
2013,35,20～39歳,1250,12500000.0,863457.7784826988,2138506.6582076135,1296900.0,836300.0,809205.4700000001,634900.0,0.0,62500.0,1506605.4700000002,3639805.47,8860194.53,29.11844376,70.88155624,70.88155624,10.3752,6.6904,6.47364376,5.079199999999999,0.0,0.5,男性,0,True
2013,35,20～39歳,1300,13000000.0,897996.0896220068,2224046.924535918,1405100.0,882400.0,816490.9600000001,639200.0,0.0,65000.0,1520690.96,3808190.96,9191809.04,29.293776615384616,70.70622338461537,70.70622338461537,10.80846153846154,6.787692307692307,6.280699692307692,4.916923076923077,0.0,0.5,男性,0,True
2013,35,20～39歳,1350,13500000.0,932534.4007613148,2309587.1908642226,1524700.0,925500.0,823607.02,673400.0,0.0,67500.0,1564507.02,4014707.02,9485292.98,29.73857051851852,70.26142948148149,70.26142948148149,11.294074074074075,6.855555555555555,6.100792740740741,4.988148148148148,0.0,0.5,男性,0,True
2013,35,20～39歳,1400,14000000.0,967072.7119006228,2395127.457192527,1669900.0,968600.0,830892.51,707700.0,0.0,70000.0,1608592.51,4247092.51,9752907.490000002,30.336375071428566,69.66362492857144,69.66362492857144,11.92785714285714,6.918571428571428,5.934946499999999,5.054999999999999,0.0,0.49999999999999994,男性,0,True
2013,35,20～39歳,1450,14500000.0,1001611.0230399306,2480667.7235208317,1825300.0,1014700.0,838178.0,712000.0,0.0,72500.0,1622678.0,4462678.0,10037322.0,30.777089655172414,69.22291034482758,69.22291034482758,12.588275862068965,6.997931034482758,5.780537931034483,4.910344827586207,0.0,0.5,男性,0,True
2013,35,20～39歳,1500,15000000.0,1036149.3341792386,2566207.989849136,1970500.0,1057800.0,845463.49,746300.0,0.0,75000.0,1666763.49,4695063.49,10304936.51,31.300423266666666,68.69957673333333,68.69957673333333,13.136666666666667,7.052,5.636423266666666,4.975333333333333,0.0,0.5,男性,0,True
2013,45,40～64歳,200,2000000.0,138153.2445572318,342161.06531321816,27500.0,61400.0,172824.21,102300.0,15856.5,10000.0,300980.71,389880.71,1610119.29,19.494035500000003,80.5059645,80.5059645,1.375,3.0700000000000003,8.6412105,5.115,0.792825,0.5,男性,0,True
2013,45,40～64歳,250,2500000.0,172691.55569653978,427701.3316415227,42100.0,90100.0,208305.39,123300.0,19111.5,12500.0,363216.89,495416.89,2004583.1099999999,19.8166756,80.1833244,80.1833244,1.6840000000000002,3.604,8.332215600000001,4.932,0.7644599999999999,0.5,男性,0,True
2013,45,40～64歳,300,3000000.0,207229.86683584773,513241.59796982724,56600.0,118500.0,245982.08,145600.0,22568.0,15000.0,429150.08,604250.0800000001,2395749.92,20.141669333333336,79.85833066666666,79.85833066666666,1.8866666666666667,3.95,8.199402666666666,4.8533333333333335,0.7522666666666668,0.5,男性,0,True
2013,45,40～64歳,350,3500000.0,241768.1779751557,598781.8642981318,70200.0,145200.0,293789.17,173900.0,26954.5,17500.0,512143.67,727543.6699999999,2772456.3300000005,20.786961999999995,79.213038,79.213038,2.0057142857142853,4.148571428571428,8.393976285714285,4.968571428571428,0.7701285714285714,0.49999999999999994,男性,0,True
2013,45,40～64歳,400,4000000.0,276306.4891144636,684322.1306264363,85900.0,175900.0,341596.26,202200.0,31341.0,20000.0,595137.26,856937.26,3143062.74,21.4234315,78.57656850000001,78.57656850000001,2.1475,4.3975,8.539906499999999,5.055,0.783525,0.5,男性,0,True
2013,45,40～64歳,450,4500000.0,310844.8002537716,769862.3969547409,104800.0,207700.0,389233.92,230400.0,35712.0,22500.0,677845.9199999999,990345.9199999999,3509654.08,22.00768711111111,77.99231288888889,77.99231288888889,2.3288888888888892,4.615555555555555,8.649642666666667,5.12,0.7936000000000001,0.5,男性,0,True
2013,45,40～64歳,500,5000000.0,345383.11139307957,855402.6632830454,140600.0,242800.0,416780.21,246700.0,38238.5,25000.0,726718.71,1110118.71,3889881.29,22.2023742,77.7976258,77.7976258,2.812,4.856,8.3356042,4.934,0.7647700000000001,0.5,男性,0,True
2013,45,40～64歳,550,5500000.0,379921.4225323875,940942.92961135,173000.0,274500.0,464587.3,275000.0,42625.0,27500.0,809712.3,1257212.3,4242787.7,22.858405454545455,77.14159454545455,77.14159454545455,3.1454545454545455,4.990909090909091,8.447041818181818,5.0,0.775,0.5,男性,0,True
2013,45,40～64歳,600,6000000.0,414459.73367169546,1026483.1959396545,207100.0,307900.0,502263.99,297300.0,46081.5,30000.0,875645.49,1390645.49,4609354.51,23.177424833333333,76.82257516666667,76.82257516666667,3.4516666666666667,5.131666666666666,8.3710665,4.955,0.768025,0.5,男性,0,True
2013,45,40～64歳,650,6500000.0,448998.0448110034,1112023.462267959,245100.0,341300.0,539940.6799999999,319600.0,49538.0,32500.0,941578.6799999999,1527978.68,4972021.32,23.507364307692306,76.4926356923077,76.4926356923077,3.770769230769231,5.250769230769231,8.306779692307693,4.916923076923077,0.7621230769230769,0.5,男性,0,True
2013,45,40～64歳,700,7000000.0,483536.3559503114,1197563.7285962636,321500.0,378700.0,577447.94,341800.0,52979.0,35000.0,1007226.94,1707426.94,5292573.0600000005,24.391813428571425,75.60818657142858,75.60818657142858,4.5928571428571425,5.409999999999999,8.249256285714283,4.882857142857143,0.756842857142857,0.49999999999999994,男性,0,True
2013,45,40～64歳,750,7500000.0,518074.6670896193,1283103.994924568,389500.0,412000.0,645515.83,382100.0,59225.5,37500.0,1124341.33,1925841.33,5574158.67,25.6778844,74.32211559999999,74.32211559999999,5.193333333333333,5.493333333333333,8.606877733333333,5.094666666666667,0.7896733333333332,0.5,男性,0,True
2013,45,40～64歳,800,8000000.0,552612.9782289272,1368644.2612528726,467900.0,450400.0,683192.52,404400.0,62682.0,40000.0,1190274.52,2108574.52,5891425.48,26.3571815,73.6428185,73.6428185,5.84875,5.63,8.539906499999999,5.055,0.783525,0.5,男性,0,True
2013,45,40～64歳,850,8500000.0,587151.2893682353,1454184.5275811772,546300.0,488800.0,720869.21,426700.0,66138.5,42500.0,1256207.71,2291307.71,6208692.29,26.95656129411765,73.04343870588235,73.04343870588235,6.427058823529412,5.750588235294118,8.480814235294117,5.0200000000000005,0.7781,0.5,男性,0,True
2013,45,40～64歳,900,9000000.0,621689.6005075432,1539724.7939094817,624900.0,527300.0,758376.4700000001,448900.0,69579.5,45000.0,1321855.9700000002,2474055.97,6525944.029999999,27.48951077777778,72.51048922222222,72.51048922222222,6.943333333333333,5.858888888888889,8.426405222222224,4.987777777777778,0.7731055555555555,0.5,男性,0,True
2013,45,40～64歳,950,9500000.0,656227.9116468511,1625265.0602377863,709400.0,568700.0,765661.9600000001,471200.0,73036.0,47500.0,1357397.96,2635497.96,6864502.04,27.742083789473682,72.25791621052632,72.25791621052632,7.467368421052632,5.986315789473684,8.05959957894737,4.96,0.7688,0.5,男性,0,True
2013,45,40～64歳,1000,10000000.0,690766.2227861591,1710805.3265660908,794200.0,610200.0,772947.4500000001,493500.0,76492.5,50000.0,1392939.9500000002,2797339.95,7202660.05,27.973399500000003,72.02660049999999,72.02660049999999,7.942,6.101999999999999,7.729474500000001,4.935,0.764925,0.5,男性,0,True
2013,45,40～64歳,1050,10500000.0,725304.533925467,1796345.5928943953,883800.0,654100.0,780232.9400000001,515800.0,79949.0,52500.0,1428481.94,2966381.94,7533618.0600000005,28.251256571428573,71.74874342857144,71.74874342857144,8.417142857142858,6.22952380952381,7.430789904761906,4.9123809523809525,0.7614190476190476,0.5,男性,0,True
2013,45,40～64歳,1100,11000000.0,759842.845064775,1881885.8592227,972200.0,697400.0,787349.0,544000.0,84320.0,55000.0,1470669.0,3140269.0,7859731.0,28.5479,71.4521,71.4521,8.838181818181818,6.34,7.157718181818182,4.945454545454545,0.7665454545454545,0.5,男性,0,True
2013,45,40～64歳,1150,11500000.0,794381.156204083,1967426.1255510044,1072100.0,740600.0,794634.49,572300.0,88706.5,57500.0,1513140.99,3325840.99,8174159.01,28.92035643478261,71.07964356521738,71.07964356521738,9.322608695652173,6.4399999999999995,6.909865130434782,4.976521739130435,0.7713608695652174,0.5,男性,0,True
2013,45,40～64歳,1200,12000000.0,828919.4673433909,2052966.391879309,1173800.0,783900.0,801919.98,600600.0,93093.0,60000.0,1555612.98,3513312.98,8486687.02,29.277608166666667,70.72239183333333,70.72239183333333,9.781666666666666,6.5325,6.682666499999999,5.005,0.775775,0.5,男性,0,True
2013,45,40～64歳,1250,12500000.0,863457.7784826988,2138506.6582076135,1273600.0,826400.0,809205.4700000001,634900.0,98409.5,62500.0,1605014.9700000002,3705014.97,8794985.03,29.64011976,70.35988024,70.35988024,10.1888,6.6112,6.47364376,5.079199999999999,0.787276,0.5,男性,0,True
2013,45,40～64歳,1300,13000000.0,897996.0896220068,2224046.924535918,1381900.0,872500.0,816490.9600000001,639200.0,99076.0,65000.0,1619766.96,3874166.96,9125833.04,29.801284307692306,70.19871569230769,70.19871569230769,10.63,6.711538461538462,6.280699692307692,4.916923076923077,0.7621230769230769,0.5,男性,0,True
2013,45,40～64歳,1350,13500000.0,932534.4007613148,2309587.1908642226,1489700.0,915100.0,823607.02,673400.0,104377.0,67500.0,1668884.02,4073684.02,9426315.98,30.17543718518518,69.82456281481481,69.82456281481481,11.034814814814816,6.778518518518519,6.100792740740741,4.988148148148148,0.773162962962963,0.5,男性,0,True
2013,45,40～64歳,1400,14000000.0,967072.7119006228,2395127.457192527,1632900.0,957600.0,830892.51,707700.0,109693.5,70000.0,1718286.01,4308786.01,9691213.990000002,30.777042928571426,69.22295707142858,69.22295707142858,11.663571428571426,6.839999999999999,5.934946499999999,5.054999999999999,0.7835249999999998,0.49999999999999994,男性,0,True
2013,45,40～64歳,1450,14500000.0,1001611.0230399306,2480667.7235208317,1787900.0,1003600.0,838178.0,712000.0,110360.0,72500.0,1733038.0,4524538.0,9975462.0,31.203710344827584,68.79628965517242,68.79628965517242,12.330344827586206,6.921379310344827,5.780537931034483,4.910344827586207,0.7611034482758621,0.5,男性,0,True
2013,45,40～64歳,1500,15000000.0,1036149.3341792386,2566207.989849136,1931400.0,1046200.0,845463.49,746300.0,115676.5,75000.0,1782439.99,4760039.99,10239960.01,31.733599933333334,68.26640006666666,68.26640006666666,12.876000000000001,6.974666666666667,5.636423266666666,4.975333333333333,0.7711766666666666,0.5,男性,0,True
2014,35,20～39歳,200,2000000.0,137387.23080839415,351353.23029927013,28700.0,63800.0,168863.27,97900.0,0.0,10000.0,276763.27,369263.27,1630736.73,18.4631635,81.53683649999999,81.53683649999999,1.435,3.19,8.443163499999999,4.8950000000000005,0.0,0.5,男性,0,True
2014,35,20～39歳,250,2500000.0,171734.0385104927,439191.5378740876,42800.0,91400.0,213708.03,123900.0,0.0,12500.0,350108.03,484308.03,2015691.97,19.372321200000002,80.6276788,80.6276788,1.712,3.656,8.5483212,4.956,0.0,0.5,男性,0,True
2014,35,20～39歳,300,3000000.0,206080.84621259125,527029.845448905,57400.0,120100.0,252347.11,146300.0,0.0,15000.0,413647.11,591147.11,2408852.89,19.704903666666667,80.29509633333333,80.29509633333333,1.913333333333333,4.003333333333333,8.411570333333334,4.876666666666667,0.0,0.5,男性,0,True
2014,35,20～39歳,350,3500000.0,240427.65391468978,614868.1530237228,71200.0,147100.0,301328.99,174700.0,0.0,17500.0,493528.99,711828.99,2788171.01,20.337971142857143,79.66202885714286,79.66202885714286,2.0342857142857143,4.202857142857143,8.609399714285713,4.991428571428572,0.0,0.5,男性,0,True
2014,35,20～39歳,400,4000000.0,274774.4616167883,702706.4605985403,87000.0,178100.0,350310.87,203100.0,0.0,20000.0,573410.87,838510.87,3161489.13,20.96277175,79.03722825,79.03722825,2.175,4.452500000000001,8.75777175,5.0775,0.0,0.5,男性,0,True
2014,35,20～39歳,450,4500000.0,309121.26931888686,790544.7681733577,110600.0,213400.0,378607.15,219500.0,0.0,22500.0,620607.15,944607.15,3555392.85,20.99127,79.00873,79.00873,2.457777777777778,4.742222222222222,8.413492222222223,4.877777777777778,0.0,0.5,男性,0,True
2014,35,20～39歳,500,5000000.0,343468.0770209854,878383.0757481751,143300.0,245400.0,427589.03,247900.0,0.0,25000.0,700489.03,1089189.03,3910810.9699999997,21.7837806,78.2162194,78.2162194,2.866,4.9079999999999995,8.5517806,4.958,0.0,0.5,男性,0,True
2014,35,20～39歳,550,5500000.0,377814.88472308393,966221.3833229926,176000.0,277400.0,476570.91,276300.0,0.0,27500.0,780370.9099999999,1233770.91,4266229.089999999,22.432198363636367,77.56780163636363,77.56780163636363,3.2000000000000006,5.043636363636365,8.664925636363638,5.023636363636364,0.0,0.5000000000000001,男性,0,True
2014,35,20～39歳,600,6000000.0,412161.6924251825,1054059.69089781,210400.0,311100.0,515209.99,298700.0,0.0,30000.0,843909.99,1365409.99,4634590.01,22.756833166666667,77.24316683333333,77.24316683333333,3.506666666666667,5.185,8.586833166666667,4.9783333333333335,0.0,0.5,男性,0,True
2014,35,20～39歳,650,6500000.0,446508.500127281,1141897.9984726275,252000.0,344700.0,553676.1,321000.0,0.0,32500.0,907176.1,1503876.1,4996123.8999999985,23.13655538461539,76.86344461538461,76.86344461538461,3.876923076923078,5.303076923076923,8.518093846153848,4.93846153846154,0.0,0.5000000000000001,男性,0,True
2014,35,20～39歳,700,7000000.0,480855.30782937957,1229736.3060474456,329000.0,382400.0,592315.1799999999,343400.0,0.0,35000.0,970715.1799999999,1682115.18,5317884.82,24.030216857142854,75.96978314285715,75.96978314285715,4.7,5.462857142857143,8.461645428571428,4.905714285714286,0.0,0.5,男性,0,True
2014,35,20～39歳,750,7500000.0,515202.1155314781,1317574.613622263,397800.0,416100.0,661982.66,383800.0,0.0,37500.0,1083282.6600000001,1897182.6600000001,5602817.34,25.2957688,74.7042312,74.7042312,5.303999999999999,5.548,8.826435466666666,5.117333333333334,0.0,0.5,男性,0,True
2014,35,20～39歳,800,8000000.0,549548.9232335766,1405412.9211970805,476900.0,454800.0,700621.74,406200.0,0.0,40000.0,1146821.74,2078521.74,5921478.26,25.98152175,74.01847825,74.01847825,5.96125,5.685,8.75777175,5.0775,0.0,0.5,男性,0,True
2014,35,20～39歳,850,8500000.0,583895.7309356752,1493251.228771898,555700.0,493400.0,739260.82,428600.0,0.0,42500.0,1210360.8199999998,2259460.82,6240539.18,26.581891999999996,73.41810799999999,73.41810799999999,6.53764705882353,5.804705882352941,8.697186117647059,5.042352941176471,0.0,0.5,男性,0,True
2014,35,20～39歳,900,9000000.0,618242.5386377737,1581089.5363467154,634700.0,532100.0,777899.8999999999,451000.0,0.0,45000.0,1273899.9,2440699.9,6559300.1,27.11888777777778,72.88111222222223,72.88111222222223,7.052222222222222,5.912222222222222,8.64333222222222,5.011111111111111,0.0,0.5,男性,0,True
2014,35,20～39歳,950,9500000.0,652589.3463398722,1668927.8439215329,719900.0,573800.0,785510.58,473400.0,0.0,47500.0,1306410.58,2600110.58,6899889.42,27.369585052631578,72.63041494736842,72.63041494736842,7.577894736842106,6.04,8.268532421052631,4.983157894736842,0.0,0.5,男性,0,True
2014,35,20～39歳,1000,10000000.0,686936.1540419708,1756766.1514963503,805200.0,615600.0,793121.26,495800.0,0.0,50000.0,1338921.26,2759721.26,7240278.74,27.5972126,72.40278740000001,72.40278740000001,8.052,6.156,7.931212599999999,4.958,0.0,0.5,男性,0,True
2014,35,20～39歳,1050,10500000.0,721282.9617440694,1844604.4590711677,895500.0,659800.0,800731.94,518200.0,0.0,52500.0,1371431.94,2926731.94,7573268.0600000005,27.873637523809524,72.12636247619048,72.12636247619048,8.528571428571428,6.2838095238095235,7.626018476190476,4.935238095238096,0.0,0.5,男性,0,True
2014,35,20～39歳,1100,11000000.0,755629.7694461679,1932442.7666459852,985000.0,703500.0,808342.62,546600.0,0.0,55000.0,1409942.62,3098442.62,7901557.379999998,28.16766018181819,71.83233981818181,71.83233981818181,8.954545454545457,6.395454545454547,7.348569272727273,4.96909090909091,0.0,0.5000000000000001,男性,0,True
2014,35,20～39歳,1150,11500000.0,789976.5771482665,2020281.0742208026,1087400.0,747100.0,815953.3,575000.0,0.0,57500.0,1448453.3,3282953.3,8217046.7,28.547420000000002,71.45258,71.45258,9.455652173913043,6.496521739130435,7.095246086956522,5.0,0.0,0.5,男性,0,True
2014,35,20～39歳,1200,12000000.0,824323.384850365,2108119.38179562,1190000.0,790800.0,823563.98,603400.0,0.0,60000.0,1486963.98,3467763.98,8532236.02,28.898033166666664,71.10196683333334,71.10196683333334,9.916666666666666,6.59,6.863033166666667,5.028333333333333,0.0,0.5,男性,0,True
2014,35,20～39歳,1250,12500000.0,858670.1925524635,2195957.6893704375,1291000.0,833800.0,831001.69,637700.0,0.0,62500.0,1531201.69,3656001.69,8843998.31,29.24801352,70.75198648,70.75198648,10.328,6.6704,6.64801352,5.1015999999999995,0.0,0.5,男性,0,True
2014,35,20～39歳,1300,13000000.0,893017.000254562,2283795.996945255,1399300.0,879900.0,838612.37,642100.0,0.0,65000.0,1545712.37,3824912.37,9175087.629999999,29.42240284615385,70.57759715384616,70.57759715384616,10.763846153846156,6.76846153846154,6.450864384615386,4.93923076923077,0.0,0.5000000000000001,男性,0,True
2014,35,20～39歳,1350,13500000.0,927363.8079566605,2371634.304520074,1516000.0,922900.0,846223.05,676500.0,0.0,67500.0,1590223.05,4029123.05,9470876.95,29.845355925925926,70.15464407407407,70.15464407407407,11.22962962962963,6.836296296296296,6.268318888888889,5.011111111111111,0.0,0.5,男性,0,True
2014,35,20～39歳,1400,14000000.0,961710.6156587591,2459472.6120948913,1661200.0,966000.0,853833.73,710900.0,0.0,70000.0,1634733.73,4261933.73,9738066.27,30.442383785714288,69.55761621428572,69.55761621428572,11.865714285714287,6.9,6.098812357142857,5.077857142857143,0.0,0.5,男性,0,True
2014,35,20～39歳,1450,14500000.0,996057.4233608575,2547310.9196697087,1816200.0,1012000.0,861444.4099999999,715300.0,0.0,72500.0,1649244.41,4477444.41,10022555.589999998,30.878926965517245,69.12107303448275,69.12107303448275,12.52551724137931,6.979310344827587,5.940995931034483,4.933103448275863,0.0,0.5000000000000001,男性,0,True
2014,35,20～39歳,1500,15000000.0,1030404.2310629562,2635149.227244526,1961400.0,1055100.0,869055.09,749700.0,0.0,75000.0,1693755.0899999999,4710255.09,10289744.91,31.401700599999998,68.5982994,68.5982994,13.075999999999999,7.034,5.7937006,4.997999999999999,0.0,0.5,男性,0,True
2014,45,40～64歳,200,2000000.0,137387.23080839415,351353.23029927013,27800.0,62100.0,168863.27,97900.0,16611.0,10000.0,293374.27,383274.27,1616725.73,19.1637135,80.8362865,80.8362865,1.39,3.105,8.443163499999999,4.8950000000000005,0.83055,0.5,男性,0,True
2014,45,40～64歳,250,2500000.0,171734.0385104927,439191.5378740876,41700.0,89300.0,213708.03,123900.0,21021.8,12500.0,371129.83,502129.83,1997870.17,20.085193200000003,79.9148068,79.9148068,1.6680000000000001,3.572,8.5483212,4.956,0.840872,0.5,男性,0,True
2014,45,40～64歳,300,3000000.0,206080.84621259125,527029.845448905,56200.0,117600.0,252347.11,146300.0,24823.6,15000.0,438470.71,612270.71,2387729.29,20.409023666666666,79.59097633333333,79.59097633333333,1.8733333333333335,3.92,8.411570333333334,4.876666666666667,0.8274533333333332,0.5,男性,0,True
2014,45,40～64歳,350,3500000.0,240427.65391468978,614868.1530237228,69700.0,144100.0,301328.99,174700.0,29640.4,17500.0,523169.39,736969.39,2763030.61,21.056268285714285,78.94373171428572,78.94373171428572,1.9914285714285713,4.117142857142857,8.609399714285713,4.991428571428572,0.8468685714285714,0.5,男性,0,True
2014,45,40～64歳,400,4000000.0,274774.4616167883,702706.4605985403,85300.0,174700.0,350310.87,203100.0,34457.2,20000.0,607868.07,867868.07,3132131.93,21.69670175,78.30329825000001,78.30329825000001,2.1325,4.3675,8.75777175,5.0775,0.86143,0.5,男性,0,True
2014,45,40～64歳,450,4500000.0,309121.26931888686,790544.7681733577,106800.0,209700.0,378607.15,219500.0,37244.0,22500.0,657851.15,974351.15,3525648.85,21.652247777777777,78.34775222222223,78.34775222222223,2.373333333333333,4.66,8.413492222222223,4.877777777777778,0.8276444444444444,0.5,男性,0,True
2014,45,40～64歳,500,5000000.0,343468.0770209854,878383.0757481751,139000.0,241200.0,427589.03,247900.0,42060.8,25000.0,742549.8300000001,1122749.83,3877250.17,22.4549966,77.5450034,77.5450034,2.78,4.824,8.5517806,4.958,0.841216,0.5,男性,0,True
2014,45,40～64歳,550,5500000.0,377814.88472308393,966221.3833229926,171200.0,272700.0,476570.91,276300.0,46877.6,27500.0,827248.5099999999,1271148.5099999998,4228851.489999999,23.11179109090909,76.8882089090909,76.8882089090909,3.1127272727272732,4.958181818181819,8.664925636363638,5.023636363636364,0.8523200000000002,0.5000000000000001,男性,0,True
2014,45,40～64歳,600,6000000.0,412161.6924251825,1054059.69089781,205200.0,306000.0,515209.99,298700.0,50679.4,30000.0,894589.39,1405789.3900000001,4594210.609999999,23.42982316666667,76.57017683333332,76.57017683333332,3.42,5.1,8.586833166666667,4.9783333333333335,0.8446566666666667,0.5,男性,0,True
2014,45,40～64歳,650,6500000.0,446508.500127281,1141897.9984726275,241000.0,339300.0,553676.1,321000.0,54464.0,32500.0,961640.1,1541940.1,4958059.8999999985,23.72215538461539,76.27784461538461,76.27784461538461,3.7076923076923083,5.220000000000001,8.518093846153848,4.93846153846154,0.8379076923076925,0.5000000000000001,男性,0,True
2014,45,40～64歳,700,7000000.0,480855.30782937957,1229736.3060474456,317200.0,376600.0,592315.1799999999,343400.0,58265.8,35000.0,1028980.98,1722780.98,5277219.02,24.61115685714286,75.38884314285713,75.38884314285713,4.531428571428572,5.38,8.461645428571428,4.905714285714286,0.8323685714285715,0.5,男性,0,True
2014,45,40～64歳,750,7500000.0,515202.1155314781,1317574.613622263,384600.0,409600.0,661982.66,383800.0,65112.6,37500.0,1148395.26,1942595.26,5557404.74,25.90127013333333,74.09872986666667,74.09872986666667,5.128,5.461333333333333,8.826435466666666,5.117333333333334,0.868168,0.5,男性,0,True
2014,45,40～64歳,800,8000000.0,549548.9232335766,1405412.9211970805,462800.0,447900.0,700621.74,406200.0,68914.4,40000.0,1215736.14,2126436.1399999997,5873563.86,26.580451749999995,73.41954825,73.41954825,5.785,5.59875,8.75777175,5.0775,0.86143,0.5,男性,0,True
2014,45,40～64歳,850,8500000.0,583895.7309356752,1493251.228771898,540800.0,486100.0,739260.82,428600.0,72716.2,42500.0,1283077.0199999998,2309977.0199999996,6190022.98,27.17620023529411,72.82379976470588,72.82379976470588,6.3623529411764705,5.718823529411765,8.697186117647059,5.042352941176471,0.8554847058823528,0.5,男性,0,True
2014,45,40～64歳,900,9000000.0,618242.5386377737,1581089.5363467154,619000.0,524400.0,777899.8999999999,451000.0,76518.0,45000.0,1350417.9,2493817.9,6506182.1,27.709087777777775,72.29091222222222,72.29091222222222,6.877777777777777,5.826666666666667,8.64333222222222,5.011111111111111,0.8502,0.5,男性,0,True
2014,45,40～64歳,950,9500000.0,652589.3463398722,1668927.8439215329,703500.0,565800.0,785510.58,473400.0,80319.8,47500.0,1386730.3800000001,2656030.38,6843969.62,27.95821452631579,72.04178547368421,72.04178547368421,7.405263157894737,5.955789473684211,8.268532421052631,4.983157894736842,0.8454715789473685,0.5,男性,0,True
2014,45,40～64歳,1000,10000000.0,686936.1540419708,1756766.1514963503,787900.0,607100.0,793121.26,495800.0,84121.6,50000.0,1423042.86,2818042.8600000003,7181957.14,28.180428600000003,71.81957139999999,71.81957139999999,7.879,6.071,7.931212599999999,4.958,0.841216,0.5,男性,0,True
2014,45,40～64歳,1050,10500000.0,721282.9617440694,1844604.4590711677,877500.0,651000.0,800731.94,518200.0,87923.4,52500.0,1459355.3399999999,2987855.34,7512144.66,28.455765142857143,71.54423485714287,71.54423485714287,8.357142857142858,6.2,7.626018476190476,4.935238095238096,0.8373657142857143,0.5,男性,0,True
2014,45,40～64歳,1100,11000000.0,755629.7694461679,1932442.7666459852,965700.0,694200.0,808342.62,546600.0,92740.2,55000.0,1502682.82,3162582.8200000003,7837417.179999998,28.750752909090917,71.24924709090908,71.24924709090908,8.77909090909091,6.310909090909092,7.348569272727273,4.96909090909091,0.8430927272727274,0.5000000000000001,男性,0,True
2014,45,40～64歳,1150,11500000.0,789976.5771482665,2020281.0742208026,1064400.0,737300.0,815953.3,575000.0,97557.0,57500.0,1546010.3,3347710.3,8152289.7,29.110524347826082,70.88947565217391,70.88947565217391,9.255652173913044,6.411304347826087,7.095246086956522,5.0,0.8483217391304347,0.5,男性,0,True
2014,45,40～64歳,1200,12000000.0,824323.384850365,2108119.38179562,1165800.0,780500.0,823563.98,603400.0,102373.8,60000.0,1589337.78,3535637.7800000003,8464362.219999999,29.463648166666665,70.53635183333333,70.53635183333333,9.715,6.504166666666666,6.863033166666667,5.028333333333333,0.853115,0.5,男性,0,True
2014,45,40～64歳,1250,12500000.0,858670.1925524635,2195957.6893704375,1265600.0,823000.0,831001.69,637700.0,108188.4,62500.0,1639390.0899999999,3727990.09,8772009.91,29.823920719999997,70.17607928000001,70.17607928000001,10.1248,6.584,6.64801352,5.1015999999999995,0.8655071999999999,0.5,男性,0,True
2014,45,40～64歳,1300,13000000.0,893017.000254562,2283795.996945255,1373700.0,869000.0,838612.37,642100.0,108945.2,65000.0,1654657.57,3897357.5700000003,9102642.429999998,29.979673615384623,70.02032638461539,70.02032638461539,10.566923076923079,6.684615384615386,6.450864384615386,4.93923076923077,0.8380400000000001,0.5000000000000001,男性,0,True
2014,45,40～64歳,1350,13500000.0,927363.8079566605,2371634.304520074,1477200.0,911400.0,846223.05,676500.0,114777.0,67500.0,1705000.05,4093600.05,9406399.95,30.32296333333333,69.67703666666665,69.67703666666665,10.942222222222222,6.75111111111111,6.268318888888889,5.011111111111111,0.8502,0.5,男性,0,True
2014,45,40～64歳,1400,14000000.0,961710.6156587591,2459472.6120948913,1620400.0,953900.0,853833.73,710900.0,120608.8,70000.0,1755342.53,4329642.53,9670357.469999999,30.926018071428572,69.07398192857141,69.07398192857141,11.574285714285715,6.813571428571429,6.098812357142857,5.077857142857143,0.8614914285714285,0.5,男性,0,True
2014,45,40～64歳,1450,14500000.0,996057.4233608575,2547310.9196697087,1775400.0,999900.0,861444.4099999999,715300.0,121365.6,72500.0,1770610.01,4545910.01,9954089.989999998,31.35110351724138,68.64889648275862,68.64889648275862,12.244137931034485,6.895862068965518,5.940995931034483,4.933103448275863,0.8370041379310347,0.5000000000000001,男性,0,True
2014,45,40～64歳,1500,15000000.0,1030404.2310629562,2635149.227244526,1918600.0,1042400.0,869055.09,749700.0,127197.4,75000.0,1820952.4899999998,4781952.49,10218047.51,31.87968326666667,68.12031673333333,68.12031673333333,12.790666666666667,6.949333333333334,5.7937006,4.997999999999999,0.8479826666666666,0.5,男性,0,True
2015,35,20～39歳,200,2000000.0,137649.62116309768,348204.5460428278,28500.0,63500.0,172152.42,97800.0,0.0,10000.0,279952.42,371952.42,1628047.58,18.597621,81.402379,81.402379,1.425,3.175,8.607621,4.89,0.0,0.5,男性,0,True
2015,35,20～39歳,250,2500000.0,172062.02645387212,435255.6825535346,42600.0,91100.0,217741.07,123700.0,0.0,12500.0,353941.07,487641.07,2012358.93,19.5056428,80.4943572,80.4943572,1.704,3.644,8.709642800000001,4.948,0.0,0.5,男性,0,True
2015,35,20～39歳,300,3000000.0,206474.4317446465,522306.81906424183,57200.0,119600.0,257173.11,146100.0,0.0,15000.0,418273.11,595073.11,2404926.89,19.835770333333333,80.16422966666667,80.16422966666667,1.9066666666666665,3.986666666666667,8.572436999999999,4.87,0.0,0.5,男性,0,True
2015,35,20～39歳,350,3500000.0,240886.83703542096,609357.9555749487,71000.0,146600.0,306983.84,174400.0,0.0,17500.0,498883.84,716483.8400000001,2783516.16,20.470966857142855,79.52903314285714,79.52903314285714,2.028571428571428,4.188571428571429,8.770966857142856,4.982857142857142,0.0,0.49999999999999994,男性,0,True
2015,35,20～39歳,400,4000000.0,275299.24232619535,696409.0920856555,86700.0,177500.0,356971.08,202800.0,0.0,20000.0,579771.0800000001,843971.0800000001,3156028.92,21.099277,78.900723,78.900723,2.1675,4.4375,8.924277,5.07,0.0,0.5,男性,0,True
2015,35,20～39歳,450,4500000.0,309711.64761696977,783460.2285963628,109900.0,212700.0,385671.41,219100.0,0.0,22500.0,627271.4099999999,949871.4099999999,3550128.59,21.108253555555553,78.89174644444445,78.89174644444445,2.4422222222222225,4.726666666666667,8.570475777777776,4.868888888888889,0.0,0.5,男性,0,True
2015,35,20～39歳,500,5000000.0,344124.05290774425,870511.3651070693,142500.0,244600.0,435658.65,247500.0,0.0,25000.0,708158.65,1095258.65,3904741.35,21.905172999999998,78.094827,78.094827,2.85,4.8919999999999995,8.713173000000001,4.95,0.0,0.5,男性,0,True
2015,35,20～39歳,550,5500000.0,378536.4581985186,957562.5016177765,175200.0,276600.0,485469.38,275800.0,0.0,27500.0,788769.38,1240569.38,4259430.62,22.555806909090904,77.4441930909091,77.4441930909091,3.1854545454545455,5.029090909090908,8.826716,5.014545454545455,0.0,0.5,男性,0,True
2015,35,20～39歳,600,6000000.0,412948.863489293,1044613.6381284837,209400.0,310100.0,524901.4199999999,298200.0,0.0,30000.0,853101.4199999999,1372601.42,4627398.58,22.876690333333332,77.12330966666667,77.12330966666667,3.49,5.168333333333333,8.748356999999999,4.97,0.0,0.5,男性,0,True
2015,35,20～39歳,650,6500000.0,447361.26878006745,1131664.7746391902,250000.0,343700.0,564156.9500000001,320500.0,0.0,32500.0,917156.9500000001,1510856.9500000002,4989143.049999999,23.24395307692308,76.75604692307691,76.75604692307691,3.8461538461538463,5.287692307692309,8.679337692307694,4.930769230769232,0.0,0.5000000000000001,男性,0,True
2015,35,20～39歳,700,7000000.0,481773.6740708419,1218715.9111498974,326800.0,381300.0,603588.99,342900.0,0.0,35000.0,981488.99,1689588.99,5310411.010000001,24.136985571428568,75.86301442857143,75.86301442857143,4.668571428571428,5.447142857142857,8.622699857142855,4.898571428571428,0.0,0.49999999999999994,男性,0,True
2015,35,20～39歳,750,7500000.0,516186.0793616163,1305767.0476606046,395400.0,414900.0,674510.12,383200.0,0.0,37500.0,1095210.12,1905510.12,5594489.88,25.4068016,74.59319839999999,74.59319839999999,5.272,5.532,8.993468266666667,5.109333333333333,0.0,0.5,男性,0,True
2015,35,20～39歳,800,8000000.0,550598.4846523907,1392818.184171311,474200.0,453500.0,713942.1599999999,405600.0,0.0,40000.0,1159542.16,2087242.16,5912757.84,26.090526999999998,73.909473,73.909473,5.9275,5.66875,8.924276999999998,5.07,0.0,0.5,男性,0,True
2015,35,20～39歳,850,8500000.0,585010.8899431652,1479869.3206820176,553000.0,492100.0,753197.6900000001,427900.0,0.0,42500.0,1223597.69,2268697.69,6231302.3100000005,26.69056105882353,73.30943894117648,73.30943894117648,6.5058823529411764,5.789411764705883,8.861149294117649,5.034117647058824,0.0,0.5,男性,0,True
2015,35,20～39歳,900,9000000.0,619423.2952339395,1566920.4571927255,631800.0,530700.0,792629.73,450300.0,0.0,45000.0,1287929.73,2450429.73,6549570.27,27.226996999999997,72.77300299999999,72.77300299999999,7.02,5.8966666666666665,8.806996999999999,5.003333333333333,0.0,0.5,男性,0,True
2015,35,20～39歳,950,9500000.0,653835.700524714,1653971.593703432,717000.0,572400.0,800219.66,472600.0,0.0,47500.0,1320319.6600000001,2609719.66,6890280.34,27.470733263157896,72.5292667368421,72.5292667368421,7.5473684210526315,6.025263157894737,8.423364842105263,4.974736842105263,0.0,0.5,男性,0,True
2015,35,20～39歳,1000,10000000.0,688248.1058154885,1741022.7302141385,802400.0,614200.0,807986.1000000001,495000.0,0.0,50000.0,1352986.1,2769586.1,7230413.9,27.695861,72.304139,72.304139,8.024000000000001,6.142,8.079861000000001,4.95,0.0,0.5,男性,0,True
2015,35,20～39歳,1050,10500000.0,722660.5111062628,1828073.8667248464,892600.0,658400.0,815752.54,517400.0,0.0,52500.0,1385652.54,2936652.54,7563347.46,27.96811942857143,72.03188057142857,72.03188057142857,8.50095238095238,6.27047619047619,7.76907180952381,4.927619047619047,0.0,0.5,男性,0,True
2015,35,20～39歳,1100,11000000.0,757072.9163970372,1915125.003235553,981600.0,702000.0,823342.47,545700.0,0.0,55000.0,1424042.47,3107642.4699999997,7892357.53,28.251295181818183,71.74870481818182,71.74870481818182,8.923636363636364,6.381818181818182,7.484931545454546,4.960909090909091,0.0,0.5,男性,0,True
2015,35,20～39歳,1150,11500000.0,791485.3216878118,2002176.1397462594,1084100.0,745700.0,831108.91,574100.0,0.0,57500.0,1462708.9100000001,3292508.91,8207491.09,28.630512260869565,71.36948773913043,71.36948773913043,9.42695652173913,6.484347826086958,7.227034000000001,4.992173913043478,0.0,0.5,男性,0,True
2015,35,20～39歳,1200,12000000.0,825897.726978586,2089227.2762569673,1186500.0,789300.0,838698.8400000001,602400.0,0.0,60000.0,1501098.84,3476898.84,8523101.16,28.974157,71.025843,71.025843,9.887500000000001,6.5775,6.989157,5.0200000000000005,0.0,0.5,男性,0,True
2015,35,20～39歳,1250,12500000.0,860310.1322693605,2176278.412767674,1287700.0,832400.0,846465.28,636800.0,0.0,62500.0,1545765.28,3665865.2800000003,8834134.719999999,29.326922240000002,70.67307776,70.67307776,10.3016,6.6592,6.77172224,5.0944,0.0,0.5,男性,0,True
2015,35,20～39歳,1300,13000000.0,894722.5375601349,2263329.5492783803,1395700.0,878400.0,854055.21,641100.0,0.0,65000.0,1560155.21,3834255.21,9165744.79,29.494270846153853,70.50572915384615,70.50572915384615,10.736153846153847,6.756923076923078,6.569655461538463,4.931538461538462,0.0,0.5000000000000001,男性,0,True
2015,35,20～39歳,1350,13500000.0,929134.9428509093,2350380.6857890883,1511200.0,921500.0,861821.65,675500.0,0.0,67500.0,1604821.65,4037521.65,9462478.35,29.90756777777778,70.09243222222223,70.09243222222223,11.194074074074074,6.825925925925926,6.383864074074075,5.003703703703704,0.0,0.5,男性,0,True
2015,35,20～39歳,1400,14000000.0,963547.3481416838,2437431.8222997948,1656100.0,964500.0,869411.5800000001,709800.0,0.0,70000.0,1649211.58,4269811.58,9730188.420000002,30.49865414285714,69.50134585714287,69.50134585714287,11.829285714285714,6.889285714285713,6.210082714285714,5.069999999999999,0.0,0.49999999999999994,男性,0,True
2015,35,20～39歳,1450,14500000.0,997959.7534324582,2524482.9588105013,1811400.0,1010600.0,877178.02,714200.0,0.0,72500.0,1663878.02,4485878.02,10014121.979999999,30.93708979310345,69.06291020689656,69.06291020689656,12.49241379310345,6.969655172413794,6.049503586206898,4.925517241379311,0.0,0.5000000000000001,男性,0,True
2015,35,20～39歳,1500,15000000.0,1032372.1587232326,2611534.095321209,1956300.0,1053600.0,884767.95,748500.0,0.0,75000.0,1708267.95,4718167.95,10281832.05,31.454452999999997,68.54554700000001,68.54554700000001,13.042000000000002,7.024,5.898453,4.99,0.0,0.5,男性,0,True
2015,45,40～64歳,200,2000000.0,137649.62116309768,348204.5460428278,27700.0,61900.0,172152.42,97800.0,15733.8,10000.0,295686.22,385286.22,1614713.78,19.264311,80.735689,80.735689,1.385,3.0949999999999998,8.607621,4.89,0.78669,0.5,男性,0,True
2015,45,40～64歳,250,2500000.0,172062.02645387212,435255.6825535346,41600.0,89100.0,217741.07,123700.0,19901.6,12500.0,373842.67,504542.67,1995457.33,20.1817068,79.8182932,79.8182932,1.664,3.5639999999999996,8.709642800000001,4.948,0.796064,0.5,男性,0,True
2015,45,40～64歳,300,3000000.0,206474.4317446465,522306.81906424183,56000.0,117300.0,257173.11,146100.0,23503.8,15000.0,441776.91,615076.9099999999,2384923.09,20.502563666666664,79.49743633333333,79.49743633333333,1.866666666666667,3.91,8.572436999999999,4.87,0.78346,0.5,男性,0,True
2015,45,40～64歳,350,3500000.0,240886.83703542096,609357.9555749487,69500.0,143800.0,306983.84,174400.0,28059.2,17500.0,526943.04,740243.04,2759756.9600000004,21.149801142857143,78.85019885714286,78.85019885714286,1.9857142857142855,4.1085714285714285,8.770966857142856,4.982857142857142,0.8016914285714285,0.49999999999999994,男性,0,True
2015,45,40～64歳,400,4000000.0,275299.24232619535,696409.0920856555,85100.0,174200.0,356971.08,202800.0,32630.4,20000.0,612401.4800000001,871701.4800000001,3128298.52,21.792537000000003,78.207463,78.207463,2.1275,4.3549999999999995,8.924277,5.07,0.81576,0.5,男性,0,True
2015,45,40～64歳,450,4500000.0,309711.64761696977,783460.2285963628,106300.0,209200.0,385671.41,219100.0,35247.8,22500.0,662519.21,978019.21,3521980.79,21.73376022222222,78.26623977777778,78.26623977777778,2.362222222222222,4.648888888888889,8.570475777777776,4.868888888888889,0.7832844444444444,0.5,男性,0,True
2015,45,40～64歳,500,5000000.0,344124.05290774425,870511.3651070693,138500.0,240700.0,435658.65,247500.0,39819.0,25000.0,747977.65,1127177.65,3872822.35,22.543553,77.45644700000001,77.45644700000001,2.77,4.814,8.713173000000001,4.95,0.79638,0.5,男性,0,True
2015,45,40～64歳,550,5500000.0,378536.4581985186,957562.5016177765,170600.0,272100.0,485469.38,275800.0,44374.4,27500.0,833143.78,1275843.78,4224156.22,23.197159636363637,76.80284036363636,76.80284036363636,3.101818181818182,4.947272727272727,8.826716,5.014545454545455,0.8068072727272727,0.5,男性,0,True
2015,45,40～64歳,600,6000000.0,412948.863489293,1044613.6381284837,204500.0,305300.0,524901.4199999999,298200.0,47976.6,30000.0,901078.0199999999,1410878.02,4589121.98,23.51463366666667,76.48536633333333,76.48536633333333,3.408333333333333,5.088333333333334,8.748356999999999,4.97,0.7996099999999999,0.5,男性,0,True
2015,45,40～64歳,650,6500000.0,447361.26878006745,1131664.7746391902,239600.0,338600.0,564156.9500000001,320500.0,51563.0,32500.0,968719.9500000001,1546919.9500000002,4953080.049999999,23.798768461538465,76.20123153846153,76.20123153846153,3.6861538461538466,5.20923076923077,8.679337692307694,4.930769230769232,0.7932769230769231,0.5000000000000001,男性,0,True
2015,45,40～64歳,700,7000000.0,481773.6740708419,1218715.9111498974,315500.0,375800.0,603588.99,342900.0,55165.2,35000.0,1036654.19,1727954.19,5272045.8100000005,24.685059857142853,75.31494014285714,75.31494014285714,4.507142857142857,5.368571428571428,8.622699857142855,4.898571428571428,0.7880742857142856,0.49999999999999994,男性,0,True
2015,45,40～64歳,750,7500000.0,516186.0793616163,1305767.0476606046,382900.0,408800.0,674510.12,383200.0,61658.6,37500.0,1156868.7200000002,1948568.7200000002,5551431.279999999,25.98091626666667,74.01908373333332,74.01908373333332,5.105333333333333,5.450666666666667,8.993468266666667,5.109333333333333,0.8221146666666667,0.5,男性,0,True
2015,45,40～64歳,800,8000000.0,550598.4846523907,1392818.184171311,460900.0,447000.0,713942.1599999999,405600.0,65260.8,40000.0,1224802.96,2132702.96,5867297.04,26.658787,73.34121300000001,73.34121300000001,5.7612499999999995,5.5875,8.924276999999998,5.07,0.81576,0.5,男性,0,True
2015,45,40～64歳,850,8500000.0,585010.8899431652,1479869.3206820176,538900.0,485200.0,753197.6900000001,427900.0,68847.2,42500.0,1292444.89,2316544.8899999997,6183455.11,27.253469294117643,72.74653070588236,72.74653070588236,6.34,5.708235294117648,8.861149294117649,5.034117647058824,0.8099670588235294,0.5,男性,0,True
2015,45,40～64歳,900,9000000.0,619423.2952339395,1566920.4571927255,616900.0,523400.0,792629.73,450300.0,72449.4,45000.0,1360379.13,2500679.13,6499320.87,27.785323666666667,72.21467633333334,72.21467633333334,6.854444444444445,5.815555555555556,8.806996999999999,5.003333333333333,0.8049933333333332,0.5,男性,0,True
2015,45,40～64歳,950,9500000.0,653835.700524714,1653971.593703432,701500.0,564800.0,800219.66,472600.0,76035.8,47500.0,1396355.4600000002,2662655.46,6837344.54,28.027952210526312,71.97204778947368,71.97204778947368,7.384210526315789,5.945263157894737,8.423364842105263,4.974736842105263,0.8003768421052632,0.5,男性,0,True
2015,45,40～64歳,1000,10000000.0,688248.1058154885,1741022.7302141385,786000.0,606200.0,807986.1000000001,495000.0,79638.0,50000.0,1432624.1,2824824.1,7175175.9,28.248241,71.751759,71.751759,7.86,6.062,8.079861000000001,4.95,0.79638,0.5,男性,0,True
2015,45,40～64歳,1050,10500000.0,722660.5111062628,1828073.8667248464,875700.0,650100.0,815752.54,517400.0,83240.2,52500.0,1468892.74,2994692.74,7505307.26,28.52088323809524,71.47911676190476,71.47911676190476,8.34,6.191428571428571,7.76907180952381,4.927619047619047,0.7927638095238094,0.5,男性,0,True
2015,45,40～64歳,1100,11000000.0,757072.9163970372,1915125.003235553,963900.0,693300.0,823342.47,545700.0,87795.6,55000.0,1511838.07,3169038.0700000003,7830961.93,28.809437000000003,71.190563,71.190563,8.762727272727274,6.302727272727273,7.484931545454546,4.960909090909091,0.7981418181818183,0.5,男性,0,True
2015,45,40～64歳,1150,11500000.0,791485.3216878118,2002176.1397462594,1062300.0,736400.0,831108.91,574100.0,92366.8,57500.0,1555075.7100000002,3353775.71,8146224.29,29.163267043478257,70.83673295652174,70.83673295652174,9.237391304347826,6.403478260869565,7.227034000000001,4.992173913043478,0.8031895652173913,0.5,男性,0,True
2015,45,40～64歳,1200,12000000.0,825897.726978586,2089227.2762569673,1163700.0,779600.0,838698.8400000001,602400.0,96922.2,60000.0,1598021.04,3541321.04,8458678.96,29.511008666666665,70.48899133333335,70.48899133333335,9.6975,6.496666666666667,6.989157,5.0200000000000005,0.807685,0.5,男性,0,True
2015,45,40～64歳,1250,12500000.0,860310.1322693605,2176278.412767674,1263500.0,822100.0,846465.28,636800.0,102462.4,62500.0,1648227.68,3733827.6799999997,8766172.32,29.87062144,70.12937856,70.12937856,10.108,6.5767999999999995,6.77172224,5.0944,0.8196992000000001,0.5,男性,0,True
2015,45,40～64歳,1300,13000000.0,894722.5375601349,2263329.5492783803,1371500.0,868100.0,854055.21,641100.0,103141.8,65000.0,1663297.01,3902897.01,9097102.989999998,30.022284692307693,69.9777153076923,69.9777153076923,10.55,6.6776923076923085,6.569655461538463,4.931538461538462,0.7933984615384616,0.5000000000000001,男性,0,True
2015,45,40～64歳,1350,13500000.0,929134.9428509093,2350380.6857890883,1474500.0,910600.0,861821.65,675500.0,108682.0,67500.0,1713503.65,4098603.65,9401396.35,30.360027037037035,69.63997296296296,69.63997296296296,10.922222222222222,6.745185185185185,6.383864074074075,5.003703703703704,0.8050518518518519,0.5,男性,0,True
2015,45,40～64歳,1400,14000000.0,963547.3481416838,2437431.8222997948,1617700.0,953100.0,869411.5800000001,709800.0,114206.4,70000.0,1763417.98,4334217.98,9665782.020000001,30.958699857142857,69.04130014285714,69.04130014285714,11.554999999999998,6.8078571428571415,6.210082714285714,5.069999999999999,0.8157599999999999,0.49999999999999994,男性,0,True
2015,45,40～64歳,1450,14500000.0,997959.7534324582,2524482.9588105013,1772700.0,999100.0,877178.02,714200.0,114901.6,72500.0,1778779.62,4550579.62,9949420.379999999,31.38330772413794,68.61669227586206,68.61669227586206,12.225517241379311,6.890344827586207,6.049503586206898,4.925517241379311,0.7924248275862071,0.5000000000000001,男性,0,True
2015,45,40～64歳,1500,15000000.0,1032372.1587232326,2611534.095321209,1915900.0,1041600.0,884767.95,748500.0,120426.0,75000.0,1828693.95,4786193.95,10213806.05,31.90795966666667,68.09204033333333,68.09204033333333,12.772666666666666,6.944,5.898453,4.99,0.80284,0.5,男性,0,True
2016,35,20～39歳,200,2000000.0,137101.95716333188,354776.51404001727,28400.0,63200.0,176154.69,98100.0,0.0,8411.30587149,282665.99587149,374265.99587149,1625734.0041285097,18.7132997935745,81.2867002064255,81.2867002064255,1.4200000000000002,3.16,8.807734500000002,4.905,0.0,0.42056529357450007,男性,0,True
2016,35,20～39歳,250,2500000.0,171377.4464541649,443470.6425500214,42400.0,90700.0,222840.25,124100.0,0.0,10514.1323393625,357454.3823393625,490554.3823393625,2009445.6176606375,19.6221752935745,80.3778247064255,80.3778247064255,1.696,3.628,8.91361,4.9639999999999995,0.0,0.42056529357450007,男性,0,True
2016,35,20～39歳,300,3000000.0,205652.93574499784,532164.7710600259,57000.0,119200.0,263245.3,146600.0,0.0,12616.958807235,422462.258807235,598662.2588072349,2401337.741192765,19.95540862690783,80.04459137309216,80.04459137309216,1.9,3.9733333333333336,8.774843333333333,4.886666666666667,0.0,0.42056529357449995,男性,0,True
2016,35,20～39歳,350,3500000.0,239928.42503583085,620858.89957003,70700.0,146100.0,314237.9,175000.0,0.0,14719.7852751075,503957.6852751075,720757.6852751075,2779242.314724893,20.593076722145927,79.40692327785406,79.40692327785406,2.0199999999999996,4.1742857142857135,8.978225714285713,5.0,0.0,0.42056529357449995,男性,0,True
2016,35,20～39歳,400,4000000.0,274203.91432666377,709553.0280800345,86400.0,176900.0,365230.5,203400.0,0.0,16822.61174298,585453.11174298,848753.11174298,3151246.8882570197,21.2188277935745,78.7811722064255,78.7811722064255,2.16,4.4225,9.130762500000001,5.085000000000001,0.0,0.42056529357450007,男性,0,True
2016,35,20～39歳,450,4500000.0,308479.4036174968,798247.1565900387,109300.0,212100.0,394867.95,219900.0,0.0,18925.4382108525,633693.3882108524,955093.3882108524,3544906.6117891474,21.22429751579672,78.77570248420326,78.77570248420326,2.428888888888889,4.713333333333333,8.774843333333333,4.886666666666667,0.0,0.42056529357449995,男性,0,True
2016,35,20～39歳,500,5000000.0,342754.8929083298,886941.2851000428,141800.0,243900.0,445860.55,248300.0,0.0,21028.264678725,715188.8146787251,1100888.814678725,3899111.185321275,22.0177762935745,77.9822237064255,77.9822237064255,2.836,4.878,8.917211,4.966,0.0,0.42056529357450007,男性,0,True
2016,35,20～39歳,550,5500000.0,377030.38219916273,975635.413610047,174300.0,275800.0,496853.15,276700.0,0.0,23131.0911465975,796684.2411465975,1246784.2411465975,4253215.758853402,22.668804384483593,77.3311956155164,77.3311956155164,3.169090909090909,5.014545454545455,9.033693636363637,5.03090909090909,0.0,0.42056529357450007,男性,0,True
2016,35,20～39歳,600,6000000.0,411305.8714899957,1064329.5421200518,208500.0,309300.0,537258.2,299200.0,0.0,25233.91761447,861692.11761447,1379492.11761447,4620507.88238553,22.9915352935745,77.0084647064255,77.0084647064255,3.4750000000000005,5.155,8.954303333333332,4.986666666666666,0.0,0.42056529357449995,男性,0,True
2016,35,20～39歳,650,6500000.0,445581.36078082863,1153023.670630056,248200.0,342800.0,577483.2000000001,321600.0,0.0,27336.7440823425,926419.9440823426,1517419.9440823426,4982580.055917658,23.344922216651423,76.65507778334857,76.65507778334857,3.8184615384615386,5.273846153846154,8.884356923076925,4.947692307692308,0.0,0.42056529357449995,男性,0,True
2016,35,20～39歳,700,7000000.0,479856.8500716617,1241717.79914006,324700.0,380300.0,617708.2,344000.0,0.0,29439.570550215,991147.7705502149,1696147.770550215,5303852.229449786,24.23068243643164,75.76931756356836,75.76931756356836,4.638571428571428,5.432857142857142,8.824402857142855,4.914285714285714,0.0,0.42056529357449995,男性,0,True
2016,35,20～39歳,750,7500000.0,514132.33936249465,1330411.9276500642,403300.0,418800.0,658113.25,366500.0,0.0,31542.3970180875,1056155.6470180876,1878255.6470180876,5621744.352981912,25.04340862690783,74.95659137309217,74.95659137309217,5.3773333333333335,5.584,8.774843333333333,4.886666666666667,0.0,0.42056529357450007,男性,0,True
2016,35,20～39歳,800,8000000.0,548407.8286533275,1419106.056160069,471800.0,452300.0,730641.0499999999,406900.0,0.0,33645.22348596,1171186.2734859597,2095286.2734859597,5904713.72651404,26.1910784185745,73.80892158142551,73.80892158142551,5.897500000000001,5.6537500000000005,9.133013125,5.086250000000001,0.0,0.42056529357450007,男性,0,True
2016,35,20～39歳,850,8500000.0,582683.3179441607,1507800.1846700725,550600.0,490900.0,770866.05,429300.0,0.0,35748.0499538325,1235914.0999538326,2277414.0999538326,6222585.900046168,26.793107058280384,73.20689294171963,73.20689294171963,6.477647058823529,5.775294117647059,9.069012352941177,5.050588235294118,0.0,0.42056529357450007,男性,0,True
2016,35,20～39歳,900,9000000.0,616958.8072349936,1596494.3131800774,629200.0,529400.0,811271.1,451800.0,0.0,37850.876421705,1300921.976421705,2459521.976421705,6540478.0235782955,27.328021960241166,72.67197803975883,72.67197803975883,6.991111111111111,5.882222222222222,9.014123333333334,5.0200000000000005,0.0,0.42056529357449995,男性,0,True
2016,35,20～39歳,950,9500000.0,651234.2965258264,1685188.4416900822,714300.0,571100.0,819193.2999999999,474200.0,0.0,39953.7028895775,1333347.0028895773,2618747.0028895773,6881252.997110423,27.565757925153445,72.43424207484655,72.43424207484655,7.518947368421053,6.011578947368421,8.623087368421052,4.991578947368422,0.0,0.42056529357450007,男性,0,True
2016,35,20～39歳,1000,10000000.0,685509.7858166596,1773882.5702000856,799700.0,612900.0,827115.5,496600.0,0.0,42056.52935745,1365772.02935745,2778372.02935745,7221627.97064255,27.783720293574497,72.2162797064255,72.2162797064255,7.997,6.129,8.271155,4.966,0.0,0.42056529357450007,男性,0,True
2016,35,20～39歳,1050,10500000.0,719785.2751074925,1862576.6987100905,890000.0,657100.0,835217.75,519100.0,0.0,44159.3558253225,1398477.1058253224,2945577.1058253227,7554422.894174677,28.053115293574503,71.9468847064255,71.9468847064255,8.476190476190476,6.258095238095238,7.9544547619047625,4.943809523809524,0.0,0.42056529357449995,男性,0,True
2016,35,20～39歳,1100,11000000.0,754060.7643983255,1951270.827220094,979200.0,700800.0,843139.95,547500.0,0.0,46262.182293195,1436902.132293195,3116902.132293195,7883097.8677068055,28.33547392993814,71.66452607006187,71.66452607006187,8.901818181818182,6.370909090909091,7.664908636363636,4.9772727272727275,0.0,0.42056529357450007,男性,0,True
2016,35,20～39歳,1150,11500000.0,788336.2536891585,2039964.9557300988,1081100.0,744400.0,851062.1499999999,575900.0,0.0,48365.0087610675,1475327.1587610673,3300827.1587610673,8199172.841238933,28.702844858791888,71.29715514120811,71.29715514120811,9.400869565217391,6.473043478260869,7.4005404347826085,5.007826086956522,0.0,0.42056529357449995,男性,0,True
2016,35,20～39歳,1200,12000000.0,822611.7429799914,2128659.0842401036,1183400.0,788000.0,859164.3999999999,604400.0,0.0,50467.83522894,1514032.23522894,3485432.23522894,8514567.76477106,29.045268626907834,70.95473137309216,70.95473137309216,9.861666666666666,6.566666666666666,7.159703333333332,5.036666666666666,0.0,0.42056529357449995,男性,0,True
2016,35,20～39歳,1250,12500000.0,856887.2322708244,2217353.212750107,1290500.0,833600.0,867086.6,638800.0,0.0,52570.6616968125,1558457.2616968125,3682557.2616968127,8817442.738303188,29.460458093574506,70.53954190642551,70.53954190642551,10.324,6.6688,6.936692799999999,5.110399999999999,0.0,0.42056529357450007,男性,0,True
2016,35,20～39歳,1300,13000000.0,891162.7215616573,2306047.341260112,1404400.0,882100.0,875188.85,643300.0,0.0,54673.488164685,1573162.338164685,3859662.3381646853,9140337.661835315,29.6897102935745,70.3102897064255,70.3102897064255,10.803076923076924,6.785384615384615,6.7322219230769225,4.9484615384615385,0.0,0.42056529357449995,男性,0,True
2016,35,20～39歳,1350,13500000.0,925438.2108524903,2394741.4697701167,1532100.0,927700.0,883111.0499999999,677700.0,0.0,56776.3146325575,1617587.3646325574,4077387.364632557,9422612.635367442,30.20286936764857,69.79713063235143,69.79713063235143,11.348888888888888,6.871851851851851,6.541563333333333,5.0200000000000005,0.0,0.42056529357450007,男性,0,True
2016,35,20～39歳,1400,14000000.0,959713.7001433234,2483435.59828012,1685400.0,973200.0,891033.25,712100.0,0.0,58879.14110043,1662012.39110043,4320612.39110043,9679387.608899571,30.86151707928878,69.13848292071121,69.13848292071121,12.038571428571428,6.951428571428571,6.364523214285714,5.086428571428571,0.0,0.42056529357449995,男性,0,True
2016,35,20～39歳,1450,14500000.0,993989.1894341562,2572129.726790125,1849200.0,1021800.0,899135.5,716600.0,0.0,60981.9675683025,1676717.4675683025,4547717.4675683025,9952282.532431696,31.36356874185037,68.63643125814963,68.63643125814963,12.753103448275862,7.046896551724139,6.200934482758622,4.942068965517242,0.0,0.42056529357450007,男性,0,True
2016,35,20～39歳,1500,15000000.0,1028264.6787249893,2660823.8553001285,2002500.0,1067300.0,907057.7,751000.0,0.0,63084.794036175,1721142.4940361748,4790942.494036175,10209057.505963825,31.939616626907835,68.06038337309217,68.06038337309217,13.350000000000001,7.115333333333333,6.047051333333333,5.006666666666667,0.0,0.42056529357450007,男性,0,True
2016,45,40～64歳,200,2000000.0,137101.95716333188,354776.51404001727,27600.0,61600.0,176154.69,98100.0,15499.8,8411.30587149,298165.79587149,387365.79587149,1612634.2041285099,19.3682897935745,80.6317102064255,80.6317102064255,1.3800000000000001,3.0800000000000005,8.807734500000002,4.905,0.7749900000000001,0.42056529357450007,男性,0,True
2016,45,40～64歳,250,2500000.0,171377.4464541649,443470.6425500214,41400.0,88700.0,222840.25,124100.0,19607.8,10514.1323393625,377062.1823393625,507162.1823393625,1992837.8176606374,20.286487293574503,79.71351270642549,79.71351270642549,1.656,3.5479999999999996,8.91361,4.9639999999999995,0.784312,0.42056529357450007,男性,0,True
2016,45,40～64歳,300,3000000.0,205652.93574499784,532164.7710600259,55800.0,116900.0,263245.3,146600.0,23162.8,12616.958807235,445625.058807235,618325.058807235,2381674.941192765,20.6108352935745,79.3891647064255,79.3891647064255,1.8599999999999999,3.8966666666666665,8.774843333333333,4.886666666666667,0.7720933333333333,0.42056529357449995,男性,0,True
2016,45,40～64歳,350,3500000.0,239928.42503583085,620858.89957003,69300.0,143300.0,314237.9,175000.0,27650.0,14719.7852751075,531607.6852751075,744207.6852751075,2755792.314724893,21.263076722145925,78.73692327785407,78.73692327785407,1.9799999999999998,4.094285714285713,8.978225714285713,5.0,0.7899999999999999,0.42056529357449995,男性,0,True
2016,45,40～64歳,400,4000000.0,274203.91432666377,709553.0280800345,84800.0,173700.0,365230.5,203400.0,32137.2,16822.61174298,617590.3117429799,876090.3117429799,3123909.6882570195,21.9022577935745,78.0977422064255,78.0977422064255,2.1200000000000006,4.3425,9.130762500000001,5.085000000000001,0.8034300000000001,0.42056529357450007,男性,0,True
2016,45,40～64歳,450,4500000.0,308479.4036174968,798247.1565900387,105700.0,208600.0,394867.95,219900.0,34744.2,18925.4382108525,668437.5882108524,982737.5882108524,3517262.4117891476,21.838613071352274,78.16138692864773,78.16138692864773,2.348888888888889,4.635555555555555,8.774843333333333,4.886666666666667,0.7720933333333333,0.42056529357449995,男性,0,True
2016,45,40～64歳,500,5000000.0,342754.8929083298,886941.2851000428,137800.0,240000.0,445860.55,248300.0,39231.4,21028.264678725,754420.2146787251,1132220.2146787252,3867779.785321275,22.644404293574503,77.35559570642549,77.35559570642549,2.7560000000000002,4.8,8.917211,4.966,0.7846280000000001,0.42056529357450007,男性,0,True
2016,45,40～64歳,550,5500000.0,377030.38219916273,975635.413610047,169800.0,271400.0,496853.15,276700.0,43718.6,23131.0911465975,840402.8411465975,1281602.8411465976,4218397.158853402,23.30186983902905,76.69813016097096,76.69813016097096,3.0872727272727274,4.934545454545455,9.033693636363637,5.03090909090909,0.7948836363636363,0.42056529357450007,男性,0,True
2016,45,40～64歳,600,6000000.0,411305.8714899957,1064329.5421200518,203700.0,304600.0,537258.2,299200.0,47273.6,25233.91761447,908965.7176144699,1417265.71761447,4582734.28238553,23.621095293574502,76.3789047064255,76.3789047064255,3.395,5.076666666666667,8.954303333333332,4.986666666666666,0.7878933333333332,0.42056529357449995,男性,0,True
2016,45,40～64歳,650,6500000.0,445581.36078082863,1153023.670630056,237700.0,337700.0,577483.2000000001,321600.0,50812.8,27336.7440823425,977232.7440823426,1552632.7440823426,4947367.255917657,23.88665760126681,76.11334239873318,76.11334239873318,3.656923076923077,5.195384615384616,8.884356923076925,4.947692307692308,0.7817353846153846,0.42056529357449995,男性,0,True
2016,45,40～64歳,700,7000000.0,479856.8500716617,1241717.79914006,313700.0,374900.0,617708.2,344000.0,54352.0,29439.570550215,1045499.7705502149,1734099.770550215,5265900.229449786,24.772853865003068,75.22714613499694,75.22714613499694,4.481428571428571,5.355714285714285,8.824402857142855,4.914285714285714,0.7764571428571428,0.42056529357449995,男性,0,True
2016,45,40～64歳,750,7500000.0,514132.33936249465,1330411.9276500642,391500.0,413000.0,658113.25,366500.0,57907.0,31542.3970180875,1114062.6470180876,1918562.6470180876,5581437.352981912,25.5808352935745,74.41916470642549,74.41916470642549,5.220000000000001,5.506666666666667,8.774843333333333,4.886666666666667,0.7720933333333333,0.42056529357450007,男性,0,True
2016,45,40～64歳,800,8000000.0,548407.8286533275,1419106.056160069,458700.0,445900.0,730641.0499999999,406900.0,64290.2,33645.22348596,1235476.4734859597,2140076.4734859597,5859923.526514039,26.750955918574498,73.2490440814255,73.2490440814255,5.733750000000001,5.573750000000001,9.133013125,5.086250000000001,0.8036275,0.42056529357450007,男性,0,True
2016,45,40～64歳,850,8500000.0,582683.3179441607,1507800.1846700725,536700.0,484100.0,770866.05,429300.0,67829.4,35748.0499538325,1303743.4999538325,2324543.4999538325,6175456.5000461675,27.34757058769215,72.65242941230785,72.65242941230785,6.314117647058824,5.695294117647059,9.069012352941177,5.050588235294118,0.7979929411764706,0.42056529357450007,男性,0,True
2016,45,40～64歳,900,9000000.0,616958.8072349936,1596494.3131800774,614500.0,522200.0,811271.1,451800.0,71384.4,37850.876421705,1372306.376421705,2509006.376421705,6490993.623578295,27.87784862690783,72.12215137309217,72.12215137309217,6.827777777777778,5.802222222222222,9.014123333333334,5.0200000000000005,0.7931599999999999,0.42056529357449995,男性,0,True
2016,45,40～64歳,950,9500000.0,651234.2965258264,1685188.4416900822,699000.0,563600.0,819193.2999999999,474200.0,74923.6,39953.7028895775,1408270.6028895774,2670870.6028895774,6829129.397110423,28.114427398837655,71.88557260116235,71.88557260116235,7.357894736842105,5.932631578947369,8.623087368421052,4.991578947368422,0.7886694736842106,0.42056529357450007,男性,0,True
2016,45,40～64歳,1000,10000000.0,685509.7858166596,1773882.5702000856,783600.0,605000.0,827115.5,496600.0,78462.8,42056.52935745,1444234.8293574501,2832834.82935745,7167165.17064255,28.3283482935745,71.6716517064255,71.6716517064255,7.836,6.05,8.271155,4.966,0.7846280000000001,0.42056529357450007,男性,0,True
2016,45,40～64歳,1050,10500000.0,719785.2751074925,1862576.6987100905,873200.0,648900.0,835217.75,519100.0,82017.8,44159.3558253225,1480494.9058253225,3002594.9058253225,7497405.0941746775,28.596141960241166,71.40385803975884,71.40385803975884,8.316190476190476,6.18,7.9544547619047625,4.943809523809524,0.7811219047619048,0.42056529357449995,男性,0,True
2016,45,40～64歳,1100,11000000.0,754060.7643983255,1951270.827220094,961400.0,692100.0,843139.95,547500.0,86505.0,46262.182293195,1523407.132293195,3176907.132293195,7823092.8677068055,28.880973929938136,71.11902607006186,71.11902607006186,8.74,6.291818181818182,7.664908636363636,4.9772727272727275,0.786409090909091,0.42056529357450007,男性,0,True
2016,45,40～64歳,1150,11500000.0,788336.2536891585,2039964.9557300988,1059700.0,735300.0,851062.1499999999,575900.0,90992.2,48365.0087610675,1566319.3587610673,3361319.3587610675,8138680.6412389325,29.22886398922667,70.77113601077333,70.77113601077333,9.214782608695653,6.3939130434782605,7.4005404347826085,5.007826086956522,0.7912365217391304,0.42056529357449995,男性,0,True
2016,45,40～64歳,1200,12000000.0,822611.7429799914,2128659.0842401036,1161100.0,778500.0,859164.3999999999,604400.0,95495.2,50467.83522894,1609527.4352289399,3549127.43522894,8450872.56477106,29.57606196024117,70.42393803975884,70.42393803975884,9.675833333333333,6.4875,7.159703333333332,5.036666666666666,0.7957933333333334,0.42056529357449995,男性,0,True
2016,45,40～64歳,1250,12500000.0,856887.2322708244,2217353.212750107,1266800.0,823500.0,867086.6,638800.0,100930.4,52570.6616968125,1659387.6616968124,3749687.661696812,8750312.338303188,29.997501293574498,70.0024987064255,70.0024987064255,10.134400000000001,6.587999999999999,6.936692799999999,5.110399999999999,0.8074431999999999,0.42056529357450007,男性,0,True
2016,45,40～64歳,1300,13000000.0,891162.7215616573,2306047.341260112,1380700.0,872000.0,875188.85,643300.0,101641.4,54673.488164685,1674803.738164685,3927503.7381646847,9072496.261835314,30.21156721665142,69.78843278334857,69.78843278334857,10.62076923076923,6.707692307692308,6.7322219230769225,4.9484615384615385,0.7818569230769231,0.42056529357449995,男性,0,True
2016,45,40～64歳,1350,13500000.0,925438.2108524903,2394741.4697701167,1496100.0,917000.0,883111.0499999999,677700.0,107076.6,56776.3146325575,1724663.9646325575,4137763.9646325577,9362236.035367442,30.65010344172265,69.34989655827735,69.34989655827735,11.082222222222223,6.792592592592593,6.541563333333333,5.0200000000000005,0.7931600000000001,0.42056529357450007,男性,0,True
2016,45,40～64歳,1400,14000000.0,959713.7001433234,2483435.59828012,1647700.0,962000.0,891033.25,712100.0,112511.8,58879.14110043,1774524.19110043,4384224.19110043,9615775.808899572,31.31588707928878,68.68411292071121,68.68411292071121,11.769285714285713,6.87142857142857,6.364523214285714,5.086428571428571,0.8036557142857143,0.42056529357449995,男性,0,True
2016,45,40～64歳,1450,14500000.0,993989.1894341562,2572129.726790125,1811100.0,1010500.0,899135.5,716600.0,113222.8,60981.9675683025,1789940.2675683026,4611540.267568302,9888459.732431695,31.803725983229675,68.19627401677032,68.19627401677032,12.490344827586208,6.968965517241381,6.200934482758622,4.942068965517242,0.7808468965517242,0.42056529357450007,男性,0,True
2016,45,40～64歳,1500,15000000.0,1028264.6787249893,2660823.8553001285,1962700.0,1055500.0,907057.7,751000.0,118658.0,63084.794036175,1839800.4940361748,4858000.494036175,10141999.505963825,32.38666996024117,67.61333003975884,67.61333003975884,13.084666666666667,7.036666666666666,6.047051333333333,5.006666666666667,0.7910533333333334,0.42056529357450007,男性,0,True
2017,35,20～39歳,200,2000000.0,137078.32591961845,355060.08896457846,28300.0,63100.0,178786.09,98100.0,0.0,6411.2349777589,283297.3249777588,374697.3249777588,1625302.675022241,18.734866248887943,81.26513375111206,81.26513375111206,1.415,3.1550000000000002,8.9393045,4.905,0.0,0.32056174888794503,男性,0,True
2017,35,20～39歳,250,2500000.0,171347.90739952307,443825.11120572325,42400.0,90600.0,226170.21,124100.0,0.0,8014.0437221986,358284.2537221985,491284.2537221985,2008715.7462778015,19.65137014888794,80.34862985111207,80.34862985111207,1.696,3.624,9.0468084,4.9639999999999995,0.0,0.320561748887944,男性,0,True
2017,35,20～39歳,300,3000000.0,205617.4888794277,532590.1334468677,56900.0,119100.0,267177.06,146600.0,0.0,9616.8524666383,423393.9124666383,599393.9124666383,2400606.0875333617,19.979797082221275,80.02020291777873,80.02020291777873,1.8966666666666667,3.9699999999999998,8.905902000000001,4.886666666666667,0.0,0.32056174888794337,男性,0,True
2017,35,20～39歳,350,3500000.0,239887.0703593323,621355.1556880125,70600.0,145900.0,318934.3,175000.0,0.0,11219.661211078,505153.961211078,721653.961211078,2778346.0387889226,20.618684606030797,79.3813153939692,79.3813153939692,2.017142857142857,4.168571428571428,9.112408571428569,5.0,0.0,0.3205617488879428,男性,0,True
2017,35,20～39歳,400,4000000.0,274156.6518392369,710120.1779291569,86300.0,176700.0,370873.95,203500.0,0.0,12822.4699555177,587196.4199555176,850196.4199555176,3149803.580044482,21.254910498887945,78.74508950111205,78.74508950111205,2.1575,4.4175,9.271848750000002,5.0875,0.0,0.32056174888794253,男性,0,True
2017,35,20～39歳,450,4500000.0,308426.23331914155,798885.2001703014,109100.0,211900.0,400765.59,219900.0,0.0,14425.2786999574,635090.8686999575,956090.8686999575,3543909.1313000424,21.246463748887944,78.75353625111205,78.75353625111205,2.424444444444444,4.708888888888889,8.905902000000001,4.886666666666667,0.0,0.3205617488879422,男性,0,True
2017,35,20～39歳,500,5000000.0,342695.81479904614,887650.2224114465,141700.0,243800.0,452522.83,248300.0,0.0,16028.0874443971,716850.9174443972,1102350.9174443972,3897649.082555603,22.047018348887946,77.95298165111205,77.95298165111205,2.834,4.8759999999999994,9.0504566,4.966,0.0,0.320561748887942,男性,0,True
2017,35,20～39歳,550,5500000.0,376965.39627895073,976415.244652591,174100.0,275600.0,504462.48,276800.0,0.0,17630.8961888369,798893.3761888369,1248593.376188837,4251406.623811162,22.701697748887952,77.29830225111205,77.29830225111205,3.1654545454545464,5.010909090909092,9.172045090909092,5.032727272727273,0.0,0.3205617488879437,男性,0,True
2017,35,20～39歳,600,6000000.0,411234.9777588554,1065180.2668937354,208300.0,309100.0,545286.9199999999,299200.0,0.0,19233.7049332766,863720.6249332764,1381120.6249332763,4618879.375066724,23.018677082221274,76.98132291777873,76.98132291777873,3.4716666666666667,5.151666666666667,9.088115333333333,4.986666666666666,0.0,0.32056174888794337,男性,0,True
2017,35,20～39歳,650,6500000.0,445504.55923876,1153945.2891348798,247700.0,342600.0,586111.36,321600.0,0.0,20836.5136777163,928547.8736777162,1518847.8736777161,4981152.1263222825,23.366890364272557,76.63310963572744,76.63310963572744,3.8107692307692314,5.270769230769232,9.017097846153847,4.947692307692309,0.0,0.3205617488879431,男性,0,True
2017,35,20～39歳,700,7000000.0,479774.1407186646,1242710.311376025,324300.0,380100.0,627118.21,344100.0,0.0,22439.322422156,993657.532422156,1698057.532422156,5301942.467577845,24.257964748887943,75.74203525111206,75.74203525111206,4.632857142857142,5.43,8.95883157142857,4.9157142857142855,0.0,0.3205617488879428,男性,0,True
2017,35,20～39歳,750,7500000.0,514043.7221985692,1331475.3336171694,402900.0,418600.0,667942.65,366500.0,0.0,24042.1311665957,1058484.7811665956,1879984.7811665956,5620015.218833405,25.06646374888794,74.93353625111206,74.93353625111206,5.372,5.581333333333333,8.905902000000001,4.886666666666667,0.0,0.32056174888794264,男性,0,True
2017,35,20～39歳,800,8000000.0,548313.3036784738,1420240.3558583139,471100.0,452000.0,741747.9,407000.0,0.0,25644.9399110354,1174392.8399110353,2097492.8399110353,5902507.160088964,26.218660498887942,73.78133950111206,73.78133950111206,5.888750000000001,5.650000000000001,9.271848750000002,5.0875,0.0,0.32056174888794253,男性,0,True
2017,35,20～39歳,850,8500000.0,582582.8851583785,1509005.3780994583,549800.0,490500.0,782572.34,429400.0,0.0,27247.7486554751,1239220.088655475,2279520.088655475,6220479.9113445245,26.81788339594677,73.18211660405322,73.18211660405322,6.468235294117647,5.770588235294118,9.206733411764706,5.051764705882353,0.0,0.32056174888794237,男性,0,True
2017,35,20～39歳,900,9000000.0,616852.4666382831,1597770.4003406027,628400.0,529000.0,823396.78,451800.0,0.0,28850.5573999149,1304047.3373999149,2461447.337399915,6538552.662600085,27.349414859999055,72.65058514000094,72.65058514000094,6.982222222222221,5.877777777777777,9.148853111111112,5.0200000000000005,0.0,0.3205617488879433,男性,0,True
2017,35,20～39歳,950,9500000.0,651122.0481181876,1686535.4225817486,713700.0,570800.0,831605.23,474300.0,0.0,30453.3661443546,1336358.5961443544,2620858.5961443544,6879141.403855646,27.587985222572154,72.41201477742786,72.41201477742786,7.512631578947368,6.008421052631578,8.753739263157895,4.9926315789473685,0.0,0.3205617488879432,男性,0,True
2017,35,20～39歳,1000,10000000.0,685391.6295980923,1775300.444822893,799100.0,612600.0,839631.27,496700.0,0.0,32056.1748887943,1368387.4448887943,2780087.4448887943,7219912.555111205,27.800874448887942,72.19912555111205,72.19912555111205,7.991,6.126,8.3963127,4.967,0.0,0.320561748887943,男性,0,True
2017,35,20～39歳,1050,10500000.0,719661.2110779969,1864065.4670640375,894700.0,659400.0,847839.72,519200.0,0.0,33658.983633234,1400698.703633234,2954798.703633234,7545201.296366766,28.14094003460223,71.85905996539778,71.85905996539778,8.52095238095238,6.279999999999999,8.074664,4.944761904761904,0.0,0.3205617488879428,男性,0,True
2017,35,20～39歳,1100,11000000.0,753930.7925579015,1952830.489305182,989900.0,705600.0,855865.76,547600.0,0.0,35261.7923776737,1438727.5523776738,3134227.552377674,7865772.447622324,28.49297774888795,71.50702225111205,71.50702225111205,8.99909090909091,6.414545454545456,7.780597818181819,4.978181818181819,0.0,0.3205617488879428,男性,0,True
2017,35,20～39歳,1150,11500000.0,788200.3740378062,2041595.5115463263,1098400.0,751800.0,863891.8,576000.0,0.0,36864.6011221134,1476756.4011221135,3326956.4011221137,8173043.598877888,28.93005566193142,71.06994433806858,71.06994433806858,9.551304347826086,6.537391304347826,7.512102608695652,5.008695652173912,0.0,0.3205617488879426,男性,0,True
2017,35,20～39歳,1200,12000000.0,822469.9555177108,2130360.533787471,1206700.0,797900.0,872100.25,604500.0,0.0,38467.4098665531,1515067.659866553,3519667.659866553,8480332.340133447,29.330563832221273,70.66943616777873,70.66943616777873,10.055833333333334,6.649166666666667,7.267502083333334,5.0375000000000005,0.0,0.3205617488879425,男性,0,True
2017,35,20～39歳,1250,12500000.0,856739.5369976154,2219125.556028615,1313800.0,843500.0,880126.29,638900.0,0.0,40070.2186109928,1559096.508610993,3716396.5086109927,8783603.491389006,29.73117206888794,70.26882793111206,70.26882793111206,10.5104,6.748,7.041010320000001,5.1112,0.0,0.3205617488879424,男性,0,True
2017,35,20～39歳,1300,13000000.0,891009.11847752,2307890.5782697597,1427900.0,892100.0,888152.33,643300.0,0.0,41673.0273554326,1573125.3573554326,3893125.3573554326,9106874.642644566,29.94711813350333,70.05288186649666,70.05288186649666,10.983846153846155,6.862307692307694,6.831941000000001,4.948461538461539,0.0,0.3205617488879431,男性,0,True
2017,35,20～39歳,1350,13500000.0,925278.6999574245,2396655.6005109055,1565800.0,937700.0,896360.78,677800.0,0.0,43275.8360998723,1617436.6160998724,4120936.6160998726,9379063.383900128,30.525456415554615,69.47454358444539,69.47454358444539,11.59851851851852,6.945925925925926,6.639709481481482,5.020740740740741,0.0,0.320561748887943,男性,0,True
2017,35,20～39歳,1400,14000000.0,959548.2814373292,2485420.62275205,1719500.0,983300.0,904386.82,712200.0,0.0,44878.644844312,1661465.4648443118,4364265.464844312,9635734.535155691,31.173324748887936,68.82667525111206,68.82667525111206,12.282142857142855,7.023571428571428,6.459905857142855,5.087142857142856,0.0,0.3205617488879428,男性,0,True
2017,35,20～39歳,1450,14500000.0,993817.8629172337,2574185.6449931944,1883200.0,1031900.0,912595.27,716700.0,0.0,46481.4535887517,1675776.7235887516,4590876.723588752,9909123.276411248,31.6612187833707,68.3387812166293,68.3387812166293,12.987586206896552,7.116551724137931,6.29376048275862,4.942758620689655,0.0,0.32056174888794275,男性,0,True
2017,35,20～39歳,1500,15000000.0,1028087.4443971384,2662950.667234339,2036800.0,1077500.0,920621.3099999999,751100.0,0.0,48084.2623331914,1719805.5723331915,4834105.5723331915,10165894.42766681,32.22737048222128,67.77262951777873,67.77262951777873,13.578666666666667,7.183333333333334,6.1374754,5.007333333333333,0.0,0.32056174888794264,男性,0,True
2017,45,40～64歳,200,2000000.0,137078.32591961845,355060.08896457846,27500.0,61500.0,178786.09,98100.0,16092.7,6411.2349777589,299390.0249777588,388390.0249777588,1611609.975022241,19.419501248887943,80.58049875111206,80.58049875111206,1.3750000000000002,3.075,8.9393045,4.905,0.8046350000000001,0.32056174888794503,男性,0,True
2017,45,40～64歳,250,2500000.0,171347.90739952307,443825.11120572325,41400.0,88600.0,226170.21,124100.0,20357.5,8014.0437221986,378641.7537221985,508641.7537221985,1991358.2462778015,20.34567014888794,79.65432985111207,79.65432985111207,1.656,3.544,9.0468084,4.9639999999999995,0.8142999999999999,0.320561748887944,男性,0,True
2017,45,40～64歳,300,3000000.0,205617.4888794277,532590.1334468677,55700.0,116700.0,267177.06,146600.0,24049.0,9616.8524666383,447442.9124666383,619842.9124666383,2380157.0875333617,20.66143041555461,79.3385695844454,79.3385695844454,1.8566666666666665,3.8899999999999997,8.905902000000001,4.886666666666667,0.8016333333333334,0.32056174888794337,男性,0,True
2017,45,40～64歳,350,3500000.0,239887.0703593323,621355.1556880125,69200.0,143100.0,318934.3,175000.0,28707.0,11219.661211078,533860.961211078,746160.961211078,2753839.0387889226,21.318884606030796,78.68111539396921,78.68111539396921,1.9771428571428569,4.088571428571428,9.112408571428569,5.0,0.8201999999999999,0.3205617488879428,男性,0,True
2017,45,40～64歳,400,4000000.0,274156.6518392369,710120.1779291569,84600.0,173400.0,370873.95,203500.0,33381.5,12822.4699555177,620577.9199555176,878577.9199555176,3121422.080044482,21.96444799888794,78.03555200111205,78.03555200111205,2.115,4.335000000000001,9.271848750000002,5.0875,0.8345375,0.32056174888794253,男性,0,True
2017,45,40～64歳,450,4500000.0,308426.23331914155,798885.2001703014,105400.0,208300.0,400765.59,219900.0,36073.5,14425.2786999574,671164.3686999575,984864.3686999575,3515135.6313000424,21.885874859999056,78.11412514000095,78.11412514000095,2.3422222222222224,4.628888888888889,8.905902000000001,4.886666666666667,0.8016333333333334,0.3205617488879422,男性,0,True
2017,45,40～64歳,500,5000000.0,342695.81479904614,887650.2224114465,137500.0,239700.0,452522.83,248300.0,40731.5,16028.0874443971,757582.4174443972,1134782.4174443972,3865217.582555603,22.695648348887946,77.30435165111206,77.30435165111206,2.75,4.7940000000000005,9.0504566,4.966,0.8146300000000001,0.320561748887942,男性,0,True
2017,45,40～64歳,550,5500000.0,376965.39627895073,976415.244652591,169400.0,271000.0,504462.48,276800.0,45406.0,17630.8961888369,844299.3761888369,1284699.376188837,4215300.623811162,23.358170476160677,76.64182952383932,76.64182952383932,3.0800000000000005,4.927272727272728,9.172045090909092,5.032727272727273,0.8255636363636364,0.3205617488879437,男性,0,True
2017,45,40～64歳,600,6000000.0,411234.9777588554,1065180.2668937354,203300.0,304200.0,545286.9199999999,299200.0,49081.0,19233.7049332766,912801.6249332764,1420301.6249332763,4579698.375066724,23.67169374888794,76.32830625111207,76.32830625111207,3.3883333333333336,5.07,9.088115333333333,4.986666666666666,0.8180166666666667,0.32056174888794337,男性,0,True
2017,45,40～64歳,650,6500000.0,445504.55923876,1153945.2891348798,237100.0,337300.0,586111.36,321600.0,52756.0,20836.5136777163,981303.8736777162,1555703.8736777161,4944296.1263222825,23.933905748887945,76.06609425111205,76.06609425111205,3.6476923076923082,5.18923076923077,9.017097846153847,4.947692307692309,0.8116307692307694,0.3205617488879431,男性,0,True
2017,45,40～64歳,700,7000000.0,479774.1407186646,1242710.311376025,312700.0,374400.0,627118.21,344100.0,56447.5,22439.322422156,1050105.032422156,1737205.032422156,5262794.967577845,24.81721474888794,75.18278525111207,75.18278525111207,4.467142857142856,5.348571428571428,8.95883157142857,4.9157142857142855,0.8063928571428571,0.3205617488879428,男性,0,True
2017,45,40～64歳,750,7500000.0,514043.7221985692,1331475.3336171694,390700.0,412600.0,667942.65,366500.0,60122.5,24042.1311665957,1118607.2811665956,1921907.2811665956,5578092.718833405,25.625430415554607,74.3745695844454,74.3745695844454,5.209333333333333,5.501333333333333,8.905902000000001,4.886666666666667,0.8016333333333334,0.32056174888794264,男性,0,True
2017,45,40～64歳,800,8000000.0,548313.3036784738,1420240.3558583139,457500.0,445300.0,741747.9,407000.0,66763.0,25644.9399110354,1241155.8399110353,2143955.8399110353,5856044.160088964,26.799447998887942,73.20055200111206,73.20055200111206,5.718750000000001,5.56625,9.271848750000002,5.0875,0.8345375,0.32056174888794253,男性,0,True
2017,45,40～64歳,850,8500000.0,582582.8851583785,1509005.3780994583,535500.0,483500.0,782572.34,429400.0,70438.0,27247.7486554751,1309658.088655475,2328658.088655475,6171341.9113445245,27.395977513593824,72.60402248640617,72.60402248640617,6.3,5.688235294117646,9.206733411764706,5.051764705882353,0.8286823529411765,0.32056174888794237,男性,0,True
2017,45,40～64歳,900,9000000.0,616852.4666382831,1597770.4003406027,613300.0,521600.0,823396.78,451800.0,74113.0,28850.5573999149,1378160.3373999149,2513060.337399915,6486939.662600085,27.92289263777683,72.07710736222317,72.07710736222317,6.814444444444444,5.795555555555556,9.148853111111112,5.0200000000000005,0.8234777777777779,0.3205617488879433,男性,0,True
2017,45,40～64歳,950,9500000.0,651122.0481181876,1686535.4225817486,697800.0,563000.0,831605.23,474300.0,77804.5,30453.3661443546,1414163.0961443544,2674963.0961443544,6825036.903855646,28.15750627520373,71.84249372479627,71.84249372479627,7.3452631578947365,5.926315789473684,8.753739263157895,4.9926315789473685,0.8189947368421052,0.3205617488879432,男性,0,True
2017,45,40～64歳,1000,10000000.0,685391.6295980923,1775300.444822893,782500.0,604500.0,839631.27,496700.0,81479.5,32056.1748887943,1449866.9448887943,2836866.9448887943,7163133.055111205,28.368669448887946,71.63133055111204,71.63133055111204,7.825,6.045,8.3963127,4.967,0.8147949999999999,0.320561748887943,男性,0,True
2017,45,40～64歳,1050,10500000.0,719661.2110779969,1864065.4670640375,877300.0,650900.0,847839.72,519200.0,85171.0,33658.983633234,1485869.703633234,3014069.703633234,7485930.296366766,28.70542574888794,71.29457425111205,71.29457425111205,8.355238095238095,6.19904761904762,8.074664,4.944761904761904,0.811152380952381,0.3205617488879428,男性,0,True
2017,45,40～64歳,1100,11000000.0,753930.7925579015,1952830.489305182,970600.0,696600.0,855865.76,547600.0,89829.0,35261.7923776737,1528556.5523776738,3195756.552377674,7804243.447622324,29.05233229434249,70.94766770565751,70.94766770565751,8.823636363636366,6.332727272727273,7.780597818181819,4.978181818181819,0.8166272727272729,0.3205617488879428,男性,0,True
2017,45,40～64歳,1150,11500000.0,788200.3740378062,2041595.5115463263,1076100.0,742300.0,863891.8,576000.0,94487.0,36864.6011221134,1571243.4011221135,3389643.4011221137,8110356.598877888,29.475160009757506,70.5248399902425,70.5248399902425,9.357391304347825,6.454782608695651,7.512102608695652,5.008695652173912,0.8216260869565216,0.3205617488879426,男性,0,True
2017,45,40～64歳,1200,12000000.0,822469.9555177108,2130360.533787471,1183400.0,788000.0,872100.25,604500.0,99161.5,38467.4098665531,1614229.159866553,3585629.159866553,8414370.840133447,29.88024299888794,70.11975700111206,70.11975700111206,9.861666666666666,6.566666666666666,7.267502083333334,5.0375000000000005,0.8263458333333332,0.3205617488879425,男性,0,True
2017,45,40～64歳,1250,12500000.0,856739.5369976154,2219125.556028615,1289400.0,833100.0,880126.29,638900.0,104802.5,40070.2186109928,1663899.008610993,3786399.0086109927,8713600.991389006,30.29119206888794,69.70880793111205,69.70880793111205,10.315199999999999,6.6648,7.041010320000001,5.1112,0.8384199999999999,0.3205617488879424,男性,0,True
2017,45,40～64歳,1300,13000000.0,891009.11847752,2307890.5782697597,1403200.0,881600.0,888152.33,643300.0,105528.5,41673.0273554326,1678653.8573554326,3963453.8573554326,9036546.142644566,30.488106595041792,69.5118934049582,69.5118934049582,10.793846153846156,6.781538461538463,6.831941000000001,4.948461538461539,0.8117576923076923,0.3205617488879431,男性,0,True
2017,45,40～64歳,1350,13500000.0,925278.6999574245,2396655.6005109055,1528400.0,926600.0,896360.78,677800.0,111186.0,43275.8360998723,1728622.6160998724,4183622.6160998726,9316377.383900128,30.989797156295353,69.01020284370465,69.01020284370465,11.32148148148148,6.863703703703703,6.639709481481482,5.020740740740741,0.8236,0.320561748887943,男性,0,True
2017,45,40～64歳,1400,14000000.0,959548.2814373292,2485420.62275205,1680000.0,971600.0,904386.82,712200.0,116827.0,44878.644844312,1778292.4648443118,4429892.464844312,9570107.535155691,31.642089034602222,68.35791096539778,68.35791096539778,11.999999999999998,6.939999999999999,6.459905857142855,5.087142857142856,0.8344785714285713,0.3205617488879428,男性,0,True
2017,45,40～64歳,1450,14500000.0,993817.8629172337,2574185.6449931944,1843400.0,1020100.0,912595.27,716700.0,117569.5,46481.4535887517,1793346.2235887516,4656846.223588752,9843153.776411248,32.11618085233622,67.88381914766379,67.88381914766379,12.713103448275861,7.035172413793103,6.29376048275862,4.942758620689655,0.8108241379310346,0.32056174888794275,男性,0,True
2017,45,40～64歳,1500,15000000.0,1028087.4443971384,2662950.667234339,1995100.0,1065100.0,920621.3099999999,751100.0,123210.5,48084.2623331914,1843016.0723331915,4903216.0723331915,10096783.92766681,32.688107148887944,67.31189285111206,67.31189285111206,13.300666666666666,7.100666666666666,6.1374754,5.007333333333333,0.8214033333333334,0.32056174888794264,男性,0,True
2018,35,20～39歳,200,2000000.0,136416.94499695138,362996.6600365833,28300.0,63000.0,180255.0,98500.0,0.0,6000.0,284755.0,376055.0,1623945.0,18.80275,81.19725,81.19725,1.415,3.15,9.01275,4.925,0.0,0.3,男性,0,True
2018,35,20～39歳,250,2500000.0,170521.18124618923,453745.8250457294,42300.0,90400.0,228018.0,124600.0,0.0,7500.0,360118.0,492818.0,2007182.0,19.71272,80.28728000000001,80.28728000000001,1.6920000000000002,3.6159999999999997,9.12072,4.984,0.0,0.3,男性,0,True
2018,35,20～39歳,300,3000000.0,204625.41749542707,544494.9900548751,56800.0,118900.0,269376.0,147200.0,0.0,9000.0,425576.0,601276.0,2398724.0,20.042533333333335,79.95746666666666,79.95746666666666,1.8933333333333333,3.9633333333333334,8.9792,4.906666666666667,0.0,0.3,男性,0,True
2018,35,20～39歳,350,3500000.0,238729.65374466492,635244.1550640212,70500.0,145700.0,321531.0,175700.0,0.0,10500.0,507731.0,723931.0,2776069.0,20.683742857142857,79.31625714285714,79.31625714285714,2.0142857142857142,4.162857142857143,9.1866,5.0200000000000005,0.0,0.3,男性,0,True
2018,35,20～39歳,400,4000000.0,272833.88999390276,725993.3200731666,86200.0,176500.0,373686.0,204200.0,0.0,12000.0,589886.0,852586.0,3147414.0,21.31465,78.68535,78.68535,2.155,4.4125,9.34215,5.1049999999999995,0.0,0.3,男性,0,True
2018,35,20～39歳,450,4500000.0,306938.1262431406,816742.4850823127,108800.0,211600.0,404064.0,220800.0,0.0,13500.0,638364.0,958764.0,3541236.0,21.305866666666667,78.69413333333334,78.69413333333334,2.417777777777778,4.702222222222222,8.9792,4.906666666666667,0.0,0.3,男性,0,True
2018,35,20～39歳,500,5000000.0,341042.36249237845,907491.6500914588,141300.0,243400.0,456219.0,249300.0,0.0,15000.0,720519.0,1105219.0,3894781.0,22.104380000000003,77.89562,77.89562,2.826,4.868,9.12438,4.986,0.0,0.3,男性,0,True
2018,35,20～39歳,550,5500000.0,375146.5987416163,998240.8151006042,173700.0,275200.0,508557.0,277900.0,0.0,16500.0,802957.0,1251857.0,4248143.0,22.761036363636364,77.23896363636364,77.23896363636364,3.158181818181818,5.003636363636364,9.246490909090909,5.052727272727273,0.0,0.3,男性,0,True
2018,35,20～39歳,600,6000000.0,409250.83499085414,1088989.9801097503,207800.0,308600.0,549732.0,300400.0,0.0,18000.0,868132.0,1384532.0,4615468.0,23.075533333333333,76.92446666666667,76.92446666666667,3.4633333333333334,5.143333333333333,9.1622,5.006666666666667,0.0,0.3,男性,0,True
2018,35,20～39歳,650,6500000.0,443355.07124009193,1179739.1451188964,246700.0,342100.0,590907.0,322900.0,0.0,19500.0,933307.0,1522107.0,4977893.0,23.41703076923077,76.58296923076922,76.58296923076922,3.795384615384615,5.263076923076923,9.090876923076923,4.967692307692308,0.0,0.3,男性,0,True
2018,35,20～39歳,700,7000000.0,477459.30748932983,1270488.3101280425,323300.0,379600.0,632265.0,345500.0,0.0,21000.0,998765.0,1701665.0,5298335.0,24.3095,75.6905,75.6905,4.618571428571429,5.4228571428571435,9.032357142857144,4.935714285714286,0.0,0.3,男性,0,True
2018,35,20～39歳,750,7500000.0,511563.5437385677,1361237.4751371879,401900.0,418100.0,673440.0,368000.0,0.0,22500.0,1063940.0,1883940.0,5616060.0,25.119200000000003,74.88080000000001,74.88080000000001,5.358666666666666,5.574666666666666,8.9792,4.906666666666667,0.0,0.3,男性,0,True
2018,35,20～39歳,800,8000000.0,545667.7799878055,1451986.6401463333,469900.0,451400.0,747555.0,408500.0,0.0,24000.0,1180055.0,2101355.0,5898645.0,26.266937499999997,73.7330625,73.7330625,5.873749999999999,5.6425,9.3444375,5.106249999999999,0.0,0.3,男性,0,True
2018,35,20～39歳,850,8500000.0,579772.0162370434,1542735.8051554793,548500.0,489900.0,788913.0,431100.0,0.0,25500.0,1245513.0,2283913.0,6216087.0,26.869564705882354,73.13043529411765,73.13043529411765,6.4529411764705875,5.763529411764705,9.281329411764707,5.0717647058823525,0.0,0.3,男性,0,True
2018,35,20～39歳,900,9000000.0,613876.2524862812,1633484.9701646254,627200.0,528400.0,830088.0,453600.0,0.0,27000.0,1310688.0,2466288.0,6533712.0,27.4032,72.5968,72.5968,6.9688888888888885,5.871111111111111,9.2232,5.04,0.0,0.3,男性,0,True
2018,35,20～39歳,950,9500000.0,647980.488735519,1724234.1351737715,712300.0,570100.0,838506.0,476200.0,0.0,28500.0,1343206.0,2625606.0,6874394.0,27.637957894736843,72.36204210526316,72.36204210526316,7.497894736842105,6.001052631578947,8.826378947368422,5.012631578947369,0.0,0.3,男性,0,True
2018,35,20～39歳,1000,10000000.0,682084.7249847569,1814983.3001829176,797700.0,611900.0,846741.0,498700.0,0.0,30000.0,1375441.0,2785041.0,7214959.0,27.850409999999997,72.14959,72.14959,7.976999999999999,6.119,8.467410000000001,4.987,0.0,0.3,男性,0,True
2018,35,20～39歳,1050,10500000.0,716188.9612339947,1905732.4651920637,893200.0,658700.0,854976.0,521200.0,0.0,31500.0,1407676.0,2959576.0,7540424.0,28.1864380952381,71.8135619047619,71.8135619047619,8.506666666666666,6.273333333333333,8.142628571428572,4.963809523809524,0.0,0.3,男性,0,True
2018,35,20～39歳,1100,11000000.0,750293.1974832326,1996481.6302012084,988100.0,704800.0,863394.0,549800.0,0.0,33000.0,1446194.0,3139094.0,7860906.0,28.53721818181818,71.46278181818182,71.46278181818182,8.982727272727272,6.407272727272726,7.849036363636364,4.998181818181818,0.0,0.3,男性,0,True
2018,35,20～39歳,1150,11500000.0,784397.4337324705,2087230.7952103545,1096600.0,751000.0,871629.0,578300.0,0.0,34500.0,1484429.0,3332029.0,8167971.0,28.974165217391306,71.0258347826087,71.0258347826087,9.535652173913043,6.530434782608696,7.579382608695652,5.028695652173913,0.0,0.3,男性,0,True
2018,35,20～39歳,1200,12000000.0,818501.6699817083,2177979.9602195006,1205000.0,797200.0,879864.0,606800.0,0.0,36000.0,1522664.0,3524864.0,8475136.0,29.373866666666665,70.62613333333333,70.62613333333333,10.041666666666666,6.643333333333333,7.3322,5.056666666666667,0.0,0.3,男性,0,True
2018,35,20～39歳,1250,12500000.0,852605.9062309461,2268729.1252286467,1318900.0,845700.0,888282.0,611400.0,0.0,37500.0,1537182.0,3701782.0,8798218.0,29.614256,70.38574399999999,70.38574399999999,10.5512,6.765599999999999,7.106256,4.8911999999999995,0.0,0.3,男性,0,True
2018,35,20～39歳,1300,13000000.0,886710.1424801839,2359478.290237793,1426000.0,891300.0,896517.0,645900.0,0.0,39000.0,1581417.0,3898717.0,9101283.0,29.99013076923077,70.00986923076923,70.00986923076923,10.96923076923077,6.8561538461538465,6.896284615384615,4.968461538461538,0.0,0.3,男性,0,True
2018,35,20～39歳,1350,13500000.0,920814.3787294218,2450227.455246939,1563100.0,936900.0,904935.0,680500.0,0.0,40500.0,1625935.0,4125935.0,9374065.0,30.56248148148148,69.43751851851852,69.43751851851852,11.578518518518518,6.94,6.703222222222223,5.040740740740741,0.0,0.3,男性,0,True
2018,35,20～39歳,1400,14000000.0,954918.6149786597,2540976.620256085,1726500.0,985400.0,913170.0,685000.0,0.0,42000.0,1640170.0,4352070.0,9647930.0,31.086214285714288,68.91378571428571,68.91378571428571,12.332142857142857,7.038571428571429,6.522642857142857,4.892857142857142,0.0,0.3,男性,0,True
2018,35,20～39歳,1450,14500000.0,989022.8512278975,2631725.7852652296,1880200.0,1031000.0,921405.0,719500.0,0.0,43500.0,1684405.0,4595605.0,9904395.0,31.693827586206897,68.30617241379309,68.30617241379309,12.966896551724139,7.110344827586207,6.354517241379311,4.962068965517242,0.0,0.3,男性,0,True
2018,35,20～39歳,1500,15000000.0,1023127.0874771354,2722474.9502743757,2033800.0,1076600.0,929823.0,754100.0,0.0,45000.0,1728923.0,4839323.0,10160677.0,32.26215333333333,67.73784666666667,67.73784666666667,13.558666666666666,7.1773333333333325,6.19882,5.027333333333334,0.0,0.3,男性,0,True
2018,45,40～64歳,200,2000000.0,136416.94499695138,362996.6600365833,27500.0,61400.0,180255.0,98500.0,15571.7,6000.0,300326.7,389226.7,1610773.3,19.461335000000002,80.538665,80.538665,1.375,3.0700000000000003,9.01275,4.925,0.7785850000000001,0.3,男性,0,True
2018,45,40～64歳,250,2500000.0,170521.18124618923,453745.8250457294,41300.0,88500.0,228018.0,124600.0,19698.2,7500.0,379816.2,509616.2,1990383.8,20.384648,79.615352,79.615352,1.652,3.54,9.12072,4.984,0.7879280000000001,0.3,男性,0,True
2018,45,40～64歳,300,3000000.0,204625.41749542707,544494.9900548751,55600.0,116600.0,269376.0,147200.0,23270.4,9000.0,448846.4,621046.4,2378953.6,20.70154666666667,79.29845333333334,79.29845333333334,1.8533333333333333,3.8866666666666667,8.9792,4.906666666666667,0.77568,0.3,男性,0,True
2018,45,40～64歳,350,3500000.0,238729.65374466492,635244.1550640212,69100.0,142900.0,321531.0,175700.0,27776.9,10500.0,535507.9,747507.9,2752492.1,21.357368571428573,78.64263142857143,78.64263142857143,1.9742857142857142,4.082857142857143,9.1866,5.0200000000000005,0.7936257142857143,0.3,男性,0,True
2018,45,40～64歳,400,4000000.0,272833.88999390276,725993.3200731666,84500.0,173200.0,373686.0,204200.0,32283.4,12000.0,622169.4,879869.4,3120130.6,21.996735,78.003265,78.003265,2.1125000000000003,4.33,9.34215,5.1049999999999995,0.807085,0.3,男性,0,True
2018,45,40～64歳,450,4500000.0,306938.1262431406,816742.4850823127,105200.0,208100.0,404064.0,220800.0,34905.6,13500.0,673269.6,986569.6,3513430.4,21.92376888888889,78.0762311111111,78.0762311111111,2.3377777777777777,4.624444444444444,8.9792,4.906666666666667,0.7756799999999999,0.3,男性,0,True
2018,45,40～64歳,500,5000000.0,341042.36249237845,907491.6500914588,137300.0,239500.0,456219.0,249300.0,39412.1,15000.0,759931.1,1136731.1,3863268.9,22.734622,77.265378,77.265378,2.746,4.79,9.12438,4.986,0.7882419999999999,0.3,男性,0,True
2018,45,40～64歳,550,5500000.0,375146.5987416163,998240.8151006042,169200.0,270800.0,508557.0,277900.0,43934.3,16500.0,846891.3,1286891.3,4213108.7,23.39802363636364,76.60197636363637,76.60197636363637,3.0763636363636366,4.923636363636364,9.246490909090909,5.052727272727273,0.7988054545454546,0.3,男性,0,True
2018,45,40～64歳,600,6000000.0,409250.83499085414,1088989.9801097503,203000.0,303900.0,549732.0,300400.0,47490.8,18000.0,915622.8,1422522.8,4577477.2,23.708713333333336,76.29128666666666,76.29128666666666,3.3833333333333333,5.065,9.1622,5.006666666666667,0.7915133333333334,0.3,男性,0,True
2018,45,40～64歳,650,6500000.0,443355.07124009193,1179739.1451188964,236800.0,337000.0,590907.0,322900.0,51047.3,19500.0,984354.3,1558154.3,4941845.7,23.971604615384617,76.0283953846154,76.0283953846154,3.643076923076923,5.184615384615385,9.090876923076923,4.967692307692308,0.7853430769230769,0.3,男性,0,True
2018,45,40～64歳,700,7000000.0,477459.30748932983,1270488.3101280425,312100.0,374100.0,632265.0,345500.0,54619.5,21000.0,1053384.5,1739584.5,5260415.5,24.85120714285714,75.14879285714285,75.14879285714285,4.458571428571428,5.344285714285714,9.032357142857144,4.935714285714286,0.7802785714285715,0.3,男性,0,True
2018,45,40～64歳,750,7500000.0,511563.5437385677,1361237.4751371879,389900.0,412200.0,673440.0,368000.0,58176.0,22500.0,1122116.0,1924216.0,5575784.0,25.656213333333334,74.34378666666667,74.34378666666667,5.198666666666667,5.496,8.9792,4.906666666666667,0.77568,0.3,男性,0,True
2018,45,40～64歳,800,8000000.0,545667.7799878055,1451986.6401463333,456800.0,445000.0,747555.0,408500.0,64582.5,24000.0,1244637.5,2146437.5,5853562.5,26.83046875,73.16953124999999,73.16953124999999,5.71,5.5625,9.3444375,5.106249999999999,0.8072812500000001,0.3,男性,0,True
2018,45,40～64歳,850,8500000.0,579772.0162370434,1542735.8051554793,534600.0,483100.0,788913.0,431100.0,68154.7,25500.0,1313667.7,2331367.7,6168632.3,27.42785529411765,72.57214470588235,72.57214470588235,6.289411764705882,5.683529411764706,9.281329411764707,5.0717647058823525,0.80182,0.3,男性,0,True
2018,45,40～64歳,900,9000000.0,613876.2524862812,1633484.9701646254,612400.0,521200.0,830088.0,453600.0,71711.2,27000.0,1382399.2,2515999.2,6484000.8,27.95554666666667,72.04445333333334,72.04445333333334,6.804444444444445,5.79111111111111,9.2232,5.04,0.7967911111111111,0.3,男性,0,True
2018,45,40～64歳,950,9500000.0,647980.488735519,1724234.1351737715,697000.0,562600.0,838506.0,476200.0,75283.4,28500.0,1418489.4,2678089.4,6821910.6,28.190414736842108,71.8095852631579,71.8095852631579,7.336842105263158,5.922105263157895,8.826378947368422,5.012631578947369,0.792456842105263,0.3,男性,0,True
2018,45,40～64歳,1000,10000000.0,682084.7249847569,1814983.3001829176,781500.0,604000.0,846741.0,498700.0,78839.9,30000.0,1454280.9,2839780.9,7160219.1,28.397809000000002,71.60219099999999,71.60219099999999,7.8149999999999995,6.04,8.467410000000001,4.987,0.7883989999999998,0.3,男性,0,True
2018,45,40～64歳,1050,10500000.0,716188.9612339947,1905732.4651920637,876300.0,650400.0,854976.0,521200.0,82396.4,31500.0,1490072.4,3016772.4,7483227.6,28.731165714285712,71.26883428571428,71.26883428571428,8.345714285714285,6.194285714285714,8.142628571428572,4.963809523809524,0.7847276190476191,0.3,男性,0,True
2018,45,40～64歳,1100,11000000.0,750293.1974832326,1996481.6302012084,969600.0,696100.0,863394.0,549800.0,86918.6,33000.0,1533112.6,3198812.6,7801187.4,29.080114545454546,70.91988545454547,70.91988545454547,8.814545454545454,6.328181818181817,7.849036363636364,4.998181818181818,0.7901690909090909,0.3,男性,0,True
2018,45,40～64歳,1150,11500000.0,784397.4337324705,2087230.7952103545,1075200.0,741900.0,871629.0,578300.0,91425.1,34500.0,1575854.1,3392954.1,8107045.9,29.503948695652177,70.49605130434783,70.49605130434783,9.349565217391305,6.4513043478260865,7.579382608695652,5.028695652173913,0.7950008695652174,0.3,男性,0,True
2018,45,40～64歳,1200,12000000.0,818501.6699817083,2177979.9602195006,1182500.0,787600.0,879864.0,606800.0,95931.6,36000.0,1618595.6,3588695.6,8411304.4,29.905796666666667,70.09420333333334,70.09420333333334,9.854166666666666,6.5633333333333335,7.3322,5.056666666666667,0.7994300000000001,0.3,男性,0,True
2018,45,40～64歳,1250,12500000.0,852605.9062309461,2268729.1252286467,1296400.0,836100.0,888282.0,611400.0,96653.8,37500.0,1633835.8,3766335.8,8733664.2,30.130686400000002,69.8693136,69.8693136,10.3712,6.6888000000000005,7.106256,4.8911999999999995,0.7732304000000001,0.3,男性,0,True
2018,45,40～64歳,1300,13000000.0,886710.1424801839,2359478.290237793,1402100.0,881100.0,896517.0,645900.0,102110.3,39000.0,1683527.3,3966727.3,9033272.7,30.513286923076922,69.48671307692307,69.48671307692307,10.785384615384615,6.777692307692308,6.896284615384615,4.968461538461538,0.7854638461538462,0.3,男性,0,True
2018,45,40～64歳,1350,13500000.0,920814.3787294218,2450227.455246939,1526700.0,926100.0,904935.0,680500.0,107582.5,40500.0,1733517.5,4186317.5,9313682.5,31.009759259259262,68.99024074074075,68.99024074074075,11.30888888888889,6.859999999999999,6.703222222222223,5.040740740740741,0.7969074074074075,0.3,男性,0,True
2018,45,40～64歳,1400,14000000.0,954918.6149786597,2540976.620256085,1690100.0,974600.0,913170.0,685000.0,108289.0,42000.0,1748459.0,4413159.0,9586841.0,31.52256428571429,68.47743571428572,68.47743571428572,12.072142857142858,6.961428571428571,6.522642857142857,4.892857142857142,0.7734928571428571,0.3,男性,0,True
2018,45,40～64歳,1450,14500000.0,989022.8512278975,2631725.7852652296,1841800.0,1019600.0,921405.0,719500.0,113745.5,43500.0,1798150.5,4659550.5,9840449.5,32.13483103448276,67.86516896551724,67.86516896551724,12.70206896551724,7.031724137931035,6.354517241379311,4.962068965517242,0.7844517241379311,0.3,男性,0,True
2018,45,40～64歳,1500,15000000.0,1023127.0874771354,2722474.9502743757,1993400.0,1064600.0,929823.0,754100.0,119217.7,45000.0,1848140.7,4906140.7,10093859.3,32.70760466666667,67.29239533333335,67.29239533333335,13.289333333333333,7.097333333333333,6.19882,5.027333333333334,0.7947846666666666,0.3,男性,0,True
2019,35,20～39歳,200,2000000.0,136637.67148942623,360347.9421268852,28300.0,63000.0,180072.0,98400.0,0.0,6000.0,284472.0,375772.0,1624228.0,18.7886,81.2114,81.2114,1.415,3.15,9.0036,4.92,0.0,0.3,男性,0,True
2019,35,20～39歳,250,2500000.0,170797.0893617828,450434.92765860655,42300.0,90500.0,227835.0,124500.0,0.0,7500.0,359835.0,492635.0,2007365.0,19.7054,80.2946,80.2946,1.6920000000000002,3.62,9.1134,4.9799999999999995,0.0,0.3,男性,0,True
2019,35,20～39歳,300,3000000.0,204956.50723413937,540521.9131903276,56800.0,118900.0,269010.0,147000.0,0.0,9000.0,425010.0,600710.0,2399290.0,20.023666666666667,79.97633333333334,79.97633333333334,1.8933333333333333,3.9633333333333334,8.967,4.9,0.0,0.3,男性,0,True
2019,35,20～39歳,350,3500000.0,239115.92510649594,630608.898722049,70500.0,145700.0,321165.0,175500.0,0.0,10500.0,507165.0,723365.0,2776635.0,20.667571428571428,79.33242857142857,79.33242857142857,2.0142857142857142,4.162857142857143,9.176142857142858,5.014285714285714,0.0,0.3,男性,0,True
2019,35,20～39歳,400,4000000.0,273275.34297885245,720695.8842537703,86200.0,176500.0,373320.0,204000.0,0.0,12000.0,589320.0,852020.0,3147980.0,21.3005,78.6995,78.6995,2.155,4.4125,9.333,5.1,0.0,0.3,男性,0,True
2019,35,20～39歳,450,4500000.0,307434.76085120905,810782.8697854914,108900.0,211700.0,403515.0,220500.0,0.0,13500.0,637515.0,958115.0,3541885.0,21.291444444444444,78.70855555555556,78.70855555555556,2.42,4.704444444444444,8.967,4.9,0.0,0.3,男性,0,True
2019,35,20～39歳,500,5000000.0,341594.1787235656,900869.8553172131,141400.0,243500.0,455670.0,249000.0,0.0,15000.0,719670.0,1104570.0,3895430.0,22.0914,77.90859999999999,77.90859999999999,2.828,4.87,9.1134,4.9799999999999995,0.0,0.3,男性,0,True
2019,35,20～39歳,550,5500000.0,375753.59659592214,990956.8408489341,173800.0,275300.0,507825.0,277500.0,0.0,16500.0,801825.0,1250925.0,4249075.0,22.744090909090907,77.25590909090909,77.25590909090909,3.16,5.005454545454546,9.233181818181817,5.045454545454545,0.0,0.3,男性,0,True
2019,35,20～39歳,600,6000000.0,409913.01446827874,1081043.8263806552,208000.0,308800.0,549000.0,300000.0,0.0,18000.0,867000.0,1383800.0,4616200.0,23.063333333333333,76.93666666666667,76.93666666666667,3.4666666666666663,5.1466666666666665,9.15,5.0,0.0,0.3,男性,0,True
2019,35,20～39歳,650,6500000.0,444072.4323406352,1171130.811912377,246900.0,342200.0,590175.0,322500.0,0.0,19500.0,932175.0,1521275.0,4978725.0,23.404230769230768,76.59576923076924,76.59576923076924,3.7984615384615386,5.264615384615385,9.079615384615385,4.961538461538462,0.0,0.3,男性,0,True
2019,35,20～39歳,700,7000000.0,478231.8502129919,1261217.797444098,323500.0,379700.0,631350.0,345000.0,0.0,21000.0,997350.0,1700550.0,5299450.0,24.29357142857143,75.70642857142857,75.70642857142857,4.621428571428572,5.424285714285714,9.019285714285715,4.928571428571429,0.0,0.3,男性,0,True
2019,35,20～39歳,750,7500000.0,512391.2680853484,1351304.782975819,402100.0,418200.0,672525.0,367500.0,0.0,22500.0,1062525.0,1882825.0,5617175.0,25.104333333333333,74.89566666666667,74.89566666666667,5.3613333333333335,5.576,8.967,4.9,0.0,0.3,男性,0,True
2019,35,20～39歳,800,8000000.0,546550.6859577049,1441391.7685075407,470300.0,451600.0,746640.0,408000.0,0.0,24000.0,1178640.0,2100540.0,5899460.0,26.25675,73.74325,73.74325,5.87875,5.645,9.333,5.1,0.0,0.3,男性,0,True
2019,35,20～39歳,850,8500000.0,580710.1038300615,1531478.7540392624,548900.0,490100.0,787815.0,430500.0,0.0,25500.0,1243815.0,2282815.0,6217185.0,26.85664705882353,73.14335294117647,73.14335294117647,6.457647058823529,5.765882352941176,9.268411764705881,5.064705882352941,0.0,0.3,男性,0,True
2019,35,20～39歳,900,9000000.0,614869.5217024181,1621565.7395709828,627600.0,528600.0,828990.0,453000.0,0.0,27000.0,1308990.0,2465190.0,6534810.0,27.391,72.609,72.609,6.973333333333333,5.873333333333333,9.211,5.033333333333333,0.0,0.3,男性,0,True
2019,35,20～39歳,950,9500000.0,649028.9395747746,1711652.7251027045,712700.0,570300.0,837225.0,475500.0,0.0,28500.0,1341225.0,2624225.0,6875775.0,27.62342105263158,72.37657894736842,72.37657894736842,7.502105263157895,6.003157894736842,8.812894736842106,5.005263157894737,0.0,0.3,男性,0,True
2019,35,20～39歳,1000,10000000.0,683188.3574471312,1801739.7106344262,798100.0,612100.0,845460.0,498000.0,0.0,30000.0,1373460.0,2783660.0,7216340.0,27.8366,72.1634,72.1634,7.981000000000001,6.121,8.4546,4.9799999999999995,0.0,0.3,男性,0,True
2019,35,20～39歳,1050,10500000.0,717347.7753194878,1891826.6961661465,893600.0,658900.0,853695.0,520500.0,0.0,31500.0,1405695.0,2958195.0,7541805.0,28.17328571428571,71.82671428571429,71.82671428571429,8.51047619047619,6.275238095238095,8.130428571428572,4.957142857142857,0.0,0.3,男性,0,True
2019,35,20～39歳,1100,11000000.0,751507.1931918443,1981913.6816978683,988800.0,705100.0,861930.0,549000.0,0.0,33000.0,1443930.0,3137830.0,7862170.0,28.525727272727273,71.47427272727272,71.47427272727272,8.989090909090908,6.41,7.835727272727273,4.990909090909091,0.0,0.3,男性,0,True
2019,35,20～39歳,1150,11500000.0,785666.6110642009,2072000.66722959,1097000.0,751200.0,870348.0,577600.0,0.0,34500.0,1482448.0,3330648.0,8169352.0,28.96215652173913,71.03784347826087,71.03784347826087,9.539130434782608,6.5321739130434775,7.568243478260869,5.022608695652174,0.0,0.3,男性,0,True
2019,35,20～39歳,1200,12000000.0,819826.0289365575,2162087.6527613103,1205500.0,797400.0,878583.0,606100.0,0.0,36000.0,1520683.0,3523583.0,8476417.0,29.363191666666665,70.63680833333333,70.63680833333333,10.045833333333333,6.645,7.321524999999999,5.050833333333333,0.0,0.3,男性,0,True
2019,35,20～39歳,1250,12500000.0,853985.446808914,2252174.638293032,1319600.0,846000.0,886818.0,610600.0,0.0,37500.0,1534918.0,3700518.0,8799482.0,29.604143999999998,70.395856,70.395856,10.556799999999999,6.768000000000001,7.094544,4.8848,0.0,0.3,男性,0,True
2019,35,20～39歳,1300,13000000.0,888144.8646812704,2342261.623824754,1426500.0,891500.0,895053.0,645100.0,0.0,39000.0,1579153.0,3897153.0,9102847.0,29.9781,70.0219,70.0219,10.973076923076922,6.857692307692307,6.885023076923077,4.962307692307692,0.0,0.3,男性,0,True
2019,35,20～39歳,1350,13500000.0,922304.2825536272,2432348.609356474,1563800.0,937100.0,903288.0,679600.0,0.0,40500.0,1623388.0,4124288.0,9375712.0,30.550281481481484,69.44971851851852,69.44971851851852,11.583703703703705,6.941481481481482,6.691022222222222,5.034074074074074,0.0,0.3,男性,0,True
2019,35,20～39歳,1400,14000000.0,956463.7004259838,2522435.594888196,1717400.0,982700.0,911523.0,714100.0,0.0,42000.0,1667623.0,4367723.0,9632277.0,31.198021428571426,68.80197857142856,68.80197857142856,12.267142857142858,7.019285714285714,6.510878571428572,5.100714285714285,0.0,0.3,男性,0,True
2019,35,20～39歳,1450,14500000.0,990623.1182983401,2612522.5804199176,1881200.0,1031300.0,919758.0,718600.0,0.0,43500.0,1681858.0,4594358.0,9905642.0,31.6852275862069,68.31477241379311,68.31477241379311,12.973793103448275,7.112413793103449,6.343158620689655,4.9558620689655175,0.0,0.3,男性,0,True
2019,35,20～39歳,1500,15000000.0,1024782.5361706968,2702609.565951638,2034500.0,1076800.0,927993.0,753100.0,0.0,45000.0,1726093.0,4837393.0,10162607.0,32.24928666666666,67.75071333333334,67.75071333333334,13.563333333333333,7.1786666666666665,6.1866200000000005,5.020666666666666,0.0,0.3,男性,0,True
2019,45,40～64歳,200,2000000.0,136637.67148942623,360347.9421268852,27400.0,61300.0,180072.0,98400.0,16808.8,6000.0,301280.8,389980.8,1610019.2,19.499039999999997,80.50095999999999,80.50095999999999,1.37,3.065,9.0036,4.92,0.84044,0.3,男性,0,True
2019,45,40～64歳,250,2500000.0,170797.0893617828,450434.92765860655,41200.0,88300.0,227835.0,124500.0,21266.5,7500.0,381101.5,510601.5,1989398.5,20.42406,79.57594,79.57594,1.6480000000000001,3.5319999999999996,9.1134,4.9799999999999995,0.85066,0.3,男性,0,True
2019,45,40～64歳,300,3000000.0,204956.50723413937,540521.9131903276,55500.0,116400.0,269010.0,147000.0,25111.0,9000.0,450121.0,622021.0,2377979.0,20.734033333333333,79.26596666666667,79.26596666666667,1.8499999999999999,3.88,8.967,4.9,0.8370333333333334,0.3,男性,0,True
2019,45,40～64歳,350,3500000.0,239115.92510649594,630608.898722049,69000.0,142700.0,321165.0,175500.0,29977.5,10500.0,537142.5,748842.5,2751157.5,21.395500000000002,78.6045,78.6045,1.9714285714285715,4.0771428571428565,9.176142857142858,5.014285714285714,0.8564999999999999,0.3,男性,0,True
2019,45,40～64歳,400,4000000.0,273275.34297885245,720695.8842537703,84400.0,173000.0,373320.0,204000.0,34844.0,12000.0,624164.0,881564.0,3118436.0,22.0391,77.9609,77.9609,2.11,4.324999999999999,9.333,5.1,0.8711,0.3,男性,0,True
2019,45,40～64歳,450,4500000.0,307434.76085120905,810782.8697854914,105000.0,207900.0,403515.0,220500.0,37666.5,13500.0,675181.5,988081.5,3511918.5,21.957366666666665,78.04263333333333,78.04263333333333,2.3333333333333335,4.62,8.967,4.9,0.8370333333333334,0.3,男性,0,True
2019,45,40～64歳,500,5000000.0,341594.1787235656,900869.8553172131,137000.0,239200.0,455670.0,249000.0,42533.0,15000.0,762203.0,1138403.0,3861597.0,22.768060000000002,77.23194,77.23194,2.74,4.784,9.1134,4.9799999999999995,0.85066,0.3,男性,0,True
2019,45,40～64歳,550,5500000.0,375753.59659592214,990956.8408489341,168900.0,270500.0,507825.0,277500.0,47399.5,16500.0,849224.5,1288624.5,4211375.5,23.429536363636362,76.57046363636364,76.57046363636364,3.070909090909091,4.918181818181818,9.233181818181817,5.045454545454545,0.8618090909090909,0.3,男性,0,True
2019,45,40～64歳,600,6000000.0,409913.01446827874,1081043.8263806552,202700.0,303600.0,549000.0,300000.0,51244.0,18000.0,918244.0,1424544.0,4575456.0,23.7424,76.2576,76.2576,3.378333333333333,5.06,9.15,5.0,0.8540666666666666,0.3,男性,0,True
2019,45,40～64歳,650,6500000.0,444072.4323406352,1171130.811912377,236500.0,336700.0,590175.0,322500.0,55088.5,19500.0,987263.5,1560463.5,4939536.5,24.00713076923077,75.99286923076923,75.99286923076923,3.6384615384615384,5.18,9.079615384615385,4.961538461538462,0.8475153846153846,0.3,男性,0,True
2019,45,40～64歳,700,7000000.0,478231.8502129919,1261217.797444098,311500.0,373800.0,631350.0,345000.0,58933.0,21000.0,1056283.0,1741583.0,5258417.0,24.87975714285714,75.12024285714286,75.12024285714286,4.45,5.34,9.019285714285715,4.928571428571429,0.8419,0.3,男性,0,True
2019,45,40～64歳,750,7500000.0,512391.2680853484,1351304.782975819,389300.0,411900.0,672525.0,367500.0,62777.5,22500.0,1125302.5,1926502.5,5573497.5,25.686700000000002,74.3133,74.3133,5.190666666666666,5.492,8.967,4.9,0.8370333333333334,0.3,男性,0,True
2019,45,40～64歳,800,8000000.0,546550.6859577049,1441391.7685075407,456000.0,444600.0,746640.0,408000.0,69688.0,24000.0,1248328.0,2148928.0,5851072.0,26.861600000000003,73.1384,73.1384,5.7,5.5575,9.333,5.1,0.8711,0.3,男性,0,True
2019,45,40～64歳,850,8500000.0,580710.1038300615,1531478.7540392624,533800.0,482700.0,787815.0,430500.0,73532.5,25500.0,1317347.5,2333847.5,6166152.5,27.457029411764704,72.54297058823529,72.54297058823529,6.279999999999999,5.678823529411765,9.268411764705881,5.064705882352941,0.8650882352941177,0.3,男性,0,True
2019,45,40～64歳,900,9000000.0,614869.5217024181,1621565.7395709828,611600.0,520800.0,828990.0,453000.0,77377.0,27000.0,1386367.0,2518767.0,6481233.0,27.986299999999996,72.0137,72.0137,6.7955555555555565,5.786666666666666,9.211,5.033333333333333,0.8597444444444444,0.3,男性,0,True
2019,45,40～64歳,950,9500000.0,649028.9395747746,1711652.7251027045,696200.0,562200.0,837225.0,475500.0,81221.5,28500.0,1422446.5,2680846.5,6819153.5,28.21943684210526,71.78056315789473,71.78056315789473,7.328421052631579,5.917894736842105,8.812894736842106,5.005263157894737,0.8549631578947368,0.3,男性,0,True
2019,45,40～64歳,1000,10000000.0,683188.3574471312,1801739.7106344262,780700.0,603600.0,845460.0,498000.0,85066.0,30000.0,1458526.0,2842826.0,7157174.0,28.428259999999998,71.57173999999999,71.57173999999999,7.807,6.036,8.4546,4.9799999999999995,0.85066,0.3,男性,0,True
2019,45,40～64歳,1050,10500000.0,717347.7753194878,1891826.6961661465,875500.0,650000.0,853695.0,520500.0,88910.5,31500.0,1494605.5,3020105.5,7479894.5,28.762909523809522,71.23709047619047,71.23709047619047,8.338095238095237,6.190476190476191,8.130428571428572,4.957142857142857,0.8467666666666667,0.3,男性,0,True
2019,45,40～64歳,1100,11000000.0,751507.1931918443,1981913.6816978683,968800.0,695700.0,861930.0,549000.0,93777.0,33000.0,1537707.0,3202207.0,7797793.0,29.110972727272728,70.88902727272726,70.88902727272726,8.807272727272727,6.324545454545455,7.835727272727273,4.990909090909091,0.8525181818181818,0.3,男性,0,True
2019,45,40～64歳,1150,11500000.0,785666.6110642009,2072000.66722959,1073800.0,741300.0,870348.0,577600.0,98660.8,34500.0,1581108.8,3396208.8,8103791.2,29.532250434782608,70.4677495652174,70.4677495652174,9.337391304347827,6.446086956521739,7.568243478260869,5.022608695652174,0.85792,0.3,男性,0,True
2019,45,40～64歳,1200,12000000.0,819826.0289365575,2162087.6527613103,1181100.0,787000.0,878583.0,606100.0,103527.3,36000.0,1624210.3,3592310.3,8407689.7,29.935919166666665,70.06408083333334,70.06408083333334,9.8425,6.558333333333333,7.321524999999999,5.050833333333333,0.8627275,0.3,男性,0,True
2019,45,40～64歳,1250,12500000.0,853985.446808914,2252174.638293032,1295000.0,835500.0,886818.0,610600.0,104305.8,37500.0,1639223.8,3769723.8,8730276.2,30.1577904,69.84220959999999,69.84220959999999,10.36,6.683999999999999,7.094544,4.8848,0.8344464000000001,0.3,男性,0,True
2019,45,40～64歳,1300,13000000.0,888144.8646812704,2342261.623824754,1400700.0,880500.0,895053.0,645100.0,110194.3,39000.0,1689347.3,3970547.3,9029452.7,30.542671538461537,69.45732846153845,69.45732846153845,10.774615384615386,6.773076923076923,6.885023076923077,4.962307692307692,0.8476484615384616,0.3,男性,0,True
2019,45,40～64歳,1350,13500000.0,922304.2825536272,2432348.609356474,1524700.0,925500.0,903288.0,679600.0,116082.8,40500.0,1739470.8,4189670.8,9310329.2,31.034598518518518,68.96540148148148,68.96540148148148,11.294074074074075,6.855555555555555,6.691022222222222,5.034074074074074,0.8598725925925926,0.3,男性,0,True
2019,45,40～64歳,1400,14000000.0,956463.7004259838,2522435.594888196,1676300.0,970500.0,911523.0,714100.0,121971.3,42000.0,1789594.3,4436394.3,9563605.7,31.68853071428571,68.31146928571428,68.31146928571428,11.973571428571429,6.932142857142858,6.510878571428572,5.100714285714285,0.8712235714285714,0.3,男性,0,True
2019,45,40～64歳,1450,14500000.0,990623.1182983401,2612522.5804199176,1839700.0,1019000.0,919758.0,718600.0,122749.8,43500.0,1804607.8,4663307.8,9836692.2,32.16074344827586,67.83925655172413,67.83925655172413,12.687586206896551,7.027586206896553,6.343158620689655,4.9558620689655175,0.8465503448275862,0.3,男性,0,True
2019,45,40～64歳,1500,15000000.0,1024782.5361706968,2702609.565951638,1991400.0,1064000.0,927993.0,753100.0,128638.3,45000.0,1854731.3,4910131.3,10089868.7,32.73420866666667,67.26579133333333,67.26579133333333,13.276,7.093333333333334,6.1866200000000005,5.020666666666666,0.8575886666666668,0.3,男性,0,True
2020,35,20～39歳,200,2000000.0,137356.66564997946,351720.01220024633,28300.0,63100.0,179157.0,97900.0,0.0,6000.0,283057.0,374457.0,1625542.9999999998,18.72285,81.27714999999999,81.27714999999999,1.415,3.1550000000000002,8.95785,4.8950000000000005,0.0,0.30000000000000004,男性,0,True
2020,35,20～39歳,250,2500000.0,171695.83206247436,439650.01525030774,42400.0,90600.0,226737.0,123900.0,0.0,7500.0,358137.0,491137.0,2008863.0,19.645480000000003,80.35452,80.35452,1.696,3.624,9.06948,4.956,0.0,0.3,男性,0,True
2020,35,20～39歳,300,3000000.0,206034.99847496924,527580.0183003691,56900.0,119100.0,267729.0,146300.0,0.0,9000.0,423029.0,599029.0,2400971.0,19.967633333333335,80.03236666666666,80.03236666666666,1.8966666666666667,3.9699999999999998,8.9243,4.876666666666667,0.0,0.3,男性,0,True
2020,35,20～39歳,350,3500000.0,240374.1648874641,615510.0213504309,70700.0,146000.0,319701.0,174700.0,0.0,10500.0,504901.0,721601.0,2778399.0,20.617171428571428,79.38282857142858,79.38282857142858,2.02,4.171428571428572,9.134314285714286,4.991428571428572,0.0,0.3,男性,0,True
2020,35,20～39歳,400,4000000.0,274713.3312999589,703440.0244004927,86400.0,176800.0,371673.0,203100.0,0.0,12000.0,586773.0,849973.0,3150026.9999999995,21.249325000000002,78.75067499999999,78.75067499999999,2.16,4.42,9.291825000000001,5.077500000000001,0.0,0.30000000000000004,男性,0,True
2020,35,20～39歳,450,4500000.0,309052.4977124538,791370.0274505541,109200.0,212000.0,401685.0,219500.0,0.0,13500.0,634685.0,955885.0,3544115.0,21.241888888888887,78.7581111111111,78.7581111111111,2.4266666666666667,4.711111111111111,8.926333333333334,4.877777777777778,0.0,0.3,男性,0,True
2020,35,20～39歳,500,5000000.0,343391.66412494873,879300.0305006155,141700.0,243800.0,453657.0,247900.0,0.0,15000.0,716557.0,1102057.0,3897943.0,22.041140000000002,77.95886,77.95886,2.834,4.8759999999999994,9.07314,4.958,0.0,0.3,男性,0,True
2020,35,20～39歳,550,5500000.0,377730.8305374436,967230.0335506769,174100.0,275600.0,505629.0,276300.0,0.0,16500.0,798429.0,1248129.0,4251871.0,22.693254545454543,77.30674545454545,77.30674545454545,3.1654545454545455,5.010909090909091,9.193254545454547,5.0236363636363635,0.0,0.3,男性,0,True
2020,35,20～39歳,600,6000000.0,412069.9969499385,1055160.0366007383,208300.0,309100.0,546621.0,298700.0,0.0,18000.0,863321.0,1380721.0,4619279.0,23.012016666666664,76.98798333333333,76.98798333333333,3.4716666666666667,5.151666666666667,9.11035,4.9783333333333335,0.0,0.3,男性,0,True
2020,35,20～39歳,650,6500000.0,446409.1633624333,1143090.0396507997,247700.0,342600.0,587613.0,321100.0,0.0,19500.0,928213.0,1518513.0,4981487.0,23.36173846153846,76.63826153846153,76.63826153846153,3.810769230769231,5.270769230769231,9.0402,4.9399999999999995,0.0,0.3,男性,0,True
2020,35,20～39歳,700,7000000.0,480748.3297749282,1231020.0427008618,324300.0,380100.0,628605.0,343500.0,0.0,21000.0,993105.0,1697505.0,5302495.0,24.25007142857143,75.74992857142857,75.74992857142857,4.632857142857143,5.43,8.98007142857143,4.9071428571428575,0.0,0.3,男性,0,True
2020,35,20～39歳,750,7500000.0,515087.49618742306,1318950.0457509232,392700.0,413600.0,702537.0,383900.0,0.0,22500.0,1108937.0,1915237.0,5584763.0,25.536493333333333,74.46350666666667,74.46350666666667,5.236,5.514666666666666,9.36716,5.118666666666667,0.0,0.3,男性,0,True
2020,35,20～39歳,800,8000000.0,549426.6625999179,1406880.0488009853,471300.0,452100.0,743529.0,406300.0,0.0,24000.0,1173829.0,2097229.0,5902770.999999999,26.215362500000005,73.78463749999999,73.78463749999999,5.89125,5.651250000000001,9.2941125,5.07875,0.0,0.30000000000000004,男性,0,True
2020,35,20～39歳,850,8500000.0,583765.8290124128,1494810.0518510467,550000.0,490600.0,784521.0,428700.0,0.0,25500.0,1238721.0,2279321.0,6220679.0,26.815541176470585,73.18445882352941,73.18445882352941,6.470588235294119,5.771764705882353,9.229658823529412,5.043529411764705,0.0,0.3,男性,0,True
2020,35,20～39歳,900,9000000.0,618104.9954249077,1582740.0549011081,638800.0,534100.0,825513.0,451100.0,0.0,27000.0,1303613.0,2476513.0,6523487.0,27.51681111111111,72.48318888888889,72.48318888888889,7.097777777777778,5.934444444444444,9.172366666666667,5.012222222222222,0.0,0.3,男性,0,True
2020,35,20～39歳,950,9500000.0,652444.1618374025,1670670.0579511696,732100.0,579800.0,844545.0,473500.0,0.0,28500.0,1346545.0,2658445.0,6841555.0,27.98363157894737,72.01636842105263,72.01636842105263,7.706315789473685,6.103157894736842,8.889947368421053,4.984210526315789,0.0,0.3,男性,0,True
2020,35,20～39歳,1000,10000000.0,686783.3282498975,1758600.061001231,827700.0,626600.0,852597.0,495900.0,0.0,30000.0,1378497.0,2832797.0,7167203.0,28.32797,71.67202999999999,71.67202999999999,8.277,6.265999999999999,8.52597,4.9590000000000005,0.0,0.3,男性,0,True
2020,35,20～39歳,1050,10500000.0,721122.4946623923,1846530.0640512924,923200.0,673400.0,860649.0,518300.0,0.0,31500.0,1410449.0,3007049.0,7492951.0,28.638561904761907,71.3614380952381,71.3614380952381,8.792380952380952,6.413333333333333,8.196657142857143,4.936190476190476,0.0,0.3,男性,0,True
2020,35,20～39歳,1100,11000000.0,755461.6610748871,1934460.0671013538,1022800.0,719600.0,868701.0,546700.0,0.0,33000.0,1448401.0,3190801.0,7809199.0,29.007281818181816,70.99271818181818,70.99271818181818,9.298181818181819,6.541818181818182,7.897281818181819,4.97,0.0,0.3,男性,0,True
2020,35,20～39歳,1150,11500000.0,789800.8274873821,2022390.0701514152,1131300.0,765800.0,876753.0,575100.0,0.0,34500.0,1486353.0,3383453.0,8116547.0,29.42133043478261,70.57866956521738,70.57866956521738,9.837391304347825,6.659130434782609,7.623939130434783,5.000869565217391,0.0,0.3,男性,0,True
2020,35,20～39歳,1200,12000000.0,824139.993899877,2110320.0732014766,1239800.0,812000.0,884805.0,603500.0,0.0,36000.0,1524305.0,3576105.0,8423895.0,29.800874999999998,70.199125,70.199125,10.331666666666667,6.766666666666667,7.373375,5.029166666666667,0.0,0.3,男性,0,True
2020,35,20～39歳,1250,12500000.0,858479.1603123718,2198250.076251538,1346900.0,857600.0,892857.0,637900.0,0.0,37500.0,1568257.0,3772757.0,8727243.0,30.182056000000003,69.817944,69.817944,10.7752,6.8608,7.142856,5.1032,0.0,0.3,男性,0,True
2020,35,20～39歳,1300,13000000.0,892818.3267248666,2286180.0793015994,1461000.0,906200.0,900909.0,642300.0,0.0,39000.0,1582209.0,3949409.0,9050591.0,30.38006923076923,69.61993076923076,69.61993076923076,11.23846153846154,6.97076923076923,6.930069230769231,4.940769230769231,0.0,0.3,男性,0,True
2020,35,20～39歳,1350,13500000.0,927157.4931373615,2374110.082351662,1613300.0,951800.0,908961.0,676700.0,0.0,40500.0,1626161.0,4191261.0,9308739.0,31.046377777777778,68.95362222222222,68.95362222222222,11.95037037037037,7.050370370370371,6.733044444444444,5.0125925925925925,0.0,0.3,男性,0,True
2020,35,20～39歳,1400,14000000.0,961496.6595498564,2462040.0854017236,1767000.0,997400.0,917013.0,711100.0,0.0,42000.0,1670113.0,4434513.0,9565487.0,31.675092857142857,68.32490714285714,68.32490714285714,12.621428571428572,7.1242857142857146,6.550092857142857,5.079285714285714,0.0,0.3,男性,0,True
2020,35,20～39歳,1450,14500000.0,995835.8259623512,2549970.088451785,1931000.0,1046100.0,924882.0,715400.0,0.0,43500.0,1683782.0,4660882.0,9839118.0,32.14401379310345,67.85598620689656,67.85598620689656,13.317241379310346,7.21448275862069,6.378496551724138,4.933793103448276,0.0,0.3,男性,0,True
2020,35,20～39歳,1500,15000000.0,1030174.9923748461,2637900.0915018464,2084700.0,1091700.0,932934.0,749800.0,0.0,45000.0,1727734.0,4904134.0,10095866.0,32.694226666666665,67.30577333333333,67.30577333333333,13.898,7.278,6.2195599999999995,4.998666666666667,0.0,0.3,男性,0,True
2020,45,40～64歳,200,2000000.0,137356.66564997946,351720.01220024633,27500.0,61400.0,179157.0,97900.0,17443.7,6000.0,300500.7,389400.7,1610599.2999999998,19.470035000000003,80.529965,80.529965,1.3750000000000002,3.0700000000000003,8.95785,4.8950000000000005,0.8721850000000001,0.30000000000000004,男性,0,True
2020,45,40～64歳,250,2500000.0,171695.83206247436,439650.01525030774,41200.0,88400.0,226737.0,123900.0,22076.1,7500.0,380213.1,509813.1,1990186.9,20.392523999999998,79.607476,79.607476,1.6480000000000001,3.5360000000000005,9.06948,4.956,0.883044,0.3,男性,0,True
2020,45,40～64歳,300,3000000.0,206034.99847496924,527580.0183003691,55600.0,116500.0,267729.0,146300.0,26067.7,9000.0,449096.7,621196.7,2378803.3,20.706556666666664,79.29344333333333,79.29344333333333,1.8533333333333333,3.883333333333333,8.9243,4.876666666666667,0.8689233333333334,0.3,男性,0,True
2020,45,40～64歳,350,3500000.0,240374.1648874641,615510.0213504309,69000.0,142800.0,319701.0,174700.0,31127.3,10500.0,536028.3,747828.3,2752171.7,21.366522857142858,78.63347714285715,78.63347714285715,1.9714285714285715,4.08,9.134314285714286,4.991428571428572,0.8893514285714286,0.3,男性,0,True
2020,45,40～64歳,400,4000000.0,274713.3312999589,703440.0244004927,84500.0,173200.0,371673.0,203100.0,36186.9,12000.0,622959.9,880659.9,3119340.0999999996,22.016497500000003,77.9835025,77.9835025,2.1125000000000003,4.33,9.291825000000001,5.077500000000001,0.9046725000000002,0.30000000000000004,男性,0,True
2020,45,40～64歳,450,4500000.0,309052.4977124538,791370.0274505541,105200.0,208100.0,401685.0,219500.0,39110.5,13500.0,673795.5,987095.5,3512904.5,21.935455555555556,78.06454444444444,78.06454444444444,2.3377777777777777,4.624444444444444,8.926333333333334,4.877777777777778,0.8691222222222221,0.3,男性,0,True
2020,45,40～64歳,500,5000000.0,343391.66412494873,879300.0305006155,137200.0,239400.0,453657.0,247900.0,44170.1,15000.0,760727.1,1137327.1,3862672.9,22.746542,77.253458,77.253458,2.7439999999999998,4.788,9.07314,4.958,0.883402,0.3,男性,0,True
2020,45,40～64歳,550,5500000.0,377730.8305374436,967230.0335506769,169100.0,270700.0,505629.0,276300.0,49229.7,16500.0,847658.7,1287458.7,4212541.3,23.40834,76.59165999999999,76.59165999999999,3.0745454545454542,4.921818181818182,9.193254545454547,5.0236363636363635,0.8950854545454545,0.3,男性,0,True
2020,45,40～64歳,600,6000000.0,412069.9969499385,1055160.0366007383,202900.0,303800.0,546621.0,298700.0,53221.3,18000.0,916542.3,1423242.3,4576757.7,23.720705,76.279295,76.279295,3.381666666666667,5.0633333333333335,9.11035,4.9783333333333335,0.8870216666666666,0.3,男性,0,True
2020,45,40～64歳,650,6500000.0,446409.1633624333,1143090.0396507997,236700.0,336900.0,587613.0,321100.0,57212.9,19500.0,985425.9,1559025.9,4940974.1,23.985013846153844,76.01498615384615,76.01498615384615,3.6415384615384614,5.183076923076923,9.0402,4.9399999999999995,0.8801984615384615,0.3,男性,0,True
2020,45,40～64歳,700,7000000.0,480748.3297749282,1231020.0427008618,311900.0,374000.0,628605.0,343500.0,61204.5,21000.0,1054309.5,1740209.5,5259790.5,24.860135714285715,75.13986428571428,75.13986428571428,4.4557142857142855,5.3428571428571425,8.98007142857143,4.9071428571428575,0.87435,0.3,男性,0,True
2020,45,40～64歳,750,7500000.0,515087.49618742306,1318950.0457509232,378600.0,406700.0,702537.0,383900.0,68400.1,22500.0,1177337.1,1962637.1,5537362.9,26.16849466666667,73.83150533333334,73.83150533333334,5.048,5.422666666666666,9.36716,5.118666666666667,0.9120013333333334,0.3,男性,0,True
2020,45,40～64歳,800,8000000.0,549426.6625999179,1406880.0488009853,456400.0,444800.0,743529.0,406300.0,72391.7,24000.0,1246220.7,2147420.7,5852579.299999999,26.842758750000005,73.15724125,73.15724125,5.705,5.5600000000000005,9.2941125,5.07875,0.9048962500000001,0.30000000000000004,男性,0,True
2020,45,40～64歳,850,8500000.0,583765.8290124128,1494810.0518510467,534200.0,482900.0,784521.0,428700.0,76383.3,25500.0,1315104.3,2332204.3,6167795.7,27.437697647058823,72.56230235294117,72.56230235294117,6.284705882352941,5.681176470588236,9.229658823529412,5.043529411764705,0.8986270588235294,0.3,男性,0,True
2020,45,40～64歳,900,9000000.0,618104.9954249077,1582740.0549011081,622500.0,526100.0,825513.0,451100.0,80374.9,27000.0,1383987.9,2532587.9,6467412.1,28.139865555555556,71.86013444444444,71.86013444444444,6.916666666666667,5.845555555555555,9.172366666666667,5.012222222222222,0.8930544444444444,0.3,男性,0,True
2020,45,40～64歳,950,9500000.0,652444.1618374025,1670670.0579511696,715000.0,571400.0,844545.0,473500.0,84366.5,28500.0,1430911.5,2717311.5,6782688.5,28.60327894736842,71.39672105263159,71.39672105263159,7.526315789473684,6.014736842105263,8.889947368421053,4.984210526315789,0.8880684210526315,0.3,男性,0,True
2020,45,40～64歳,1000,10000000.0,686783.3282498975,1758600.061001231,809700.0,617800.0,852597.0,495900.0,88358.1,30000.0,1466855.1,2894355.1,7105644.9,28.943551,71.056449,71.056449,8.097,6.178,8.52597,4.9590000000000005,0.8835810000000002,0.3,男性,0,True
2020,45,40～64歳,1050,10500000.0,721122.4946623923,1846530.0640512924,904500.0,664200.0,860649.0,518300.0,92349.7,31500.0,1502798.7,3071498.7,7428501.3,29.252368571428573,70.74763142857142,70.74763142857142,8.614285714285714,6.325714285714286,8.196657142857143,4.936190476190476,0.8795209523809524,0.3,男性,0,True
2020,45,40～64歳,1100,11000000.0,755461.6610748871,1934460.0671013538,1000000.0,709900.0,868701.0,546700.0,97409.3,33000.0,1545810.3,3255710.3,7744289.7,29.59736636363636,70.40263363636365,70.40263363636365,9.090909090909092,6.453636363636364,7.897281818181819,4.97,0.885539090909091,0.3,男性,0,True
2020,45,40～64歳,1150,11500000.0,789800.8274873821,2022390.0701514152,1107400.0,755600.0,876753.0,575100.0,102468.9,34500.0,1588821.9,3451821.9,8048178.1,30.015842608695653,69.98415739130435,69.98415739130435,9.629565217391304,6.570434782608696,7.623939130434783,5.000869565217391,0.8910339130434782,0.3,男性,0,True
2020,45,40～64歳,1200,12000000.0,824139.993899877,2110320.0732014766,1214700.0,801300.0,884805.0,603500.0,107528.5,36000.0,1631833.5,3647833.5,8352166.5,30.3986125,69.6013875,69.6013875,10.122499999999999,6.6775,7.373375,5.029166666666667,0.8960708333333333,0.3,男性,0,True
2020,45,40～64歳,1250,12500000.0,858479.1603123718,2198250.076251538,1320300.0,846300.0,892857.0,637900.0,113656.1,37500.0,1681913.1,3848513.1,8651486.9,30.7881048,69.2118952,69.2118952,10.5624,6.7704,7.142856,5.1032,0.9092488000000001,0.3,男性,0,True
2020,45,40～64歳,1300,13000000.0,892818.3267248666,2286180.0793015994,1434200.0,894800.0,900909.0,642300.0,114443.7,39000.0,1696652.7,4025652.7,8974347.3,30.96655923076923,69.03344076923076,69.03344076923076,11.032307692307693,6.883076923076923,6.930069230769231,4.940769230769231,0.8803361538461538,0.3,男性,0,True
2020,45,40～64歳,1350,13500000.0,927157.4931373615,2374110.082351662,1572900.0,939800.0,908961.0,676700.0,120571.3,40500.0,1746732.3,4259432.3,9240567.7,31.55135037037037,68.44864962962961,68.44864962962961,11.65111111111111,6.961481481481481,6.733044444444444,5.0125925925925925,0.8931207407407408,0.3,男性,0,True
2020,45,40～64歳,1400,14000000.0,961496.6595498564,2462040.0854017236,1724500.0,984800.0,917013.0,711100.0,126698.9,42000.0,1796811.9,4506111.9,9493888.1,32.18651357142858,67.81348642857142,67.81348642857142,12.317857142857143,7.034285714285714,6.550092857142857,5.079285714285714,0.9049921428571427,0.3,男性,0,True
2020,45,40～64歳,1450,14500000.0,995835.8259623512,2549970.088451785,1887900.0,1033300.0,924882.0,715400.0,127468.6,43500.0,1811250.6,4732450.6,9767549.4,32.637590344827586,67.36240965517241,67.36240965517241,13.020000000000001,7.126206896551725,6.378496551724138,4.933793103448276,0.8790937931034483,0.3,男性,0,True
2020,45,40～64歳,1500,15000000.0,1030174.9923748461,2637900.0915018464,2039500.0,1078300.0,932934.0,749800.0,133596.2,45000.0,1861330.2,4979130.2,10020869.8,33.19420133333333,66.80579866666667,66.80579866666667,13.596666666666668,7.188666666666667,6.2195599999999995,4.998666666666667,0.8906413333333333,0.3,男性,0,True
2021,35,20～39歳,200,2000000.0,137686.10383783,347766.7539460397,28400.0,63200.0,178791.0,97700.0,0.0,6000.0,282491.0,374091.0,1625909.0,18.70455,81.29545,81.29545,1.4200000000000002,3.16,8.93955,4.885,0.0,0.3,男性,0,True
2021,35,20～39歳,250,2500000.0,172107.62979728755,434708.44243254955,42400.0,90700.0,226371.0,123700.0,0.0,7500.0,357571.0,490671.0,2009329.0,19.62684,80.37316,80.37316,1.696,3.628,9.05484,4.948,0.0,0.3,男性,0,True
2021,35,20～39歳,300,3000000.0,206529.15575674505,521650.1309190594,57000.0,119200.0,267180.0,146000.0,0.0,9000.0,422180.0,598380.0,2401620.0,19.946,80.054,80.054,1.9,3.9733333333333336,8.906,4.866666666666666,0.0,0.3,男性,0,True
2021,35,20～39歳,350,3500000.0,240950.68171620258,608591.8194055692,70700.0,146000.0,319152.0,174400.0,0.0,10500.0,504052.0,720752.0,2779248.0000000005,20.592914285714283,79.40708571428571,79.40708571428571,2.0199999999999996,4.171428571428571,9.118628571428571,4.982857142857142,0.0,0.3,男性,0,True
2021,35,20～39歳,400,4000000.0,275372.20767566,695533.5078920794,86400.0,176900.0,370941.0,202700.0,0.0,12000.0,585641.0,848941.0,3151059.0,21.223525,78.776475,78.776475,2.16,4.4225,9.273525000000001,5.0675,0.0,0.3,男性,0,True
2021,35,20～39歳,450,4500000.0,309793.7336351176,782475.1963785889,109300.0,212100.0,400953.0,219100.0,0.0,13500.0,633553.0,954953.0,3545047.0,21.22117777777778,78.77882222222222,78.77882222222222,2.428888888888889,4.713333333333333,8.910066666666665,4.868888888888889,0.0,0.3,男性,0,True
2021,35,20～39歳,500,5000000.0,344215.2595945751,869416.8848650991,141800.0,243900.0,452742.0,247400.0,0.0,15000.0,715142.0,1100842.0,3899158.0,22.01684,77.98316,77.98316,2.836,4.878,9.05484,4.948,0.0,0.3,男性,0,True
2021,35,20～39歳,550,5500000.0,378636.7855540326,956358.5733516086,174200.0,275700.0,504714.0,275800.0,0.0,16500.0,797014.0,1246914.0,4253086.0,22.671163636363637,77.32883636363637,77.32883636363637,3.1672727272727275,5.012727272727273,9.176618181818181,5.014545454545455,0.0,0.3,男性,0,True
2021,35,20～39歳,600,6000000.0,413058.3115134901,1043300.2618381188,208500.0,309300.0,545523.0,298100.0,0.0,18000.0,861623.0,1379423.0,4620577.0,22.990383333333334,77.00961666666667,77.00961666666667,3.4750000000000005,5.155,9.09205,4.968333333333334,0.0,0.3,男性,0,True
2021,35,20～39歳,650,6500000.0,447479.83747294755,1130241.950324629,248200.0,342800.0,586515.0,320500.0,0.0,19500.0,926515.0,1517515.0,4982485.0,23.346384615384615,76.65361538461538,76.65361538461538,3.8184615384615386,5.273846153846154,9.023307692307693,4.930769230769231,0.0,0.3,男性,0,True
2021,35,20～39歳,700,7000000.0,481901.36343240517,1217183.6388111385,324700.0,380300.0,627324.0,342800.0,0.0,21000.0,991124.0,1696124.0,5303876.000000001,24.230342857142855,75.76965714285716,75.76965714285716,4.638571428571428,5.432857142857142,8.961771428571428,4.897142857142856,0.0,0.3,男性,0,True
2021,35,20～39歳,750,7500000.0,516322.8893918626,1304125.3272976486,393100.0,413800.0,701256.0,383200.0,0.0,22500.0,1106956.0,1913856.0,5586144.0,25.518079999999998,74.48192,74.48192,5.241333333333333,5.517333333333333,9.35008,5.109333333333333,0.0,0.3,男性,0,True
2021,35,20～39歳,800,8000000.0,550744.41535132,1391067.0157841588,471800.0,452300.0,742065.0,405500.0,0.0,24000.0,1171565.0,2095665.0,5904335.0,26.1958125,73.8041875,73.8041875,5.8975,5.65375,9.275812499999999,5.0687500000000005,0.0,0.3,男性,0,True
2021,35,20～39歳,850,8500000.0,585165.9413107777,1478008.7042706683,550400.0,490800.0,783057.0,427900.0,0.0,25500.0,1236457.0,2277657.0,6222343.0,26.79596470588235,73.20403529411765,73.20403529411765,6.475294117647058,5.774117647058823,9.212435294117647,5.034117647058824,0.0,0.3,男性,0,True
2021,35,20～39歳,900,9000000.0,619587.4672702352,1564950.3927571778,639200.0,534300.0,823866.0,450200.0,0.0,27000.0,1301066.0,2474566.0,6525434.0,27.49517777777778,72.50482222222222,72.50482222222222,7.102222222222222,5.9366666666666665,9.154066666666667,5.002222222222223,0.0,0.3,男性,0,True
2021,35,20～39歳,950,9500000.0,654008.9932296926,1651892.0812436887,728200.0,577900.0,864675.0,472500.0,0.0,28500.0,1365675.0,2671775.0,6828225.0,28.123947368421053,71.87605263157894,71.87605263157894,7.665263157894738,6.083157894736843,9.101842105263158,4.973684210526316,0.0,0.3,男性,0,True
2021,35,20～39歳,1000,10000000.0,688430.5191891502,1738833.7697301982,823800.0,624700.0,872727.0,494900.0,0.0,30000.0,1397627.0,2846127.0,7153873.0,28.46127,71.53873,71.53873,8.238,6.247,8.727269999999999,4.949,0.0,0.3,男性,0,True
2021,35,20～39歳,1050,10500000.0,722852.0451486077,1825775.4582167077,919400.0,671500.0,880596.0,517200.0,0.0,31500.0,1429296.0,3020196.0,7479804.0,28.763771428571427,71.23622857142857,71.23622857142857,8.756190476190476,6.395238095238096,8.386628571428572,4.925714285714286,0.0,0.3,男性,0,True
2021,35,20～39歳,1100,11000000.0,757273.5711080652,1912717.1467032172,1018400.0,717700.0,888648.0,545600.0,0.0,33000.0,1467248.0,3203348.0,7796652.0,29.121345454545455,70.87865454545454,70.87865454545454,9.258181818181818,6.524545454545455,8.07861818181818,4.96,0.0,0.3,男性,0,True
2021,35,20～39歳,1150,11500000.0,791695.0970675227,1999658.835189728,1127100.0,764000.0,896517.0,573900.0,0.0,34500.0,1504917.0,3396017.0,8103983.0,29.530582608695653,70.46941739130435,70.46941739130435,9.800869565217392,6.643478260869565,7.7958,4.990434782608696,0.0,0.3,男性,0,True
2021,35,20～39歳,1200,12000000.0,826116.6230269802,2086600.5236762376,1235600.0,810200.0,904569.0,602300.0,0.0,36000.0,1542869.0,3588669.0,8411331.0,29.905575000000002,70.094425,70.094425,10.296666666666667,6.751666666666667,7.538074999999999,5.019166666666667,0.0,0.3,男性,0,True
2021,35,20～39歳,1250,12500000.0,860538.1489864377,2173542.212162747,1342700.0,855800.0,912438.0,636600.0,0.0,37500.0,1586538.0,3785038.0,8714962.0,30.280304,69.719696,69.719696,10.7416,6.8464,7.299504,5.0928,0.0,0.3,男性,0,True
2021,35,20～39歳,1300,13000000.0,894959.6749458951,2260483.900649258,1456800.0,904400.0,920490.0,641000.0,0.0,39000.0,1600490.0,3961690.0,9038310.0,30.474538461538465,69.52546153846154,69.52546153846154,11.206153846153846,6.956923076923077,7.080692307692307,4.930769230769231,0.0,0.3,男性,0,True
2021,35,20～39歳,1350,13500000.0,929381.2009053527,2347425.5891357674,1607300.0,950000.0,928359.0,675300.0,0.0,40500.0,1644159.0,4201459.0,9298541.0,31.12191851851852,68.87808148148147,68.87808148148147,11.905925925925926,7.037037037037037,6.876733333333333,5.002222222222223,0.0,0.3,男性,0,True
2021,35,20～39歳,1400,14000000.0,963802.7268648103,2434367.277622277,1760900.0,995600.0,936411.0,709700.0,0.0,42000.0,1688111.0,4444611.0,9555389.000000002,31.747221428571425,68.25277857142858,68.25277857142858,12.577857142857141,7.11142857142857,6.688649999999999,5.069285714285714,0.0,0.3,男性,0,True
2021,35,20～39歳,1450,14500000.0,998224.2528242677,2521308.9661087864,1925000.0,1044300.0,944280.0,714000.0,0.0,43500.0,1701780.0,4671080.0,9828919.999999998,32.21434482758621,67.78565517241378,67.78565517241378,13.27586206896552,7.202068965517243,6.512275862068967,4.924137931034483,0.0,0.30000000000000004,男性,0,True
2021,35,20～39歳,1500,15000000.0,1032645.7787837252,2608250.6545952973,2078600.0,1089900.0,952332.0,748400.0,0.0,45000.0,1745732.0,4914232.0,10085768.0,32.76154666666667,67.23845333333334,67.23845333333334,13.857333333333333,7.266,6.348879999999999,4.989333333333333,0.0,0.3,男性,0,True
2021,45,40～64歳,200,2000000.0,137686.10383783,347766.7539460397,27500.0,61400.0,178791.0,97700.0,17572.6,6000.0,300063.6,388963.6,1611036.4,19.448179999999997,80.55181999999999,80.55181999999999,1.375,3.0700000000000003,8.93955,4.885,0.8786299999999999,0.3,男性,0,True
2021,45,40～64歳,250,2500000.0,172107.62979728755,434708.44243254955,41300.0,88500.0,226371.0,123700.0,22249.0,7500.0,379820.0,509620.0,1990380.0,20.3848,79.6152,79.6152,1.652,3.54,9.05484,4.948,0.8899600000000001,0.3,男性,0,True
2021,45,40～64歳,300,3000000.0,206529.15575674505,521650.1309190594,55600.0,116600.0,267180.0,146000.0,26260.0,9000.0,448440.0,620640.0,2379360.0,20.688000000000002,79.31200000000001,79.31200000000001,1.8533333333333333,3.8866666666666667,8.906,4.866666666666666,0.8753333333333333,0.3,男性,0,True
2021,45,40～64歳,350,3500000.0,240950.68171620258,608591.8194055692,69100.0,142900.0,319152.0,174400.0,31368.0,10500.0,535420.0,747420.0,2752580.0000000005,21.35485714285714,78.64514285714286,78.64514285714286,1.9742857142857142,4.082857142857142,9.118628571428571,4.982857142857142,0.8962285714285713,0.3,男性,0,True
2021,45,40～64歳,400,4000000.0,275372.20767566,695533.5078920794,84500.0,173200.0,370941.0,202700.0,36458.0,12000.0,622099.0,879799.0,3120201.0,21.994975,78.00502499999999,78.00502499999999,2.1125000000000003,4.33,9.273525000000001,5.0675,0.91145,0.3,男性,0,True
2021,45,40～64歳,450,4500000.0,309793.7336351176,782475.1963785889,105300.0,208200.0,400953.0,219100.0,39408.0,13500.0,672961.0,986461.0,3513539.0,21.921355555555554,78.07864444444445,78.07864444444445,2.34,4.626666666666666,8.910066666666665,4.868888888888889,0.8757333333333334,0.3,男性,0,True
2021,45,40～64歳,500,5000000.0,344215.2595945751,869416.8848650991,137300.0,239500.0,452742.0,247400.0,44498.0,15000.0,759640.0,1136440.0,3863560.0,22.7288,77.2712,77.2712,2.746,4.79,9.05484,4.948,0.8899600000000001,0.3,男性,0,True
2021,45,40～64歳,550,5500000.0,378636.7855540326,956358.5733516086,169200.0,270800.0,504714.0,275800.0,49606.0,16500.0,846620.0,1286620.0,4213380.0,23.39309090909091,76.6069090909091,76.6069090909091,3.0763636363636366,4.923636363636364,9.176618181818181,5.014545454545455,0.9019272727272727,0.3,男性,0,True
2021,45,40～64歳,600,6000000.0,413058.3115134901,1043300.2618381188,203000.0,303900.0,545523.0,298100.0,53617.0,18000.0,915240.0,1422140.0,4577860.0,23.702333333333332,76.29766666666666,76.29766666666666,3.3833333333333333,5.065,9.09205,4.968333333333334,0.8936166666666667,0.3,男性,0,True
2021,45,40～64歳,650,6500000.0,447479.83747294755,1130241.950324629,236800.0,337000.0,586515.0,320500.0,57646.0,19500.0,984161.0,1557961.0,4942039.0,23.96863076923077,76.03136923076923,76.03136923076923,3.643076923076923,5.184615384615385,9.023307692307693,4.930769230769231,0.8868615384615385,0.3,男性,0,True
2021,45,40～64歳,700,7000000.0,481901.36343240517,1217183.6388111385,312300.0,374200.0,627324.0,342800.0,61657.0,21000.0,1052781.0,1739281.0,5260719.000000001,24.846871428571426,75.15312857142857,75.15312857142857,4.461428571428571,5.345714285714285,8.961771428571428,4.897142857142856,0.8808142857142857,0.3,男性,0,True
2021,45,40～64歳,750,7500000.0,516322.8893918626,1304125.3272976486,379000.0,406900.0,701256.0,383200.0,68923.0,22500.0,1175879.0,1961779.0,5538221.0,26.157053333333337,73.84294666666666,73.84294666666666,5.053333333333334,5.425333333333334,9.35008,5.109333333333333,0.9189733333333333,0.3,男性,0,True
2021,45,40～64歳,800,8000000.0,550744.41535132,1391067.0157841588,456800.0,445000.0,742065.0,405500.0,72934.0,24000.0,1244499.0,2146299.0,5853701.0,26.8287375,73.1712625,73.1712625,5.71,5.5625,9.275812499999999,5.0687500000000005,0.911675,0.3,男性,0,True
2021,45,40～64歳,850,8500000.0,585165.9413107777,1478008.7042706683,534600.0,483100.0,783057.0,427900.0,76963.0,25500.0,1313420.0,2331120.0,6168880.0,27.42494117647059,72.57505882352942,72.57505882352942,6.289411764705882,5.683529411764706,9.212435294117647,5.034117647058824,0.9054470588235294,0.3,男性,0,True
2021,45,40～64歳,900,9000000.0,619587.4672702352,1564950.3927571778,622700.0,526200.0,823866.0,450200.0,80974.0,27000.0,1382040.0,2530940.0,6469060.0,28.121555555555556,71.87844444444444,71.87844444444444,6.918888888888889,5.846666666666667,9.154066666666667,5.002222222222223,0.8997111111111112,0.3,男性,0,True
2021,45,40～64歳,950,9500000.0,654008.9932296926,1651892.0812436887,710900.0,569400.0,864675.0,472500.0,84985.0,28500.0,1450660.0,2730960.0,6769040.0,28.746947368421054,71.25305263157895,71.25305263157895,7.483157894736841,5.9936842105263155,9.101842105263158,4.973684210526316,0.894578947368421,0.3,男性,0,True
2021,45,40～64歳,1000,10000000.0,688430.5191891502,1738833.7697301982,805600.0,615800.0,872727.0,494900.0,89014.0,30000.0,1486641.0,2908041.0,7091959.0,29.08041,70.91959,70.91959,8.056000000000001,6.158,8.727269999999999,4.949,0.89014,0.3,男性,0,True
2021,45,40～64歳,1050,10500000.0,722852.0451486077,1825775.4582167077,900400.0,662200.0,880596.0,517200.0,93025.0,31500.0,1522321.0,3084921.0,7415079.0,29.380200000000002,70.6198,70.6198,8.575238095238095,6.306666666666666,8.386628571428572,4.925714285714286,0.885952380952381,0.3,男性,0,True
2021,45,40～64歳,1100,11000000.0,757273.5711080652,1912717.1467032172,995300.0,707900.0,888648.0,545600.0,98133.0,33000.0,1565381.0,3268581.0,7731419.0,29.714372727272725,70.28562727272727,70.28562727272727,9.048181818181817,6.4354545454545455,8.07861818181818,4.96,0.8921181818181818,0.3,男性,0,True
2021,45,40～64歳,1150,11500000.0,791695.0970675227,1999658.835189728,1102700.0,753600.0,896517.0,573900.0,103223.0,34500.0,1608140.0,3464440.0,8035560.0,30.125565217391305,69.8744347826087,69.8744347826087,9.588695652173913,6.55304347826087,7.7958,4.990434782608696,0.8975913043478261,0.3,男性,0,True
2021,45,40～64歳,1200,12000000.0,826116.6230269802,2086600.5236762376,1210000.0,799300.0,904569.0,602300.0,108331.0,36000.0,1651200.0,3660500.0,8339500.0,30.504166666666666,69.49583333333334,69.49583333333334,10.083333333333332,6.660833333333334,7.538074999999999,5.019166666666667,0.9027583333333333,0.3,男性,0,True
2021,45,40～64歳,1250,12500000.0,860538.1489864377,2173542.212162747,1315700.0,844300.0,912438.0,636600.0,114500.0,37500.0,1701038.0,3861038.0,8638962.0,30.888303999999998,69.111696,69.111696,10.5256,6.7544,7.299504,5.0928,0.9159999999999999,0.3,男性,0,True
2021,45,40～64歳,1300,13000000.0,894959.6749458951,2260483.900649258,1429800.0,892900.0,920490.0,641000.0,115292.0,39000.0,1715782.0,4038482.0,8961518.0,31.065246153846154,68.93475384615385,68.93475384615385,10.99846153846154,6.868461538461538,7.080692307692307,4.930769230769231,0.8868615384615385,0.3,男性,0,True
2021,45,40～64歳,1350,13500000.0,929381.2009053527,2347425.5891357674,1566500.0,937900.0,928359.0,675300.0,121461.0,40500.0,1765620.0,4270020.0,9229980.0,31.62977777777778,68.37022222222222,68.37022222222222,11.603703703703703,6.9474074074074075,6.876733333333333,5.002222222222223,0.8997111111111112,0.3,男性,0,True
2021,45,40～64歳,1400,14000000.0,963802.7268648103,2434367.277622277,1718100.0,982900.0,936411.0,709700.0,127648.0,42000.0,1815759.0,4516759.0,9483241.000000002,32.26256428571428,67.73743571428572,67.73743571428572,12.272142857142855,7.020714285714284,6.688649999999999,5.069285714285714,0.9117714285714285,0.3,男性,0,True
2021,45,40～64歳,1450,14500000.0,998224.2528242677,2521308.9661087864,1881500.0,1031400.0,944280.0,714000.0,128422.0,43500.0,1830202.0,4743102.0,9756897.999999998,32.711048275862076,67.28895172413793,67.28895172413793,12.975862068965519,7.113103448275863,6.512275862068967,4.924137931034483,0.8856689655172415,0.30000000000000004,男性,0,True
2021,45,40～64歳,1500,15000000.0,1032645.7787837252,2608250.6545952973,2033100.0,1076400.0,952332.0,748400.0,134609.0,45000.0,1880341.0,4989841.0,10010159.0,33.26560666666667,66.73439333333333,66.73439333333333,13.553999999999998,7.176,6.348879999999999,4.989333333333333,0.8973933333333333,0.3,男性,0,True
2022,35,20～39歳,200,2000000.0,136934.79257395613,356782.4891125263,28200.0,62900.0,179706.0,98200.0,0.0,7178.3912445563,285084.3912445563,376184.3912445563,1623815.6087554437,18.809219562227813,81.19078043777218,81.19078043777218,1.41,3.145,8.9853,4.91,0.0,0.358919562227815,男性,0,True
2022,35,20～39歳,250,2500000.0,171168.49071744518,445978.11139065796,42300.0,90400.0,227286.0,124200.0,0.0,8972.9890556953,360458.9890556953,493158.9890556953,2006841.0109443048,19.726359562227813,80.27364043777219,80.27364043777219,1.6920000000000002,3.6159999999999997,9.09144,4.968,0.0,0.358919562227812,男性,0,True
2022,35,20～39歳,300,3000000.0,205402.1888609342,535173.7336687896,56800.0,118900.0,268461.0,146700.0,0.0,10767.5868668344,425928.5868668344,601628.5868668344,2398371.413133166,20.05428622889448,79.94571377110553,79.94571377110553,1.8933333333333333,3.9633333333333334,8.9487,4.89,0.0,0.3589195622278133,男性,0,True
2022,35,20～39歳,350,3500000.0,239635.88700442325,624369.3559469213,70500.0,145600.0,320616.0,175200.0,0.0,12562.1846779735,508378.1846779734,724478.1846779734,2775521.815322027,20.69937670508495,79.30062329491506,79.30062329491506,2.014285714285714,4.159999999999999,9.16045714285714,5.0057142857142845,0.0,0.35891956222781424,男性,0,True
2022,35,20～39歳,400,4000000.0,273869.58514791226,713564.9782250526,86200.0,176400.0,372588.0,203600.0,0.0,14356.7824891125,590544.7824891126,853144.7824891126,3146855.2175108874,21.328619562227814,78.67138043777219,78.67138043777219,2.155,4.41,9.3147,5.09,0.0,0.3589195622278125,男性,0,True
2022,35,20～39歳,450,4500000.0,308103.2832914013,802760.6005031846,108700.0,211500.0,402783.0,220100.0,0.0,16151.3803002516,639034.3803002515,959234.3803002515,3540765.6196997482,21.31631956222781,78.68368043777218,78.68368043777218,2.4155555555555557,4.7,8.950733333333332,4.891111111111111,0.0,0.35891956222781335,男性,0,True
2022,35,20～39歳,500,5000000.0,342336.98143489036,891956.2227813159,141200.0,243300.0,454755.0,248500.0,0.0,17945.9781113907,721200.9781113906,1105700.9781113905,3894299.0218886095,22.11401956222781,77.88598043777219,77.88598043777219,2.8240000000000003,4.8660000000000005,9.0951,4.97,0.0,0.358919562227814,男性,0,True
2022,35,20～39歳,550,5500000.0,376570.6795783793,981151.8450594479,173600.0,275100.0,506910.0,277000.0,0.0,19740.5759225297,803650.5759225297,1252350.5759225297,4247649.42407747,22.77001047131872,77.22998952868127,77.22998952868127,3.1563636363636363,5.001818181818182,9.216545454545455,5.036363636363636,0.0,0.35891956222781274,男性,0,True
2022,35,20～39歳,600,6000000.0,410804.3777218684,1070347.4673375792,207700.0,308500.0,548085.0,299500.0,0.0,21535.1737336688,869120.1737336688,1385320.1737336689,4614679.826266332,23.088669562227814,76.9113304377722,76.9113304377722,3.4616666666666664,5.141666666666667,9.13475,4.991666666666666,0.0,0.3589195622278133,男性,0,True
2022,35,20～39歳,650,6500000.0,445038.0758653574,1159543.0896157105,246500.0,342000.0,589077.0,321900.0,0.0,23329.7715448079,934306.7715448078,1522806.7715448078,4977193.228455192,23.427796485304736,76.57220351469527,76.57220351469527,3.792307692307692,5.2615384615384615,9.062723076923076,4.952307692307692,0.0,0.35891956222781385,男性,0,True
2022,35,20～39歳,700,7000000.0,479271.7740088465,1248738.7118938426,323100.0,379500.0,630252.0,344400.0,0.0,25124.3693559469,999776.3693559469,1702376.3693559468,5297623.630644054,24.319662419370665,75.68033758062933,75.68033758062933,4.615714285714285,5.421428571428571,9.003599999999999,4.919999999999999,0.0,0.3589195622278128,男性,0,True
2022,35,20～39歳,750,7500000.0,513505.4721523355,1337934.3341719739,401700.0,418000.0,671244.0,366800.0,0.0,26918.967167086,1064962.967167086,1884662.967167086,5615337.032832914,25.12883956222781,74.87116043777219,74.87116043777219,5.356000000000001,5.573333333333333,8.94992,4.890666666666667,0.0,0.35891956222781335,男性,0,True
2022,35,20～39歳,800,8000000.0,547739.1702958245,1427129.9564501052,469700.0,451300.0,745359.0,407300.0,0.0,28713.5649782251,1181372.5649782252,2102372.564978225,5897627.435021775,26.279657062227813,73.72034293777219,73.72034293777219,5.87125,5.641249999999999,9.3169875,5.09125,0.0,0.35891956222781374,男性,0,True
2022,35,20～39歳,850,8500000.0,581972.8684393136,1516325.5787282372,548300.0,489800.0,786534.0,429800.0,0.0,30508.1627893641,1246842.162789364,2284942.1627893643,6215057.837210636,26.881672503404285,73.11832749659571,73.11832749659571,6.450588235294117,5.762352941176471,9.253341176470588,5.056470588235294,0.0,0.35891956222781296,男性,0,True
2022,35,20～39歳,900,9000000.0,616206.5665828026,1605521.2010063692,637000.0,533200.0,827526.0,452200.0,0.0,32302.7606005032,1312028.760600503,2482228.760600503,6517771.2393994965,27.58031956222781,72.41968043777219,72.41968043777219,7.0777777777777775,5.924444444444445,9.194733333333334,5.024444444444445,0.0,0.35891956222781335,男性,0,True
2022,35,20～39歳,950,9500000.0,650440.2647262916,1694716.8232844998,725800.0,576700.0,868701.0,474700.0,0.0,34097.3584116422,1377498.3584116423,2679998.3584116423,6820001.641588358,28.210509035912025,71.78949096408797,71.78949096408797,7.64,6.070526315789474,9.144221052631579,4.996842105263158,0.0,0.3589195622278126,男性,0,True
2022,35,20～39歳,1000,10000000.0,684673.9628697807,1783912.4455626318,821300.0,623500.0,876753.0,497100.0,0.0,35891.9562227813,1409744.9562227812,2854544.956222781,7145455.043777219,28.54544956222781,71.45455043777218,71.45455043777218,8.213,6.235,8.767529999999999,4.971,0.0,0.358919562227813,男性,0,True
2022,35,20～39歳,1050,10500000.0,718907.6610132697,1873108.0678407638,916700.0,670200.0,884988.0,519600.0,0.0,37686.5540339204,1442274.5540339204,3029174.55403392,7470825.44596608,28.84928146698972,71.15071853301028,71.15071853301028,8.73047619047619,6.382857142857143,8.428457142857143,4.948571428571428,0.0,0.35891956222781335,男性,0,True
2022,35,20～39歳,1100,11000000.0,753141.3591567586,1962303.6901188958,1015300.0,716400.0,893223.0,548100.0,0.0,39481.1518450595,1480804.1518450594,3212504.1518450594,7787495.848154941,29.20458319859145,70.79541680140855,70.79541680140855,9.229999999999999,6.512727272727273,8.120209090909091,4.9827272727272724,0.0,0.3589195622278136,男性,0,True
2022,35,20～39歳,1150,11500000.0,787375.0573002478,2051499.3123970265,1123600.0,762500.0,901275.0,576500.0,0.0,41275.7496561985,1519050.7496561985,3405150.7496561985,8094849.250343801,29.610006518749554,70.38999348125044,70.38999348125044,9.770434782608696,6.630434782608696,7.837173913043478,5.01304347826087,0.0,0.35891956222781307,男性,0,True
2022,35,20～39歳,1200,12000000.0,821608.7554437368,2140694.9346751585,1232100.0,808700.0,909510.0,605000.0,0.0,43070.3474673376,1557580.3474673375,3598380.3474673377,8401619.652532663,29.986502895561145,70.01349710443885,70.01349710443885,10.2675,6.739166666666667,7.57925,5.041666666666666,0.0,0.3589195622278133,男性,0,True
2022,35,20～39歳,1250,12500000.0,855842.4535872258,2229890.5569532905,1339100.0,854300.0,917562.0,639400.0,0.0,44864.9452784766,1601826.9452784767,3795226.945278477,8704773.054721523,30.361815562227818,69.63818443777218,69.63818443777218,10.7128,6.8344000000000005,7.340496000000001,5.115200000000001,0.0,0.35891956222781285,男性,0,True
2022,35,20～39歳,1300,13000000.0,890076.1517307148,2319086.179231421,1453000.0,902800.0,925797.0,643900.0,0.0,46659.5430896157,1616356.5430896156,3972156.5430896156,9027843.456910385,30.555050331458585,69.44494966854143,69.44494966854143,11.176923076923078,6.9446153846153855,7.1215153846153845,4.953076923076924,0.0,0.358919562227813,男性,0,True
2022,35,20～39歳,1350,13500000.0,924309.8498742039,2408281.801509553,1601900.0,948400.0,934032.0,678400.0,0.0,48454.1409007548,1660886.1409007548,4211186.140900755,9288813.859099245,31.19397141407967,68.80602858592033,68.80602858592033,11.865925925925925,7.025185185185186,6.918755555555556,5.025185185185185,0.0,0.35891956222781335,男性,0,True
2022,35,20～39歳,1400,14000000.0,958543.548017693,2497477.423787685,1755200.0,993900.0,942084.0,712800.0,0.0,50248.7387118938,1705132.7387118938,4454232.738711894,9545767.261288108,31.81594813365638,68.18405186634362,68.18405186634362,12.537142857142856,7.099285714285713,6.729171428571427,5.091428571428571,0.0,0.3589195622278128,男性,0,True
2022,35,20～39歳,1450,14500000.0,992777.246161182,2586673.0460658157,1918900.0,1042500.0,950319.0,717300.0,0.0,52043.3365230329,1719662.336523033,4681062.336523033,9818937.663476966,32.283188527745054,67.71681147225495,67.71681147225495,13.233793103448278,7.189655172413794,6.553924137931035,4.946896551724138,0.0,0.35891956222781307,男性,0,True
2022,35,20～39歳,1500,15000000.0,1027010.944304671,2675868.6683439477,2072600.0,1088100.0,958371.0,751700.0,0.0,53837.934334172,1763908.934334172,4924608.934334172,10075391.065665828,32.83072622889448,67.16927377110552,67.16927377110552,13.817333333333334,7.254,6.38914,5.011333333333334,0.0,0.35891956222781335,男性,0,True
2022,45,40～64歳,200,2000000.0,136934.79257395613,356782.4891125263,27400.0,61300.0,179706.0,98200.0,16319.2,7178.3912445563,301403.5912445563,390103.5912445563,1609896.4087554438,19.505179562227816,80.49482043777219,80.49482043777219,1.37,3.065,8.9853,4.91,0.8159600000000001,0.358919562227815,男性,0,True
2022,45,40～64歳,250,2500000.0,171168.49071744518,445978.11139065796,41200.0,88300.0,227286.0,124200.0,20640.8,8972.9890556953,381099.7890556953,510599.7890556953,1989400.2109443047,20.423991562227812,79.57600843777219,79.57600843777219,1.6480000000000001,3.5319999999999996,9.09144,4.968,0.8256319999999999,0.358919562227812,男性,0,True
2022,45,40～64歳,300,3000000.0,205402.1888609342,535173.7336687896,55500.0,116400.0,268461.0,146700.0,24378.8,10767.5868668344,450307.3868668344,622207.3868668345,2377792.6131331655,20.74024622889448,79.25975377110551,79.25975377110551,1.8499999999999999,3.88,8.9487,4.89,0.8126266666666666,0.3589195622278133,男性,0,True
2022,45,40～64歳,350,3500000.0,239635.88700442325,624369.3559469213,69000.0,142700.0,320616.0,175200.0,29116.8,12562.1846779735,537494.9846779736,749194.9846779736,2750805.015322027,21.40557099079924,78.59442900920075,78.59442900920075,1.971428571428571,4.0771428571428565,9.16045714285714,5.0057142857142845,0.8319085714285712,0.35891956222781424,男性,0,True
2022,45,40～64歳,400,4000000.0,273869.58514791226,713564.9782250526,84400.0,173000.0,372588.0,203600.0,33838.4,14356.7824891125,624383.1824891126,881783.1824891126,3118216.8175108875,22.044579562227813,77.95542043777218,77.95542043777218,2.11,4.324999999999999,9.3147,5.09,0.8459600000000002,0.3589195622278125,男性,0,True
2022,45,40～64歳,450,4500000.0,308103.2832914013,802760.6005031846,105000.0,207900.0,402783.0,220100.0,36576.4,16151.3803002516,675610.7803002517,988510.7803002517,3511489.2196997483,21.96690622889448,78.03309377110553,78.03309377110553,2.3333333333333335,4.62,8.950733333333332,4.891111111111111,0.812808888888889,0.35891956222781335,男性,0,True
2022,45,40～64歳,500,5000000.0,342336.98143489036,891956.2227813159,137000.0,239200.0,454755.0,248500.0,41298.0,17945.9781113907,762498.9781113906,1138698.9781113905,3861301.0218886095,22.773979562227808,77.22602043777219,77.22602043777219,2.74,4.784,9.0951,4.97,0.82596,0.358919562227814,男性,0,True
2022,45,40～64歳,550,5500000.0,376570.6795783793,981151.8450594479,168900.0,270500.0,506910.0,277000.0,46036.0,19740.5759225297,849686.5759225297,1289086.5759225297,4210913.42407747,23.437937744045996,76.562062255954,76.562062255954,3.070909090909091,4.918181818181818,9.216545454545455,5.036363636363636,0.8370181818181819,0.35891956222781274,男性,0,True
2022,45,40～64歳,600,6000000.0,410804.3777218684,1070347.4673375792,202700.0,303600.0,548085.0,299500.0,49774.0,21535.1737336688,918894.1737336688,1425194.1737336689,4574805.826266332,23.75323622889448,76.24676377110553,76.24676377110553,3.378333333333333,5.06,9.13475,4.991666666666666,0.8295666666666667,0.3589195622278133,男性,0,True
2022,45,40～64歳,650,6500000.0,445038.0758653574,1159543.0896157105,236500.0,336700.0,589077.0,321900.0,53495.6,23329.7715448079,987802.3715448078,1561002.3715448077,4938997.628455192,24.01542110068935,75.98457889931063,75.98457889931063,3.6384615384615384,5.18,9.062723076923076,4.952307692307692,0.8230092307692307,0.35891956222781385,男性,0,True
2022,45,40～64歳,700,7000000.0,479271.7740088465,1248738.7118938426,311300.0,373700.0,630252.0,344400.0,57233.6,25124.3693559469,1057009.9693559469,1742009.9693559469,5257990.030644054,24.88585670508495,75.11414329491504,75.11414329491504,4.447142857142857,5.338571428571428,9.003599999999999,4.919999999999999,0.817622857142857,0.3589195622278128,男性,0,True
2022,45,40～64歳,750,7500000.0,513505.4721523355,1337934.3341719739,389300.0,411900.0,671244.0,366800.0,60955.2,26918.967167086,1125918.167167086,1927118.167167086,5572881.832832914,25.69490889556115,74.30509110443884,74.30509110443884,5.190666666666666,5.492,8.94992,4.890666666666667,0.812736,0.35891956222781335,男性,0,True
2022,45,40～64歳,800,8000000.0,547739.1702958245,1427129.9564501052,455800.0,444500.0,745359.0,407300.0,67693.2,28713.5649782251,1249065.764978225,2149365.7649782253,5850634.235021775,26.867072062227816,73.13292793777218,73.13292793777218,5.6975,5.55625,9.3169875,5.09125,0.846165,0.35891956222781374,男性,0,True
2022,45,40～64歳,850,8500000.0,581972.8684393136,1516325.5787282372,533600.0,482600.0,786534.0,429800.0,71431.2,30508.1627893641,1318273.362789364,2334473.362789364,6165526.6372106355,27.464392503404284,72.53560749659572,72.53560749659572,6.277647058823529,5.6776470588235295,9.253341176470588,5.056470588235294,0.8403670588235294,0.35891956222781296,男性,0,True
2022,45,40～64歳,900,9000000.0,616206.5665828026,1605521.2010063692,621600.0,525700.0,827526.0,452200.0,75152.8,32302.7606005032,1387181.5606005033,2534481.5606005033,6465518.439399497,28.160906228894483,71.83909377110552,71.83909377110552,6.906666666666666,5.841111111111111,9.194733333333334,5.024444444444445,0.8350311111111111,0.35891956222781335,男性,0,True
2022,45,40～64歳,950,9500000.0,650440.2647262916,1694716.8232844998,709600.0,568800.0,868701.0,474700.0,78890.8,34097.3584116422,1456389.1584116423,2734789.1584116425,6765210.841588357,28.78725429906992,71.21274570093009,71.21274570093009,7.469473684210525,5.987368421052632,9.144221052631579,4.996842105263158,0.8304294736842105,0.3589195622278126,男性,0,True
2022,45,40～64歳,1000,10000000.0,684673.9628697807,1783912.4455626318,804400.0,615200.0,876753.0,497100.0,82612.4,35891.9562227813,1492357.3562227811,2911957.3562227814,7088042.643777219,29.119573562227814,70.88042643777219,70.88042643777219,8.044,6.152,8.767529999999999,4.971,0.826124,0.358919562227813,男性,0,True
2022,45,40～64歳,1050,10500000.0,718907.6610132697,1873108.0678407638,899100.0,661600.0,884988.0,519600.0,86350.4,37686.5540339204,1528624.9540339203,3089324.9540339205,7410675.045966079,29.422142419370672,70.57785758062933,70.57785758062933,8.562857142857142,6.30095238095238,8.428457142857143,4.948571428571428,0.8223847619047618,0.35891956222781335,男性,0,True
2022,45,40～64歳,1100,11000000.0,753141.3591567586,1962303.6901188958,993900.0,707300.0,893223.0,548100.0,91088.4,39481.1518450595,1571892.5518450593,3273092.5518450593,7726907.448154941,29.755386834955083,70.24461316504492,70.24461316504492,9.035454545454545,6.43,8.120209090909091,4.9827272727272724,0.8280763636363635,0.3589195622278136,男性,0,True
2022,45,40～64歳,1150,11500000.0,787375.0573002478,2051499.3123970265,1101300.0,753000.0,901275.0,576500.0,95810.0,41275.7496561985,1614860.7496561985,3469160.7496561985,8030839.250343801,30.166615214401727,69.83338478559827,69.83338478559827,9.576521739130435,6.547826086956523,7.837173913043478,5.01304347826087,0.8331304347826087,0.35891956222781307,男性,0,True
2022,45,40～64歳,1200,12000000.0,821608.7554437368,2140694.9346751585,1208300.0,798600.0,909510.0,605000.0,100548.0,43070.3474673376,1658128.3474673375,3665028.3474673377,8334971.652532662,30.541902895561147,69.45809710443885,69.45809710443885,10.069166666666666,6.654999999999999,7.57925,5.041666666666666,0.8379,0.3589195622278133,男性,0,True
2022,45,40～64歳,1250,12500000.0,855842.4535872258,2229890.5569532905,1314000.0,843600.0,917562.0,639400.0,106269.6,44864.9452784766,1708096.5452784768,3865696.5452784766,8634303.454721523,30.92557236222781,69.07442763777219,69.07442763777219,10.512,6.748800000000001,7.340496000000001,5.115200000000001,0.8501568000000002,0.35891956222781285,男性,0,True
2022,45,40～64歳,1300,13000000.0,890076.1517307148,2319086.179231421,1427900.0,892100.0,925797.0,643900.0,107007.6,46659.5430896157,1723364.1430896157,4043364.1430896157,8956635.856910385,31.102801100689355,68.89719889931065,68.89719889931065,10.983846153846153,6.862307692307692,7.1215153846153845,4.953076923076924,0.8231353846153847,0.358919562227813,男性,0,True
2022,45,40～64歳,1350,13500000.0,924309.8498742039,2408281.801509553,1563800.0,937100.0,934032.0,678400.0,112745.6,48454.1409007548,1773631.740900755,4274531.740900755,9225468.259099245,31.663198080746334,68.33680191925366,68.33680191925366,11.583703703703705,6.941481481481482,6.918755555555556,5.025185185185185,0.8351525925925927,0.35891956222781335,男性,0,True
2022,45,40～64歳,1400,14000000.0,958543.548017693,2497477.423787685,1715400.0,982100.0,942084.0,712800.0,118467.2,50248.7387118938,1823599.9387118937,4521099.938711894,9478900.061288107,32.29357099079924,67.70642900920075,67.70642900920075,12.252857142857142,7.014999999999999,6.729171428571427,5.091428571428571,0.8461942857142855,0.3589195622278128,男性,0,True
2022,45,40～64歳,1450,14500000.0,992777.246161182,2586673.0460658157,1878800.0,1030600.0,950319.0,717300.0,119205.2,52043.3365230329,1838867.536523033,4748267.536523033,9751732.463476967,32.746672665676094,67.25332733432391,67.25332733432391,12.957241379310345,7.107586206896552,6.553924137931035,4.946896551724138,0.822104827586207,0.35891956222781307,男性,0,True
2022,45,40～64歳,1500,15000000.0,1027010.944304671,2675868.6683439477,2030400.0,1075600.0,958371.0,751700.0,124926.8,53837.934334172,1888835.734334172,4994835.734334172,10005164.26566583,33.298904895561144,66.70109510443886,66.70109510443886,13.536000000000001,7.1706666666666665,6.38914,5.011333333333334,0.8328453333333332,0.35891956222781335,男性,0,True
2023,35,20～39歳,200,2000000.0,136715.45148173312,359414.5822192024,28000.0,52500.0,179889.0,98300.0,0.0,11589.8536455548,289778.8536455548,370278.8536455548,1629721.1463544453,18.51394268227774,81.48605731772226,81.48605731772226,1.4000000000000001,2.625,8.99445,4.915,0.0,0.57949268227774,男性,0,True
2023,35,20～39歳,250,2500000.0,170894.31435216643,449268.22777400294,42000.0,79800.0,227652.0,124400.0,0.0,14487.3170569435,366539.3170569435,488339.3170569435,2011660.6829430566,19.53357268227774,80.46642731772226,80.46642731772226,1.68,3.1919999999999997,9.10608,4.976,0.0,0.5794926822777401,男性,0,True
2023,35,20～39歳,300,3000000.0,205073.1772225997,539121.8733288035,56400.0,108100.0,268827.0,146900.0,0.0,17384.7804683322,433111.7804683322,597611.7804683321,2402388.219531668,19.920392682277736,80.07960731772226,80.07960731772226,1.8800000000000001,3.6033333333333335,8.960899999999999,4.8966666666666665,0.0,0.57949268227774,男性,0,True
2023,35,20～39歳,350,3500000.0,239252.04009303302,628975.518883604,70000.0,134800.0,320982.0,175400.0,0.0,20282.2438797209,516664.2438797209,721464.2438797209,2778535.7561202794,20.613264110849165,79.38673588915083,79.38673588915083,1.9999999999999998,3.851428571428571,9.170914285714286,5.011428571428571,0.0,0.5794926822777399,男性,0,True
2023,35,20～39歳,400,4000000.0,273430.90296346624,718829.1644384048,85700.0,165400.0,373137.0,203900.0,0.0,23179.7072911096,600216.7072911096,851316.7072911096,3148683.2927088905,21.28291768227774,78.71708231772226,78.71708231772226,2.1425,4.135,9.328425,5.0975,0.0,0.57949268227774,男性,0,True
2023,35,20～39歳,450,4500000.0,307609.76583389955,808682.8099932054,107700.0,200500.0,403332.0,220400.0,0.0,26077.1707024983,649809.1707024983,958009.1707024983,3541990.8292975016,21.28909268227774,78.71090731772226,78.71090731772226,2.3933333333333335,4.455555555555556,8.962933333333334,4.897777777777778,0.0,0.57949268227774,男性,0,True
2023,35,20～39歳,500,5000000.0,341788.62870433286,898536.4555480059,139900.0,232100.0,455487.0,248900.0,0.0,28974.634113887,733361.634113887,1105361.6341138869,3894638.365886113,22.107232682277736,77.89276731772226,77.89276731772226,2.798,4.642,9.109739999999999,4.978,0.0,0.5794926822777401,男性,0,True
2023,35,20～39歳,550,5500000.0,375967.4915747661,988390.1011028064,172300.0,263800.0,507642.0,277400.0,0.0,31872.0975252757,816914.0975252757,1253014.0975252758,4246985.902474724,22.782074500459558,77.21792549954043,77.21792549954043,3.1327272727272724,4.796363636363636,9.229854545454545,5.043636363636363,0.0,0.5794926822777401,男性,0,True
2023,35,20～39歳,600,6000000.0,410146.3544451994,1078243.746657607,206300.0,297100.0,548817.0,299900.0,0.0,34769.5609366644,883486.5609366645,1386886.5609366645,4613113.439063336,23.114776015611074,76.88522398438893,76.88522398438893,3.4383333333333335,4.951666666666667,9.14695,4.998333333333333,0.0,0.57949268227774,男性,0,True
2023,35,20～39歳,650,6500000.0,444325.2173156327,1168097.3922124074,243300.0,330400.0,589992.0,322400.0,0.0,37667.0243480531,950059.0243480531,1523759.0243480531,4976240.975651947,23.44244652843159,76.55755347156841,76.55755347156841,3.743076923076923,5.083076923076923,9.0768,4.96,0.0,0.57949268227774,男性,0,True
2023,35,20～39歳,700,7000000.0,478504.08018606604,1257951.037767208,319600.0,367800.0,630984.0,344800.0,0.0,40564.4877594418,1016348.4877594418,1703748.4877594418,5296251.512240559,24.339264110849165,75.66073588915083,75.66073588915083,4.565714285714286,5.254285714285714,9.014057142857142,4.925714285714285,0.0,0.5794926822777399,男性,0,True
2023,35,20～39歳,750,7500000.0,512682.9430564993,1347804.6833220085,398000.0,406200.0,672159.0,367300.0,0.0,43461.9511708305,1082920.9511708305,1887120.9511708305,5612879.04882917,25.161612682277738,74.83838731772227,74.83838731772227,5.306666666666667,5.416,8.96212,4.897333333333333,0.0,0.57949268227774,男性,0,True
2023,35,20～39歳,800,8000000.0,546861.8059269325,1437658.3288768097,465800.0,439400.0,746274.0,407800.0,0.0,46359.4145822192,1200433.4145822192,2105633.414582219,5894366.585417781,26.320417682277736,73.67958231772226,73.67958231772226,5.8225,5.4925,9.328425,5.0975,0.0,0.57949268227774,男性,0,True
2023,35,20～39歳,850,8500000.0,581040.6687973659,1527511.9744316102,544000.0,477700.0,787449.0,430300.0,0.0,49256.8779936079,1267005.877993608,2288705.877993608,6211294.122006392,26.92595150580715,73.07404849419285,73.07404849419285,6.4,5.62,9.264105882352942,5.062352941176471,0.0,0.57949268227774,男性,0,True
2023,35,20～39歳,900,9000000.0,615219.5316677991,1617365.6199864107,632700.0,521100.0,828624.0,452800.0,0.0,52154.3414049966,1333578.3414049966,2487378.341404997,6512621.658595003,27.63753712672219,72.3624628732778,72.3624628732778,7.03,5.79,9.206933333333334,5.0311111111111115,0.0,0.57949268227774,男性,0,True
2023,35,20～39歳,950,9500000.0,649398.3945382324,1707219.2655412112,721100.0,564400.0,869799.0,475300.0,0.0,55051.8048163853,1400150.8048163853,2685650.8048163853,6814349.195183614,28.270008471751424,71.72999152824858,71.72999152824858,7.590526315789474,5.941052631578947,9.155778947368422,5.003157894736842,0.0,0.5794926822777401,男性,0,True
2023,35,20～39歳,1000,10000000.0,683577.2574086657,1797072.9110960118,816400.0,611100.0,878034.0,497800.0,0.0,57949.268227774,1433783.268227774,2861283.2682277737,7138716.731772226,28.612832682277737,71.38716731772227,71.38716731772227,8.164,6.111,8.78034,4.978,0.0,0.5794926822777401,男性,0,True
2023,35,20～39歳,1050,10500000.0,717756.120279099,1886926.5566508123,911600.0,657700.0,886269.0,520300.0,0.0,60846.7316391627,1467415.7316391626,3036715.7316391626,7463284.268360837,28.921102206087262,71.07889779391273,71.07889779391273,8.681904761904761,6.263809523809524,8.440657142857143,4.955238095238095,0.0,0.5794926822777401,男性,0,True
2023,35,20～39歳,1100,11000000.0,751934.9831495322,1976780.2022056128,1009000.0,703700.0,894504.0,548800.0,0.0,63744.1950505514,1507048.1950505513,3219748.1950505516,7780251.804949448,29.270438136823195,70.7295618631768,70.7295618631768,9.172727272727272,6.397272727272727,8.131854545454544,4.989090909090909,0.0,0.5794926822777401,男性,0,True
2023,35,20～39歳,1150,11500000.0,786113.8460199656,2066633.8477604133,1117200.0,749800.0,902739.0,577300.0,0.0,66641.6584619401,1546680.65846194,3413680.65846194,8086319.34153806,29.684179638799478,70.31582036120052,70.31582036120052,9.714782608695652,6.52,7.849904347826087,5.0200000000000005,0.0,0.57949268227774,男性,0,True
2023,35,20～39歳,1200,12000000.0,820292.7088903988,2156487.493315214,1225200.0,795800.0,910974.0,605800.0,0.0,69539.1218733288,1586313.121873329,3607313.121873329,8392686.878126672,30.06094268227774,69.93905731772226,69.93905731772226,10.209999999999999,6.631666666666666,7.59145,5.048333333333333,0.0,0.57949268227774,男性,0,True
2023,35,20～39歳,1250,12500000.0,854471.5717608321,2246341.1388700143,1339100.0,844300.0,919209.0,610300.0,0.0,72436.5852847175,1601945.5852847174,3785345.5852847174,8714654.41471528,30.282764682277747,69.71723531772226,69.71723531772226,10.712800000000001,6.7544,7.353672000000001,4.8824000000000005,0.0,0.5794926822777401,男性,0,True
2023,35,20～39歳,1300,13000000.0,888650.4346312654,2336194.784424815,1445700.0,889700.0,927444.0,644800.0,0.0,75334.0486961062,1647578.0486961063,3982978.0486961063,9017021.951303894,30.63829268227774,69.36170731772225,69.36170731772225,11.12076923076923,6.843846153846155,7.134184615384616,4.96,0.0,0.57949268227774,男性,0,True
2023,35,20～39歳,1350,13500000.0,922829.2975016987,2426048.4299796154,1590700.0,935100.0,935679.0,679300.0,0.0,78231.5121074949,1693210.512107495,4219010.512107495,9280989.487892505,31.25192971931478,68.74807028068523,68.74807028068523,11.782962962962964,6.926666666666667,6.930955555555555,5.031851851851852,0.0,0.57949268227774,男性,0,True
2023,35,20～39歳,1400,14000000.0,957008.1603721321,2515902.075534416,1744100.0,980600.0,943731.0,713700.0,0.0,81128.9755188836,1738559.9755188837,4463259.975518884,9536740.024481118,31.880428396563453,68.11957160343654,68.11957160343654,12.457857142857142,7.004285714285713,6.740935714285714,5.097857142857142,0.0,0.5794926822777399,男性,0,True
2023,35,20～39歳,1450,14500000.0,991187.0232425652,2605755.7210892164,1907100.0,1029000.0,951966.0,718200.0,0.0,84026.4389302723,1754192.4389302724,4690292.438930272,9809707.561069727,32.34684440641568,67.65315559358433,67.65315559358433,13.15241379310345,7.096551724137933,6.56528275862069,4.953103448275862,0.0,0.5794926822777401,男性,0,True
2023,35,20～39歳,1500,15000000.0,1025365.8861129986,2695609.366644017,2060400.0,1074500.0,960201.0,752700.0,0.0,86923.902341661,1799824.902341661,4934724.902341661,10065275.09765834,32.898166015611075,67.10183398438893,67.10183398438893,13.736,7.163333333333332,6.401339999999999,5.018000000000001,0.0,0.57949268227774,男性,0,True
2023,45,40～64歳,200,2000000.0,136715.45148173312,359414.5822192024,27100.0,50700.0,179889.0,98300.0,17649.4,11589.8536455548,307428.2536455548,385228.2536455548,1614771.7463544451,19.261412682277744,80.73858731772225,80.73858731772225,1.355,2.535,8.99445,4.915,0.8824700000000001,0.57949268227774,男性,0,True
2023,45,40～64歳,250,2500000.0,170894.31435216643,449268.22777400294,40800.0,77600.0,227652.0,124400.0,22334.8,14487.3170569435,388874.1170569435,507274.1170569435,1992725.8829430565,20.29096468227774,79.70903531772227,79.70903531772227,1.6320000000000001,3.104,9.10608,4.976,0.893392,0.5794926822777401,男性,0,True
2023,45,40～64歳,300,3000000.0,205073.1772225997,539121.8733288035,55100.0,105500.0,268827.0,146900.0,26375.8,17384.7804683322,459487.5804683322,620087.5804683322,2379912.4195316676,20.66958601561107,79.33041398438893,79.33041398438893,1.8366666666666667,3.5166666666666666,8.960899999999999,4.8966666666666665,0.8791933333333333,0.57949268227774,男性,0,True
2023,45,40～64歳,350,3500000.0,239252.04009303302,628975.518883604,68400.0,131600.0,320982.0,175400.0,31490.8,20282.2438797209,548155.043879721,748155.043879721,2751844.9561202796,21.375858396563455,78.62414160343654,78.62414160343654,1.954285714285714,3.7599999999999993,9.170914285714286,5.011428571428571,0.8997371428571427,0.5794926822777399,男性,0,True
2023,45,40～64歳,400,4000000.0,273430.90296346624,718829.1644384048,83800.0,161800.0,373137.0,203900.0,36605.8,23179.7072911096,636822.5072911097,882422.5072911097,3117577.4927088902,22.06056268227774,77.93943731772227,77.93943731772227,2.095,4.045,9.328425,5.0975,0.915145,0.57949268227774,男性,0,True
2023,45,40～64歳,450,4500000.0,307609.76583389955,808682.8099932054,103600.0,196500.0,403332.0,220400.0,39572.8,26077.1707024983,689381.9707024983,989481.9707024983,3510518.029297502,21.988488237833295,78.0115117621667,78.0115117621667,2.3022222222222224,4.366666666666666,8.962933333333334,4.897777777777778,0.8793955555555556,0.57949268227774,男性,0,True
2023,45,40～64歳,500,5000000.0,341788.62870433286,898536.4555480059,135300.0,227600.0,455487.0,248900.0,44687.8,28974.634113887,778049.434113887,1140949.4341138871,3859050.565886113,22.818988682277745,77.18101131772227,77.18101131772227,2.706,4.552,9.109739999999999,4.978,0.8937560000000001,0.5794926822777401,男性,0,True
2023,45,40～64歳,550,5500000.0,375967.4915747661,988390.1011028064,167200.0,258800.0,507642.0,277400.0,49802.8,31872.0975252757,866716.8975252757,1292716.8975252756,4207283.102474725,23.503943591368646,76.49605640863136,76.49605640863136,3.04,4.705454545454545,9.229854545454545,5.043636363636363,0.9055054545454546,0.5794926822777401,男性,0,True
2023,45,40～64歳,600,6000000.0,410146.3544451994,1078243.746657607,200800.0,291700.0,548817.0,299900.0,53843.8,34769.5609366644,937330.3609366645,1429830.3609366645,4570169.639063336,23.830506015611075,76.16949398438894,76.16949398438894,3.3466666666666667,4.861666666666667,9.14695,4.998333333333333,0.8973966666666668,0.57949268227774,男性,0,True
2023,45,40～64歳,650,6500000.0,444325.2173156327,1168097.3922124074,234500.0,324700.0,589992.0,322400.0,57884.8,37667.0243480531,1007943.8243480532,1567143.8243480532,4932856.175651947,24.109904989970047,75.89009501002995,75.89009501002995,3.6076923076923078,4.995384615384616,9.0768,4.96,0.8905353846153846,0.57949268227774,男性,0,True
2023,45,40～64歳,700,7000000.0,478504.08018606604,1257951.037767208,307000.0,361600.0,630984.0,344800.0,61907.6,40564.4877594418,1078256.0877594417,1746856.0877594417,5253143.912240559,24.95508696799202,75.04491303200797,75.04491303200797,4.385714285714285,5.1657142857142855,9.014057142857142,4.925714285714285,0.8843942857142856,0.5794926822777399,男性,0,True
2023,45,40～64歳,750,7500000.0,512682.9430564993,1347804.6833220085,384600.0,399600.0,672159.0,367300.0,65948.6,43461.9511708305,1148869.5511708306,1933069.5511708306,5566930.448829169,25.774260682277745,74.22573931772226,74.22573931772226,5.128,5.328,8.96212,4.897333333333333,0.8793146666666668,0.57949268227774,男性,0,True
2023,45,40～64歳,800,8000000.0,546861.8059269325,1437658.3288768097,450900.0,432100.0,746274.0,407800.0,73211.6,46359.4145822192,1273645.0145822193,2156645.0145822195,5843354.9854177805,26.958062682277745,73.04193731772226,73.04193731772226,5.63625,5.40125,9.328425,5.0975,0.915145,0.57949268227774,男性,0,True
2023,45,40～64歳,850,8500000.0,581040.6687973659,1527511.9744316102,528300.0,470000.0,787449.0,430300.0,77252.6,49256.8779936079,1344258.477993608,2342558.477993608,6157441.5220063925,27.559511505807155,72.44048849419286,72.44048849419286,6.215294117647059,5.529411764705882,9.264105882352942,5.062352941176471,0.9088541176470588,0.57949268227774,男性,0,True
2023,45,40～64歳,900,9000000.0,615219.5316677991,1617365.6199864107,616100.0,513000.0,828624.0,452800.0,81293.6,52154.3414049966,1414871.9414049967,2543971.9414049964,6456028.058595004,28.266354904499963,71.73364509550004,71.73364509550004,6.845555555555556,5.7,9.206933333333334,5.0311111111111115,0.9032622222222222,0.57949268227774,男性,0,True
2023,45,40～64歳,950,9500000.0,649398.3945382324,1707219.2655412112,703700.0,555900.0,869799.0,475300.0,85334.6,55051.8048163853,1485485.4048163854,2745085.4048163854,6754914.595183615,28.895635840172478,71.10436415982753,71.10436415982753,7.407368421052632,5.851578947368421,9.155778947368422,5.003157894736842,0.898258947368421,0.5794926822777401,男性,0,True
2023,45,40～64歳,1000,10000000.0,683577.2574086657,1797072.9110960118,798100.0,602100.0,878034.0,497800.0,89375.6,57949.268227774,1523158.868227774,2923358.8682277743,7076641.131772226,29.233588682277745,70.76641131772226,70.76641131772226,7.981000000000001,6.021,8.78034,4.978,0.8937560000000001,0.5794926822777401,男性,0,True
2023,45,40～64歳,1050,10500000.0,717756.120279099,1886926.5566508123,892600.0,648400.0,886269.0,520300.0,93416.6,60846.7316391627,1560832.3316391627,3101832.3316391627,7398167.668360837,29.541260301325362,70.45873969867463,70.45873969867463,8.50095238095238,6.175238095238096,8.440657142857143,4.955238095238095,0.8896819047619048,0.5794926822777401,男性,0,True
2023,45,40～64歳,1100,11000000.0,751934.9831495322,1976780.2022056128,986000.0,693900.0,894504.0,548800.0,98531.6,63744.1950505514,1605579.7950505514,3285479.795050551,7714520.204949449,29.867998136823193,70.13200186317681,70.13200186317681,8.963636363636365,6.308181818181819,8.131854545454544,4.989090909090909,0.8957418181818182,0.5794926822777401,男性,0,True
2023,45,40～64歳,1150,11500000.0,786113.8460199656,2066633.8477604133,1092800.0,739400.0,902739.0,577300.0,103646.6,66641.6584619401,1650327.25846194,3482527.25846194,8017472.74153806,30.282845725756,69.717154274244,69.717154274244,9.502608695652173,6.429565217391304,7.849904347826087,5.0200000000000005,0.9012747826086958,0.57949268227774,男性,0,True
2023,45,40～64歳,1200,12000000.0,820292.7088903988,2156487.493315214,1199600.0,784900.0,910974.0,605800.0,108761.6,69539.1218733288,1695074.721873329,3679574.721873329,8320425.278126671,30.663122682277745,69.33687731772226,69.33687731772226,9.996666666666666,6.5408333333333335,7.59145,5.048333333333333,0.9063466666666667,0.57949268227774,男性,0,True
2023,45,40～64歳,1250,12500000.0,854471.5717608321,2246341.1388700143,1313300.0,833300.0,919209.0,610300.0,109580.6,72436.5852847175,1711526.1852847175,3858126.1852847175,8641873.814715281,30.865009482277745,69.13499051772226,69.13499051772226,10.506400000000001,6.666400000000001,7.353672000000001,4.8824000000000005,0.8766448000000001,0.5794926822777401,男性,0,True
2023,45,40～64歳,1300,13000000.0,888650.4346312654,2336194.784424815,1418500.0,878100.0,927444.0,644800.0,115769.6,75334.0486961062,1763347.6486961064,4059947.6486961064,8940052.351303894,31.230366528431585,68.76963347156841,68.76963347156841,10.911538461538461,6.754615384615385,7.134184615384616,4.96,0.8905353846153846,0.57949268227774,男性,0,True
2023,45,40～64歳,1350,13500000.0,922829.2975016987,2426048.4299796154,1549600.0,922900.0,935679.0,679300.0,121958.6,78231.5121074949,1815169.112107495,4287669.112107495,9212330.887892505,31.760511941537,68.23948805846301,68.23948805846301,11.478518518518518,6.836296296296296,6.930955555555555,5.031851851851852,0.903397037037037,0.57949268227774,男性,0,True
2023,45,40～64歳,1400,14000000.0,957008.1603721321,2515902.075534416,1700900.0,967800.0,943731.0,713700.0,128129.4,81128.9755188836,1866689.3755188836,4535389.375518884,9464610.62448112,32.39563839656345,67.60436160343656,67.60436160343656,12.149285714285712,6.912857142857141,6.740935714285714,5.097857142857142,0.9152099999999999,0.5794926822777399,男性,0,True
2023,45,40～64歳,1450,14500000.0,991187.0232425652,2605755.7210892164,1863700.0,1016100.0,951966.0,718200.0,128948.4,84026.4389302723,1883140.8389302723,4762940.8389302725,9737059.161069725,32.847867854691536,67.15213214530846,67.15213214530846,12.853103448275863,7.007586206896553,6.56528275862069,4.953103448275862,0.8892993103448276,0.5794926822777401,男性,0,True
2023,45,40～64歳,1500,15000000.0,1025365.8861129986,2695609.366644017,2014900.0,1061000.0,960201.0,752700.0,135137.4,86923.902341661,1934962.302341661,5010862.3023416605,9989137.69765834,33.40574868227774,66.59425131772227,66.59425131772227,13.432666666666668,7.073333333333333,6.401339999999999,5.018000000000001,0.900916,0.57949268227774,男性,0,True
2024,35,20～39歳,200,2000000.0,135167.231382457,377993.22341051605,0.0,62200.0,181536.0,99200.0,0.0,12000.0,292736.0,354936.0,1645064.0,17.7468,82.2532,82.2532,0.0,3.11,9.0768,4.96,0.0,0.6,男性,0,True
2024,35,20～39歳,250,2500000.0,168959.03922807125,472491.52926314506,11100.0,89400.0,229848.0,125600.0,0.0,15000.0,370448.0,470948.0,2029052.0,18.83792,81.16208,81.16208,0.44400000000000006,3.576,9.19392,5.024,0.0,0.6,男性,0,True
2024,35,20～39歳,300,3000000.0,202750.8470736855,566989.8351157741,25600.0,117700.0,271389.0,148300.0,0.0,18000.0,437689.0,580989.0,2419011.0,19.3663,80.63369999999999,80.63369999999999,0.8533333333333334,3.9233333333333333,9.0463,4.943333333333333,0.0,0.6,男性,0,True
2024,35,20～39歳,350,3500000.0,236542.65491929976,661488.1409684031,39200.0,144300.0,323910.0,177000.0,0.0,21000.0,521910.0,705410.0,2794590.0,20.154571428571426,79.84542857142857,79.84542857142857,1.1199999999999999,4.122857142857143,9.25457142857143,5.057142857142857,0.0,0.6,男性,0,True
2024,35,20～39歳,400,4000000.0,270334.462764914,755986.4468210321,54700.0,174800.0,376431.0,205700.0,0.0,24000.0,606131.0,835631.0,3164369.0,20.890775,79.10922500000001,79.10922500000001,1.3675,4.37,9.410775000000001,5.1425,0.0,0.6,男性,0,True
2024,35,20～39歳,450,4500000.0,304126.27061052824,850484.7526736611,76300.0,209800.0,407175.0,222500.0,0.0,27000.0,656675.0,942775.0,3557225.0,20.950555555555557,79.04944444444445,79.04944444444445,1.6955555555555557,4.662222222222223,9.048333333333334,4.944444444444445,0.0,0.6,男性,0,True
2024,35,20～39歳,500,5000000.0,337918.0784561425,944983.0585262901,108600.0,241400.0,459696.0,251200.0,0.0,30000.0,740896.0,1090896.0,3909104.0,21.817919999999997,78.18208,78.18208,2.172,4.828,9.19392,5.024,0.0,0.6,男性,0,True
2024,35,20～39歳,550,5500000.0,371709.8863017567,1039481.3643789191,140700.0,272900.0,512217.0,279900.0,0.0,33000.0,825117.0,1238717.0,4261282.999999999,22.52212727272728,77.47787272727273,77.47787272727273,2.5581818181818186,4.961818181818183,9.313036363636366,5.08909090909091,0.0,0.6000000000000001,男性,0,True
2024,35,20～39歳,600,6000000.0,405501.694147371,1133979.6702315481,174700.0,306200.0,553758.0,302600.0,0.0,36000.0,892358.0,1373258.0,4626742.0,22.887633333333333,77.11236666666666,77.11236666666666,2.9116666666666666,5.1033333333333335,9.2293,5.043333333333333,0.0,0.6,男性,0,True
2024,35,20～39歳,650,6500000.0,439293.5019929852,1228477.9760841771,210800.0,339500.0,595482.0,325400.0,0.0,39000.0,959882.0,1510182.0,4989818.0,23.23356923076923,76.76643076923077,76.76643076923077,3.2430769230769227,5.223076923076923,9.161261538461538,5.006153846153846,0.0,0.6,男性,0,True
2024,35,20～39歳,700,7000000.0,473085.3098385995,1322976.2819368062,286700.0,376700.0,637023.0,348100.0,0.0,42000.0,1027123.0,1690523.0,5309477.0,24.150328571428574,75.84967142857143,75.84967142857143,4.095714285714286,5.381428571428572,9.100328571428571,4.972857142857142,0.0,0.6,男性,0,True
2024,35,20～39歳,750,7500000.0,506877.11768421374,1417474.5877894352,365000.0,415000.0,678564.0,370800.0,0.0,45000.0,1094364.0,1874364.0,5625636.0,24.99152,75.00848,75.00848,4.866666666666666,5.533333333333333,9.04752,4.944,0.0,0.6,男性,0,True
2024,35,20～39歳,800,8000000.0,540668.925529828,1511972.8936420642,443200.0,453300.0,720105.0,393500.0,0.0,48000.0,1161605.0,2058105.0,5941895.0,25.7263125,74.2736875,74.2736875,5.54,5.66625,9.0013125,4.91875,0.0,0.6,男性,0,True
2024,35,20～39歳,850,8500000.0,574460.7333754422,1606471.199494694,521200.0,491500.0,761829.0,416300.0,0.0,51000.0,1229129.0,2241829.0,6258171.0,26.374458823529412,73.62554117647059,73.62554117647059,6.131764705882353,5.7823529411764705,8.96269411764706,4.897647058823529,0.0,0.6,男性,0,True
2024,35,20～39歳,900,9000000.0,608252.5412210565,1700969.5053473222,599200.0,529700.0,836310.0,457000.0,0.0,54000.0,1347310.0,2476210.0,6523790.0,27.513444444444445,72.48655555555555,72.48655555555555,6.657777777777778,5.885555555555555,9.292333333333334,5.0777777777777775,0.0,0.6,男性,0,True
2024,35,20～39歳,950,9500000.0,642044.3490666706,1795467.811199952,687600.0,573000.0,877851.0,479700.0,0.0,57000.0,1414551.0,2675151.0,6824849.0,28.159484210526315,71.84051578947368,71.84051578947368,7.237894736842105,6.031578947368422,9.240536842105262,5.049473684210526,0.0,0.6,男性,0,True
2024,35,20～39歳,1000,10000000.0,675836.156912285,1889966.1170525802,782800.0,619600.0,886452.0,502400.0,0.0,60000.0,1448852.0,2851252.0,7148748.0,28.512520000000002,71.48748,71.48748,7.828,6.196,8.864519999999999,5.024,0.0,0.6,男性,0,True
2024,35,20～39歳,1050,10500000.0,709627.9647578992,1984464.42290521,877700.0,666100.0,895236.0,525200.0,0.0,63000.0,1483436.0,3027236.0,7472764.0,28.83081904761905,71.16918095238096,71.16918095238096,8.359047619047619,6.343809523809524,8.526057142857143,5.001904761904761,0.0,0.6,男性,0,True
2024,35,20～39歳,1100,11000000.0,743419.7726035134,2078962.7287578383,974600.0,712100.0,903837.0,553900.0,0.0,66000.0,1523737.0,3210437.0,7789562.999999998,29.185790909090915,70.81420909090909,70.81420909090909,8.860000000000001,6.4736363636363645,8.216700000000001,5.035454545454546,0.0,0.6000000000000001,男性,0,True
2024,35,20～39歳,1150,11500000.0,777211.5804491277,2173461.034610468,1082400.0,758000.0,912438.0,582600.0,0.0,69000.0,1564038.0,3404438.0,8095562.0,29.603808695652173,70.39619130434782,70.39619130434782,9.412173913043478,6.591304347826086,7.934243478260869,5.0660869565217395,0.0,0.6,男性,0,True
2024,35,20～39歳,1200,12000000.0,811003.388294742,2267959.3404630963,1190400.0,804000.0,921039.0,611300.0,0.0,72000.0,1604339.0,3598739.0,8401261.0,29.989491666666666,70.01050833333333,70.01050833333333,9.92,6.7,7.675324999999999,5.094166666666667,0.0,0.6,男性,0,True
2024,35,20～39歳,1250,12500000.0,844795.1961403561,2362457.646315726,1304000.0,852400.0,929823.0,616100.0,0.0,75000.0,1620923.0,3777323.0,8722676.999999998,30.218584000000003,69.781416,69.781416,10.432,6.819200000000001,7.4385840000000005,4.928800000000001,0.0,0.6000000000000001,男性,0,True
2024,35,20～39歳,1300,13000000.0,878587.0039859704,2456955.9521683543,1410400.0,897700.0,938424.0,650800.0,0.0,78000.0,1667224.0,3975324.0,9024676.0,30.579415384615384,69.42058461538461,69.42058461538461,10.84923076923077,6.905384615384616,7.218646153846153,5.006153846153846,0.0,0.6,男性,0,True
2024,35,20～39歳,1350,13500000.0,912378.8118315847,2551454.258020984,1553400.0,943100.0,947025.0,685500.0,0.0,81000.0,1713525.0,4210025.0,9289975.0,31.185370370370368,68.81462962962964,68.81462962962964,11.506666666666666,6.985925925925926,7.015000000000001,5.0777777777777775,0.0,0.6,男性,0,True
2024,35,20～39歳,1400,14000000.0,946170.619677199,2645952.5638736123,1716500.0,991500.0,955626.0,690200.0,0.0,84000.0,1729826.0,4437826.0,9562174.0,31.698757142857144,68.30124285714285,68.30124285714285,12.260714285714286,7.082142857142857,6.8259,4.93,0.0,0.6,男性,0,True
2024,35,20～39歳,1450,14500000.0,979962.4275228131,2740450.869726242,1869100.0,1036800.0,964410.0,725000.0,0.0,87000.0,1776410.0,4682310.0,9817690.0,32.29179310344827,67.70820689655173,67.70820689655173,12.890344827586206,7.150344827586206,6.651103448275862,5.0,0.0,0.6,男性,0,True
2024,35,20～39歳,1500,15000000.0,1013754.2353684275,2834949.1755788703,2022100.0,1082200.0,973011.0,759700.0,0.0,90000.0,1822711.0,4927011.0,10072989.0,32.846740000000004,67.15326,67.15326,13.480666666666666,7.214666666666666,6.48674,5.064666666666667,0.0,0.6,男性,0,True
2024,45,40～64歳,200,2000000.0,135167.231382457,377993.22341051605,0.0,60600.0,181536.0,99200.0,16166.8,12000.0,308902.8,369502.8,1630497.2,18.47514,81.52486,81.52486,0.0,3.0300000000000002,9.0768,4.96,0.80834,0.6,男性,0,True
2024,45,40～64歳,250,2500000.0,168959.03922807125,472491.52926314506,10100.0,87400.0,229848.0,125600.0,20470.0,15000.0,390918.0,488418.0,2011582.0,19.53672,80.46328,80.46328,0.404,3.496,9.19392,5.024,0.8188000000000001,0.6,男性,0,True
2024,45,40～64歳,300,3000000.0,202750.8470736855,566989.8351157741,24400.0,115300.0,271389.0,148300.0,24168.0,18000.0,461857.0,601557.0,2398443.0,20.0519,79.9481,79.9481,0.8133333333333332,3.8433333333333333,9.0463,4.943333333333333,0.8056000000000001,0.6,男性,0,True
2024,45,40～64歳,350,3500000.0,236542.65491929976,661488.1409684031,37700.0,141400.0,323910.0,177000.0,28848.0,21000.0,550758.0,729858.0,2770142.0,20.853085714285715,79.14691428571429,79.14691428571429,1.077142857142857,4.04,9.25457142857143,5.057142857142857,0.8242285714285714,0.6,男性,0,True
2024,45,40～64歳,400,4000000.0,270334.462764914,755986.4468210321,53000.0,171500.0,376431.0,205700.0,33528.0,24000.0,639659.0,864159.0,3135841.0,21.603975000000002,78.39602500000001,78.39602500000001,1.325,4.2875000000000005,9.410775000000001,5.1425,0.8382000000000001,0.6,男性,0,True
2024,45,40～64歳,450,4500000.0,304126.27061052824,850484.7526736611,72600.0,206200.0,407175.0,222500.0,36260.0,27000.0,692935.0,971735.0,3528265.0,21.59411111111111,78.40588888888888,78.40588888888888,1.6133333333333333,4.582222222222223,9.048333333333334,4.944444444444445,0.8057777777777778,0.6,男性,0,True
2024,45,40～64歳,500,5000000.0,337918.0784561425,944983.0585262901,104400.0,237300.0,459696.0,251200.0,40940.0,30000.0,781836.0,1123536.0,3876464.0,22.47072,77.52928,77.52928,2.088,4.746,9.19392,5.024,0.8188000000000001,0.6,男性,0,True
2024,45,40～64歳,550,5500000.0,371709.8863017567,1039481.3643789191,136200.0,268400.0,512217.0,279900.0,45620.0,33000.0,870737.0,1275337.0,4224662.999999999,23.18794545454546,76.81205454545454,76.81205454545454,2.4763636363636365,4.880000000000001,9.313036363636366,5.08909090909091,0.8294545454545456,0.6000000000000001,男性,0,True
2024,45,40～64歳,600,6000000.0,405501.694147371,1133979.6702315481,169700.0,301300.0,553758.0,302600.0,49318.0,36000.0,941676.0,1412676.0,4587324.0,23.5446,76.4554,76.4554,2.8283333333333336,5.0216666666666665,9.2293,5.043333333333333,0.8219666666666667,0.6,男性,0,True
2024,45,40～64歳,650,6500000.0,439293.5019929852,1228477.9760841771,203300.0,334200.0,595482.0,325400.0,53032.0,39000.0,1012914.0,1550414.0,4949586.0,23.852523076923077,76.14747692307692,76.14747692307692,3.1276923076923078,5.141538461538461,9.161261538461538,5.006153846153846,0.8158769230769232,0.6,男性,0,True
2024,45,40～64歳,700,7000000.0,473085.3098385995,1322976.2819368062,275300.0,371100.0,637023.0,348100.0,56730.0,42000.0,1083853.0,1730253.0,5269747.0,24.7179,75.2821,75.2821,3.932857142857143,5.301428571428572,9.100328571428571,4.972857142857142,0.8104285714285715,0.6,男性,0,True
2024,45,40～64歳,750,7500000.0,506877.11768421374,1417474.5877894352,352700.0,409000.0,678564.0,370800.0,60428.0,45000.0,1154792.0,1916492.0,5583508.0,25.553226666666667,74.44677333333334,74.44677333333334,4.7026666666666666,5.453333333333334,9.04752,4.944,0.8057066666666666,0.6,男性,0,True
2024,45,40～64歳,800,8000000.0,540668.925529828,1511972.8936420642,430100.0,446900.0,720105.0,393500.0,64126.0,48000.0,1225731.0,2102731.0,5897269.0,26.2841375,73.7158625,73.7158625,5.37625,5.586250000000001,9.0013125,4.91875,0.801575,0.6,男性,0,True
2024,45,40～64歳,850,8500000.0,574460.7333754422,1606471.199494694,507500.0,484800.0,761829.0,416300.0,67840.0,51000.0,1296969.0,2289269.0,6210731.0,26.932576470588238,73.06742352941177,73.06742352941177,5.970588235294118,5.7035294117647055,8.96269411764706,4.897647058823529,0.7981176470588235,0.6,男性,0,True
2024,45,40～64歳,900,9000000.0,608252.5412210565,1700969.5053473222,584100.0,522300.0,836310.0,457000.0,74484.0,54000.0,1421794.0,2528194.0,6471806.0,28.091044444444446,71.90895555555555,71.90895555555555,6.49,5.803333333333334,9.292333333333334,5.0777777777777775,0.8276,0.6,男性,0,True
2024,45,40～64歳,950,9500000.0,642044.3490666706,1795467.811199952,671700.0,565200.0,877851.0,479700.0,78182.0,57000.0,1492733.0,2729633.0,6770367.0,28.73297894736842,71.26702105263158,71.26702105263158,7.070526315789475,5.949473684210526,9.240536842105262,5.049473684210526,0.8229684210526316,0.6,男性,0,True
2024,45,40～64歳,1000,10000000.0,675836.156912285,1889966.1170525802,766000.0,611400.0,886452.0,502400.0,81880.0,60000.0,1530732.0,2908132.0,7091868.0,29.081319999999998,70.91868,70.91868,7.66,6.114,8.864519999999999,5.024,0.8188000000000001,0.6,男性,0,True
2024,45,40～64歳,1050,10500000.0,709627.9647578992,1984464.42290521,860100.0,657500.0,895236.0,525200.0,85594.0,63000.0,1569030.0,3086630.0,7413370.0,29.39647619047619,70.60352380952381,70.60352380952381,8.191428571428572,6.261904761904762,8.526057142857143,5.001904761904761,0.8151809523809523,0.6,男性,0,True
2024,45,40～64歳,1100,11000000.0,743419.7726035134,2078962.7287578383,953200.0,703000.0,903837.0,553900.0,90274.0,66000.0,1614011.0,3270211.0,7729788.999999998,29.729190909090914,70.27080909090908,70.27080909090908,8.665454545454548,6.3909090909090915,8.216700000000001,5.035454545454546,0.8206727272727273,0.6000000000000001,男性,0,True
2024,45,40～64歳,1150,11500000.0,777211.5804491277,2173461.034610468,1060300.0,748600.0,912438.0,582600.0,94954.0,69000.0,1658992.0,3467892.0,8032108.0,30.155582608695653,69.84441739130435,69.84441739130435,9.22,6.509565217391304,7.934243478260869,5.0660869565217395,0.8256869565217392,0.6,男性,0,True
2024,45,40～64歳,1200,12000000.0,811003.388294742,2267959.3404630963,1167100.0,794100.0,921039.0,611300.0,99634.0,72000.0,1703973.0,3665173.0,8334827.0,30.543108333333336,69.45689166666666,69.45689166666666,9.725833333333334,6.6175,7.675324999999999,5.094166666666667,0.8302833333333334,0.6,男性,0,True
2024,45,40～64歳,1250,12500000.0,844795.1961403561,2362457.646315726,1280300.0,842300.0,929823.0,616100.0,100402.0,75000.0,1721325.0,3843925.0,8656074.999999998,30.751400000000007,69.2486,69.2486,10.242400000000002,6.738400000000001,7.4385840000000005,4.928800000000001,0.8032160000000002,0.6000000000000001,男性,0,True
2024,45,40～64歳,1300,13000000.0,878587.0039859704,2456955.9521683543,1385500.0,887100.0,938424.0,650800.0,106064.0,78000.0,1773288.0,4045888.0,8954112.0,31.122215384615387,68.87778461538461,68.87778461538461,10.657692307692308,6.823846153846154,7.218646153846153,5.006153846153846,0.8158769230769232,0.6,男性,0,True
2024,45,40～64歳,1350,13500000.0,912378.8118315847,2551454.258020984,1515600.0,931900.0,947025.0,685500.0,111726.0,81000.0,1825251.0,4272751.0,9227249.0,31.65000740740741,68.34999259259259,68.34999259259259,11.226666666666667,6.902962962962963,7.015000000000001,5.0777777777777775,0.8276,0.6,男性,0,True
2024,45,40～64歳,1400,14000000.0,946170.619677199,2645952.5638736123,1678400.0,980200.0,955626.0,690200.0,112478.0,84000.0,1842304.0,4500904.0,9499096.0,32.14931428571429,67.85068571428572,67.85068571428572,11.98857142857143,7.001428571428571,6.8259,4.93,0.8034142857142857,0.6,男性,0,True
2024,45,40～64歳,1450,14500000.0,979962.4275228131,2740450.869726242,1829300.0,1025000.0,964410.0,725000.0,118156.0,87000.0,1894566.0,4748866.0,9751134.0,32.750800000000005,67.2492,67.2492,12.615862068965516,7.06896551724138,6.651103448275862,5.0,0.8148689655172413,0.6,男性,0,True
2024,45,40～64歳,1500,15000000.0,1013754.2353684275,2834949.1755788703,1980300.0,1069800.0,973011.0,759700.0,123818.0,90000.0,1946529.0,4996629.0,10003371.0,33.31086,66.68914000000001,66.68914000000001,13.202,7.132,6.48674,5.064666666666667,0.8254533333333333,0.6,男性,0,True
2025,35,20～39歳,200,2000000.0,134692.11902114065,383694.5717463121,3900.0,62200.0,182085.0,99500.0,0.0,11202.0381785317,292787.0381785317,358887.0381785317,1641112.9618214683,17.944351908926585,82.05564809107342,82.05564809107342,0.19499999999999998,3.11,9.10425,4.9750000000000005,0.0,0.5601019089265851,男性,0,True
2025,35,20～39歳,250,2500000.0,168365.14877642583,479618.2146828901,21300.0,89400.0,230397.0,125900.0,0.0,14002.5477231646,370299.5477231647,480999.5477231647,2019000.4522768352,19.23998190892659,80.7600180910734,80.7600180910734,0.852,3.576,9.21588,5.0360000000000005,0.0,0.560101908926584,男性,0,True
2025,35,20～39歳,300,3000000.0,202038.178531711,575541.8576194681,35800.0,117700.0,272121.0,148700.0,0.0,16803.0572677976,437624.0572677976,591124.0572677976,2408875.9427322024,19.70413524225992,80.29586475774008,80.29586475774008,1.1933333333333334,3.9233333333333333,9.0707,4.956666666666667,0.0,0.5601019089265867,男性,0,True
2025,35,20～39歳,350,3500000.0,235711.20828699617,671465.5005560461,49400.0,144300.0,324825.0,177500.0,0.0,19603.5668124305,521928.5668124305,715628.5668124305,2784371.4331875695,20.446530480355158,79.55346951964484,79.55346951964484,1.4114285714285715,4.122857142857143,9.280714285714286,5.071428571428571,0.0,0.5601019089265857,男性,0,True
2025,35,20～39歳,400,4000000.0,269384.2380422813,767389.1434926242,66700.0,178200.0,355569.0,194300.0,0.0,22404.0763570634,572273.0763570634,817173.0763570634,3182826.9236429366,20.429326908926583,79.57067309107342,79.57067309107342,1.6675,4.455,8.889225,4.8575,0.0,0.5601019089265851,男性,0,True
2025,35,20～39歳,450,4500000.0,303057.2677975665,863312.7864292022,82800.0,209800.0,408273.0,223100.0,0.0,25204.5859016963,656577.5859016964,949177.5859016964,3550822.4140983038,21.09283524225992,78.90716475774009,78.90716475774009,1.8399999999999999,4.662222222222223,9.072733333333332,4.957777777777777,0.0,0.5601019089265844,男性,0,True
2025,35,20～39歳,500,5000000.0,336730.29755285167,959236.4293657802,118800.0,241400.0,460977.0,251900.0,0.0,28005.0954463293,740882.0954463293,1101082.0954463293,3898917.9045536704,22.021641908926586,77.9783580910734,77.9783580910734,2.376,4.828,9.21954,5.038,0.0,0.560101908926586,男性,0,True
2025,35,20～39歳,550,5500000.0,370403.3273081368,1055160.0723023582,151000.0,272900.0,513681.0,280700.0,0.0,30805.6049909622,825186.6049909622,1249086.6049909622,4250913.395009038,22.71066554529022,77.28933445470977,77.28933445470977,2.745454545454545,4.961818181818182,9.339654545454545,5.1036363636363635,0.0,0.5601019089265855,男性,0,True
2025,35,20～39歳,600,6000000.0,404076.357063422,1151083.7152389362,185000.0,306200.0,555405.0,303500.0,0.0,33606.1145355951,892511.1145355952,1383711.1145355953,4616288.885464405,23.061851908926588,76.93814809107342,76.93814809107342,3.0833333333333335,5.1033333333333335,9.25675,5.058333333333334,0.0,0.5601019089265851,男性,0,True
2025,35,20～39歳,650,6500000.0,437749.3868187071,1247007.3581755143,219000.0,339500.0,597129.0,326300.0,0.0,36406.6240802281,959835.624080228,1518335.6240802282,4981664.375919772,23.35900960123428,76.64099039876572,76.64099039876572,3.3692307692307697,5.223076923076923,9.1866,5.0200000000000005,0.0,0.5601019089265862,男性,0,True
2025,35,20～39歳,700,7000000.0,471422.41657399235,1342931.0011120923,286700.0,376700.0,638853.0,349100.0,0.0,39207.133624861,1027160.133624861,1690560.133624861,5309439.866375139,24.15085905178373,75.84914094821627,75.84914094821627,4.095714285714286,5.381428571428572,9.126471428571428,4.9871428571428575,0.0,0.5601019089265857,男性,0,True
2025,35,20～39歳,750,7500000.0,505095.4463292775,1438854.6440486703,365000.0,415000.0,680577.0,371900.0,0.0,42007.6431694939,1094484.6431694939,1874484.6431694939,5625515.356830506,24.99312857559325,75.00687142440674,75.00687142440674,4.866666666666666,5.533333333333333,9.074359999999999,4.958666666666667,0.0,0.5601019089265854,男性,0,True
2025,35,20～39歳,800,8000000.0,538768.4760845626,1534778.2869852483,443200.0,453300.0,722301.0,394700.0,0.0,44808.1527141268,1161809.1527141267,2058309.1527141267,5941690.847285873,25.728864408926583,74.27113559107342,74.27113559107342,5.54,5.66625,9.0287625,4.93375,0.0,0.5601019089265851,男性,0,True
2025,35,20～39歳,850,8500000.0,572441.5058398478,1630701.9299218263,521200.0,491500.0,764025.0,417500.0,0.0,47608.6622587598,1229133.6622587598,2241833.66225876,6258166.33774124,26.37451367363247,73.62548632636752,73.62548632636752,6.131764705882353,5.7823529411764705,8.988529411764706,4.911764705882353,0.0,0.560101908926586,男性,0,True
2025,35,20～39歳,900,9000000.0,606114.535595133,1726625.5728584044,609400.0,529700.0,838689.0,458300.0,0.0,50409.1718033927,1347398.1718033927,2486498.1718033925,6513501.8281966075,27.627757464482137,72.37224253551786,72.37224253551786,6.771111111111111,5.885555555555555,9.318766666666667,5.092222222222222,0.0,0.5601019089265855,男性,0,True
2025,35,20～39歳,950,9500000.0,639787.5653504181,1822549.2157949824,697800.0,573000.0,880413.0,481100.0,0.0,53209.6813480256,1414722.6813480256,2685522.681348026,6814477.318651974,28.268659803663432,71.73134019633657,71.73134019633657,7.3452631578947365,6.031578947368422,9.267505263157895,5.06421052631579,0.0,0.5601019089265853,男性,0,True
2025,35,20～39歳,1000,10000000.0,673460.5951057033,1918472.8587315604,792800.0,619500.0,889197.0,503900.0,0.0,56010.1908926586,1449107.1908926587,2861407.1908926587,7138592.809107341,28.614071908926586,71.38592809107341,71.38592809107341,7.928,6.194999999999999,8.89197,5.039,0.0,0.560101908926586,男性,0,True
2025,35,20～39歳,1050,10500000.0,707133.6248609885,2014396.5016681384,887900.0,666100.0,897981.0,526700.0,0.0,58810.7004372915,1483491.7004372915,3037491.7004372915,7462508.2995627085,28.92849238511706,71.07150761488293,71.07150761488293,8.456190476190477,6.343809523809524,8.552200000000001,5.016190476190476,0.0,0.5601019089265857,男性,0,True
2025,35,20～39歳,1100,11000000.0,740806.6546162736,2110320.1446047164,981800.0,712100.0,906765.0,555500.0,0.0,61611.2099819244,1523876.2099819244,3217776.2099819244,7782223.790018076,29.252510999835675,70.74748900016434,70.74748900016434,8.925454545454546,6.473636363636364,8.243318181818182,5.050000000000001,0.0,0.5601019089265855,男性,0,True
2025,35,20～39歳,1150,11500000.0,774479.6843715588,2206243.7875412945,1089500.0,758000.0,915549.0,584300.0,0.0,64411.7195265573,1564260.7195265573,3411760.7195265573,8088239.280473443,29.66748451762224,70.33251548237777,70.33251548237777,9.47391304347826,6.591304347826086,7.961295652173914,5.080869565217391,0.0,0.5601019089265852,男性,0,True
2025,35,20～39歳,1200,12000000.0,808152.714126844,2302167.4304778725,1203200.0,806400.0,924333.0,589100.0,0.0,67212.2290711903,1580645.2290711903,3590245.2290711906,8409754.77092881,29.918710242259923,70.08128975774008,70.08128975774008,10.026666666666667,6.72,7.702775000000001,4.909166666666667,0.0,0.560101908926586,男性,0,True
2025,35,20～39歳,1250,12500000.0,841825.7438821291,2398091.0734144505,1311000.0,852300.0,933117.0,617900.0,0.0,70012.7386158232,1621029.7386158232,3784329.738615823,8715670.261384178,30.274637908926582,69.72536209107344,69.72536209107344,10.488,6.8184,7.464936,4.9432,0.0,0.5601019089265855,男性,0,True
2025,35,20～39歳,1300,13000000.0,875498.7736374142,2494014.7163510285,1417600.0,897700.0,941901.0,652700.0,0.0,72813.2481604561,1667414.248160456,3982714.2481604563,9017285.751839545,30.636263447388124,69.36373655261188,69.36373655261188,10.904615384615385,6.905384615384616,7.245392307692308,5.020769230769231,0.0,0.5601019089265854,男性,0,True
2025,35,20～39歳,1350,13500000.0,909171.8033926995,2589938.3592876066,1550300.0,943100.0,950502.0,687400.0,0.0,75613.7577050891,1713515.7577050892,4206915.757705089,9293084.242294911,31.16233894596362,68.83766105403637,68.83766105403637,11.483703703703704,6.985925925925926,7.040755555555556,5.091851851851851,0.0,0.560101908926586,男性,0,True
2025,35,20～39歳,1400,14000000.0,942844.8331479847,2685862.0022241846,1713400.0,991500.0,959286.0,692200.0,0.0,78414.267249722,1729900.267249722,4434800.267249722,9565199.732750278,31.677144766069443,68.32285523393055,68.32285523393055,12.23857142857143,7.082142857142857,6.852042857142856,4.944285714285714,0.0,0.5601019089265857,男性,0,True
2025,35,20～39歳,1450,14500000.0,976517.8629032697,2781785.6451607626,1866000.0,1036800.0,968070.0,727000.0,0.0,81214.7767943549,1776284.776794355,4679084.776794355,9820915.223205643,32.26955018478866,67.73044981521133,67.73044981521133,12.868965517241381,7.150344827586208,6.676344827586207,5.013793103448276,0.0,0.5601019089265855,男性,0,True
2025,35,20～39歳,1500,15000000.0,1010190.892658555,2877709.2880973406,2019000.0,1082200.0,976854.0,761800.0,0.0,84015.2863389878,1822669.2863389878,4923869.286338988,10076130.713661011,32.82579524225992,67.17420475774007,67.17420475774007,13.459999999999999,7.214666666666666,6.51236,5.078666666666667,0.0,0.5601019089265854,男性,0,True
2025,45,40～64歳,200,2000000.0,134692.11902114065,383694.5717463121,3100.0,60600.0,182085.0,99500.0,15833.9,11202.0381785317,308620.9381785317,372320.9381785317,1627679.0618214682,18.616046908926588,81.38395309107341,81.38395309107341,0.155,3.0300000000000002,9.10425,4.9750000000000005,0.7916949999999999,0.5601019089265851,男性,0,True
2025,45,40～64歳,250,2500000.0,168365.14877642583,479618.2146828901,20300.0,87400.0,230397.0,125900.0,20035.1,14002.5477231646,390334.6477231646,498034.6477231646,2001965.3522768354,19.921385908926585,80.07861409107342,80.07861409107342,0.812,3.496,9.21588,5.0360000000000005,0.801404,0.560101908926584,男性,0,True
2025,45,40～64歳,300,3000000.0,202038.178531711,575541.8576194681,34600.0,115300.0,272121.0,148700.0,23663.3,16803.0572677976,461287.3572677976,611187.3572677976,2388812.6427322025,20.372911908926586,79.62708809107342,79.62708809107342,1.1533333333333333,3.8433333333333333,9.0707,4.956666666666667,0.7887766666666667,0.5601019089265867,男性,0,True
2025,45,40～64歳,350,3500000.0,235711.20828699617,671465.5005560461,47900.0,141400.0,324825.0,177500.0,28246.5,19603.5668124305,550175.0668124305,739475.0668124305,2760524.9331875695,21.12785905178373,78.87214094821627,78.87214094821627,1.3685714285714285,4.04,9.280714285714286,5.071428571428571,0.8070428571428572,0.5601019089265857,男性,0,True
2025,45,40～64歳,400,4000000.0,269384.2380422813,767389.1434926242,65100.0,175100.0,355569.0,194300.0,30919.7,22404.0763570634,603192.7763570633,843392.7763570633,3156607.223642937,21.084819408926585,78.91518059107342,78.91518059107342,1.6275000000000002,4.3775,8.889225,4.8575,0.7729925000000001,0.5601019089265851,男性,0,True
2025,45,40～64歳,450,4500000.0,303057.2677975665,863312.7864292022,81000.0,206200.0,408273.0,223100.0,35502.9,25204.5859016963,692080.4859016964,979280.4859016964,3520719.5140983034,21.76178857559325,78.23821142440674,78.23821142440674,1.7999999999999998,4.582222222222223,9.072733333333332,4.957777777777777,0.7889533333333334,0.5601019089265844,男性,0,True
2025,45,40～64歳,500,5000000.0,336730.29755285167,959236.4293657802,114700.0,237400.0,460977.0,251900.0,40086.1,28005.0954463293,780968.1954463293,1133068.1954463292,3866931.804553671,22.661363908926585,77.33863609107343,77.33863609107343,2.294,4.748,9.21954,5.038,0.801722,0.560101908926586,男性,0,True
2025,45,40～64歳,550,5500000.0,370403.3273081368,1055160.0723023582,146500.0,268500.0,513681.0,280700.0,44669.3,30805.6049909622,869855.9049909622,1284855.9049909622,4215144.095009038,23.36101645438113,76.63898354561887,76.63898354561887,2.6636363636363636,4.881818181818182,9.339654545454545,5.1036363636363635,0.812169090909091,0.5601019089265855,男性,0,True
2025,45,40～64歳,600,6000000.0,404076.357063422,1151083.7152389362,180100.0,301400.0,555405.0,303500.0,48297.5,33606.1145355951,940808.6145355952,1422308.6145355953,4577691.385464405,23.705143575593254,76.29485642440675,76.29485642440675,3.001666666666667,5.023333333333333,9.25675,5.058333333333334,0.8049583333333334,0.5601019089265851,男性,0,True
2025,45,40～64歳,650,6500000.0,437749.3868187071,1247007.3581755143,213600.0,334300.0,597129.0,326300.0,51925.7,36406.6240802281,1011761.324080228,1559661.3240802279,4940338.675919772,23.994789601234277,76.00521039876573,76.00521039876573,3.286153846153846,5.143076923076923,9.1866,5.0200000000000005,0.7988569230769231,0.5601019089265862,男性,0,True
2025,45,40～64歳,700,7000000.0,471422.41657399235,1342931.0011120923,275500.0,371200.0,638853.0,349100.0,55553.9,39207.133624861,1082714.033624861,1729414.033624861,5270585.966375139,24.70591476606944,75.29408523393056,75.29408523393056,3.9357142857142855,5.302857142857143,9.126471428571428,4.9871428571428575,0.7936271428571429,0.5601019089265857,男性,0,True
2025,45,40～64歳,750,7500000.0,505095.4463292775,1438854.6440486703,352900.0,409100.0,680577.0,371900.0,59182.1,42007.6431694939,1153666.743169494,1915666.743169494,5584333.256830506,25.542223242259922,74.45777675774008,74.45777675774008,4.705333333333334,5.454666666666666,9.074359999999999,4.958666666666667,0.7890946666666666,0.5601019089265854,男性,0,True
2025,45,40～64歳,800,8000000.0,538768.4760845626,1534778.2869852483,430300.0,447000.0,722301.0,394700.0,62810.3,44808.1527141268,1224619.4527141268,2101919.4527141266,5898080.547285873,26.273993158926583,73.72600684107343,73.72600684107343,5.37875,5.5875,9.0287625,4.93375,0.78512875,0.5601019089265851,男性,0,True
2025,45,40～64歳,850,8500000.0,572441.5058398478,1630701.9299218263,507700.0,484900.0,764025.0,417500.0,66438.5,47608.6622587598,1295572.1622587598,2288172.16225876,6211827.83774124,26.919672497161883,73.08032750283812,73.08032750283812,5.972941176470589,5.704705882352941,8.988529411764706,4.911764705882353,0.7816294117647058,0.560101908926586,男性,0,True
2025,45,40～64歳,900,9000000.0,606114.535595133,1726625.5728584044,594500.0,522400.0,838689.0,458300.0,72931.7,50409.1718033927,1420329.8718033927,2537229.8718033927,6462770.128196607,28.1914430200377,71.8085569799623,71.8085569799623,6.605555555555556,5.804444444444445,9.318766666666667,5.092222222222222,0.8103522222222221,0.5601019089265855,男性,0,True
2025,45,40～64歳,950,9500000.0,639787.5653504181,1822549.2157949824,682100.0,565300.0,880413.0,481100.0,76559.9,53209.6813480256,1491282.5813480255,2738682.5813480252,6761317.418651975,28.828237698400265,71.17176230159974,71.17176230159974,7.180000000000001,5.950526315789474,9.267505263157895,5.06421052631579,0.8058936842105263,0.5601019089265853,男性,0,True
2025,45,40～64歳,1000,10000000.0,673460.5951057033,1918472.8587315604,776400.0,611500.0,889197.0,503900.0,80188.1,56010.1908926586,1529295.2908926588,2917195.2908926588,7082804.709107341,29.171952908926585,70.82804709107342,70.82804709107342,7.764,6.115,8.89197,5.039,0.8018810000000001,0.560101908926586,男性,0,True
2025,45,40～64歳,1050,10500000.0,707133.6248609885,2014396.5016681384,870800.0,657700.0,897981.0,526700.0,83816.3,58810.7004372915,1567308.0004372916,3095808.0004372913,7404191.999562709,29.48388571845039,70.5161142815496,70.5161142815496,8.293333333333333,6.263809523809524,8.552200000000001,5.016190476190476,0.7982504761904763,0.5601019089265857,男性,0,True
2025,45,40～64歳,1100,11000000.0,740806.6546162736,2110320.1446047164,963700.0,703200.0,906765.0,555500.0,88399.5,61611.2099819244,1612275.7099819244,3279175.7099819244,7720824.290018076,29.810688272562945,70.18931172743706,70.18931172743706,8.760909090909092,6.392727272727273,8.243318181818182,5.050000000000001,0.8036318181818183,0.5601019089265855,男性,0,True
2025,45,40～64歳,1150,11500000.0,774479.6843715588,2206243.7875412945,1067700.0,748700.0,915549.0,584300.0,92982.7,64411.7195265573,1657243.4195265572,3473643.4195265574,8026356.580473443,30.205594952404844,69.79440504759515,69.79440504759515,9.284347826086957,6.510434782608695,7.961295652173914,5.080869565217391,0.8085452173913044,0.5601019089265852,男性,0,True
2025,45,40～64歳,1200,12000000.0,808152.714126844,2302167.4304778725,1181100.0,797000.0,924333.0,589100.0,93745.9,67212.2290711903,1674391.1290711903,3652491.12907119,8347508.87092881,30.437426075593248,69.56257392440675,69.56257392440675,9.8425,6.641666666666667,7.702775000000001,4.909166666666667,0.7812158333333332,0.560101908926586,男性,0,True
2025,45,40～64歳,1250,12500000.0,841825.7438821291,2398091.0734144505,1287900.0,842500.0,933117.0,617900.0,98329.1,70012.7386158232,1719358.8386158233,3849758.8386158235,8650241.161384176,30.798070708926588,69.20192929107341,69.20192929107341,10.3032,6.74,7.464936,4.9432,0.7866328,0.5601019089265855,男性,0,True
2025,45,40～64歳,1300,13000000.0,875498.7736374142,2494014.7163510285,1393100.0,887300.0,941901.0,652700.0,103867.3,72813.2481604561,1771281.5481604561,4051681.548160456,8948318.451839544,31.166781139695814,68.83321886030419,68.83321886030419,10.716153846153846,6.825384615384615,7.245392307692308,5.020769230769231,0.7989792307692308,0.5601019089265854,男性,0,True
2025,45,40～64歳,1350,13500000.0,909171.8033926995,2589938.3592876066,1513600.0,932200.0,950502.0,687400.0,109389.6,75613.7577050891,1822905.3577050893,4268705.357705089,9231294.64229491,31.620039686704366,68.37996031329563,68.37996031329563,11.211851851851852,6.905185185185185,7.040755555555556,5.091851851851851,0.8102933333333334,0.560101908926586,男性,0,True
2025,45,40～64歳,1400,14000000.0,942844.8331479847,2685862.0022241846,1676000.0,980400.0,959286.0,692200.0,110152.8,78414.267249722,1840053.067249722,4496453.067249722,9503546.932750277,32.117521908926584,67.88247809107341,67.88247809107341,11.971428571428572,7.002857142857143,6.852042857142856,4.944285714285714,0.7868057142857142,0.5601019089265857,男性,0,True
2025,45,40～64歳,1450,14500000.0,976517.8629032697,2781785.6451607626,1827300.0,1025300.0,968070.0,727000.0,115691.0,81214.7767943549,1891975.776794355,4744575.776794355,9755424.223205643,32.72121225375418,67.27878774624581,67.27878774624581,12.602068965517244,7.071034482758622,6.676344827586207,5.013793103448276,0.7978689655172415,0.5601019089265855,男性,0,True
2025,45,40～64歳,1500,15000000.0,1010190.892658555,2877709.2880973406,1978200.0,1070100.0,976854.0,761800.0,121229.2,84015.2863389878,1943898.4863389877,4992198.486338988,10007801.513661012,33.281323242259916,66.71867675774008,66.71867675774008,13.187999999999999,7.134,6.51236,5.078666666666667,0.8081946666666666,0.5601019089265854,男性,0,True
