analysis,record_type,year,period,start_year,end_year,metric,value,unit,check,comparison,note,industry,establishment_size,employment_type,model_age,model_sex,resident_tax_timing,cpi_series,base_year
take_home_wage,annual_main,1990,,,,resident_tax_income_year,1990.0,value,,,,調査産業計,5人以上,就業形態計,35,male,income_year,持家の帰属家賃を除く総合,1990
take_home_wage,annual_main,1991,,,,resident_tax_income_year,1991.0,value,,,,調査産業計,5人以上,就業形態計,35,male,income_year,持家の帰属家賃を除く総合,1990
take_home_wage,annual_main,1992,,,,resident_tax_income_year,1992.0,value,,,,調査産業計,5人以上,就業形態計,35,male,income_year,持家の帰属家賃を除く総合,1990
take_home_wage,annual_main,1993,,,,resident_tax_income_year,1993.0,value,,,,調査産業計,5人以上,就業形態計,35,male,income_year,持家の帰属家賃を除く総合,1990
take_home_wage,annual_main,1994,,,,resident_tax_income_year,1994.0,value,,,,調査産業計,5人以上,就業形態計,35,male,income_year,持家の帰属家賃を除く総合,1990
take_home_wage,annual_main,1995,,,,resident_tax_income_year,1995.0,value,,,,調査産業計,5人以上,就業形態計,35,male,income_year,持家の帰属家賃を除く総合,1990
take_home_wage,annual_main,1996,,,,resident_tax_income_year,1996.0,value,,,,調査産業計,5人以上,就業形態計,35,male,income_year,持家の帰属家賃を除く総合,1990
take_home_wage,annual_main,1997,,,,resident_tax_income_year,1997.0,value,,,,調査産業計,5人以上,就業形態計,35,male,income_year,持家の帰属家賃を除く総合,1990
take_home_wage,annual_main,1998,,,,resident_tax_income_year,1998.0,value,,,,調査産業計,5人以上,就業形態計,35,male,income_year,持家の帰属家賃を除く総合,1990
take_home_wage,annual_main,1999,,,,resident_tax_income_year,1999.0,value,,,,調査産業計,5人以上,就業形態計,35,male,income_year,持家の帰属家賃を除く総合,1990
take_home_wage,annual_main,2000,,,,resident_tax_income_year,2000.0,value,,,,調査産業計,5人以上,就業形態計,35,male,income_year,持家の帰属家賃を除く総合,1990
take_home_wage,annual_main,2001,,,,resident_tax_income_year,2001.0,value,,,,調査産業計,5人以上,就業形態計,35,male,income_year,持家の帰属家賃を除く総合,1990
take_home_wage,annual_main,2002,,,,resident_tax_income_year,2002.0,value,,,,調査産業計,5人以上,就業形態計,35,male,income_year,持家の帰属家賃を除く総合,1990
take_home_wage,annual_main,2003,,,,resident_tax_income_year,2003.0,value,,,,調査産業計,5人以上,就業形態計,35,male,income_year,持家の帰属家賃を除く総合,1990
take_home_wage,annual_main,2004,,,,resident_tax_income_year,2004.0,value,,,,調査産業計,5人以上,就業形態計,35,male,income_year,持家の帰属家賃を除く総合,1990
take_home_wage,annual_main,2005,,,,resident_tax_income_year,2005.0,value,,,,調査産業計,5人以上,就業形態計,35,male,income_year,持家の帰属家賃を除く総合,1990
take_home_wage,annual_main,2006,,,,resident_tax_income_year,2006.0,value,,,,調査産業計,5人以上,就業形態計,35,male,income_year,持家の帰属家賃を除く総合,1990
take_home_wage,annual_main,2007,,,,resident_tax_income_year,2007.0,value,,,,調査産業計,5人以上,就業形態計,35,male,income_year,持家の帰属家賃を除く総合,1990
take_home_wage,annual_main,2008,,,,resident_tax_income_year,2008.0,value,,,,調査産業計,5人以上,就業形態計,35,male,income_year,持家の帰属家賃を除く総合,1990
take_home_wage,annual_main,2009,,,,resident_tax_income_year,2009.0,value,,,,調査産業計,5人以上,就業形態計,35,male,income_year,持家の帰属家賃を除く総合,1990
take_home_wage,annual_main,2010,,,,resident_tax_income_year,2010.0,value,,,,調査産業計,5人以上,就業形態計,35,male,income_year,持家の帰属家賃を除く総合,1990
take_home_wage,annual_main,2011,,,,resident_tax_income_year,2011.0,value,,,,調査産業計,5人以上,就業形態計,35,male,income_year,持家の帰属家賃を除く総合,1990
take_home_wage,annual_main,2012,,,,resident_tax_income_year,2012.0,value,,,,調査産業計,5人以上,就業形態計,35,male,income_year,持家の帰属家賃を除く総合,1990
take_home_wage,annual_main,2013,,,,resident_tax_income_year,2013.0,value,,,,調査産業計,5人以上,就業形態計,35,male,income_year,持家の帰属家賃を除く総合,1990
take_home_wage,annual_main,2014,,,,resident_tax_income_year,2014.0,value,,,,調査産業計,5人以上,就業形態計,35,male,income_year,持家の帰属家賃を除く総合,1990
take_home_wage,annual_main,2015,,,,resident_tax_income_year,2015.0,value,,,,調査産業計,5人以上,就業形態計,35,male,income_year,持家の帰属家賃を除く総合,1990
take_home_wage,annual_main,2016,,,,resident_tax_income_year,2016.0,value,,,,調査産業計,5人以上,就業形態計,35,male,income_year,持家の帰属家賃を除く総合,1990
take_home_wage,annual_main,2017,,,,resident_tax_income_year,2017.0,value,,,,調査産業計,5人以上,就業形態計,35,male,income_year,持家の帰属家賃を除く総合,1990
take_home_wage,annual_main,2018,,,,resident_tax_income_year,2018.0,value,,,,調査産業計,5人以上,就業形態計,35,male,income_year,持家の帰属家賃を除く総合,1990
take_home_wage,annual_main,2019,,,,resident_tax_income_year,2019.0,value,,,,調査産業計,5人以上,就業形態計,35,male,income_year,持家の帰属家賃を除く総合,1990
take_home_wage,annual_main,2020,,,,resident_tax_income_year,2020.0,value,,,,調査産業計,5人以上,就業形態計,35,male,income_year,持家の帰属家賃を除く総合,1990
take_home_wage,annual_main,2021,,,,resident_tax_income_year,2021.0,value,,,,調査産業計,5人以上,就業形態計,35,male,income_year,持家の帰属家賃を除く総合,1990
take_home_wage,annual_main,2022,,,,resident_tax_income_year,2022.0,value,,,,調査産業計,5人以上,就業形態計,35,male,income_year,持家の帰属家賃を除く総合,1990
take_home_wage,annual_main,2023,,,,resident_tax_income_year,2023.0,value,,,,調査産業計,5人以上,就業形態計,35,male,income_year,持家の帰属家賃を除く総合,1990
take_home_wage,annual_main,2024,,,,resident_tax_income_year,2024.0,value,,,,調査産業計,5人以上,就業形態計,35,male,income_year,持家の帰属家賃を除く総合,1990
take_home_wage,annual_main,2025,,,,resident_tax_income_year,2025.0,value,,,,調査産業計,5人以上,就業形態計,35,male,income_year,持家の帰属家賃を除く総合,1990
take_home_wage,annual_main,1990,,,,monthly_total_cash_earnings_yen,328283.1666666667,yen,,,,調査産業計,5人以上,就業形態計,35,male,income_year,持家の帰属家賃を除く総合,1990
take_home_wage,annual_main,1991,,,,monthly_total_cash_earnings_yen,344495.75,yen,,,,調査産業計,5人以上,就業形態計,35,male,income_year,持家の帰属家賃を除く総合,1990
take_home_wage,annual_main,1992,,,,monthly_total_cash_earnings_yen,351587.8333333333,yen,,,,調査産業計,5人以上,就業形態計,35,male,income_year,持家の帰属家賃を除く総合,1990
take_home_wage,annual_main,1993,,,,monthly_total_cash_earnings_yen,352296.6666666667,yen,,,,調査産業計,5人以上,就業形態計,35,male,income_year,持家の帰属家賃を除く総合,1990
take_home_wage,annual_main,1994,,,,monthly_total_cash_earnings_yen,358037.4166666667,yen,,,,調査産業計,5人以上,就業形態計,35,male,income_year,持家の帰属家賃を除く総合,1990
take_home_wage,annual_main,1995,,,,monthly_total_cash_earnings_yen,362231.5,yen,,,,調査産業計,5人以上,就業形態計,35,male,income_year,持家の帰属家賃を除く総合,1990
take_home_wage,annual_main,1996,,,,monthly_total_cash_earnings_yen,365442.5833333333,yen,,,,調査産業計,5人以上,就業形態計,35,male,income_year,持家の帰属家賃を除く総合,1990
take_home_wage,annual_main,1997,,,,monthly_total_cash_earnings_yen,371306.75,yen,,,,調査産業計,5人以上,就業形態計,35,male,income_year,持家の帰属家賃を除く総合,1990
take_home_wage,annual_main,1998,,,,monthly_total_cash_earnings_yen,366352.5,yen,,,,調査産業計,5人以上,就業形態計,35,male,income_year,持家の帰属家賃を除く総合,1990
take_home_wage,annual_main,1999,,,,monthly_total_cash_earnings_yen,353564.25,yen,,,,調査産業計,5人以上,就業形態計,35,male,income_year,持家の帰属家賃を除く総合,1990
take_home_wage,annual_main,2000,,,,monthly_total_cash_earnings_yen,355305.5,yen,,,,調査産業計,5人以上,就業形態計,35,male,income_year,持家の帰属家賃を除く総合,1990
take_home_wage,annual_main,2001,,,,monthly_total_cash_earnings_yen,351227.6666666667,yen,,,,調査産業計,5人以上,就業形態計,35,male,income_year,持家の帰属家賃を除く総合,1990
take_home_wage,annual_main,2002,,,,monthly_total_cash_earnings_yen,343217.5,yen,,,,調査産業計,5人以上,就業形態計,35,male,income_year,持家の帰属家賃を除く総合,1990
take_home_wage,annual_main,2003,,,,monthly_total_cash_earnings_yen,341789.9166666667,yen,,,,調査産業計,5人以上,就業形態計,35,male,income_year,持家の帰属家賃を除く総合,1990
take_home_wage,annual_main,2004,,,,monthly_total_cash_earnings_yen,333219.0,yen,,,,調査産業計,5人以上,就業形態計,35,male,income_year,持家の帰属家賃を除く総合,1990
take_home_wage,annual_main,2005,,,,monthly_total_cash_earnings_yen,335498.5,yen,,,,調査産業計,5人以上,就業形態計,35,male,income_year,持家の帰属家賃を除く総合,1990
take_home_wage,annual_main,2006,,,,monthly_total_cash_earnings_yen,336304.5833333333,yen,,,,調査産業計,5人以上,就業形態計,35,male,income_year,持家の帰属家賃を除く総合,1990
take_home_wage,annual_main,2007,,,,monthly_total_cash_earnings_yen,330514.6666666667,yen,,,,調査産業計,5人以上,就業形態計,35,male,income_year,持家の帰属家賃を除く総合,1990
take_home_wage,annual_main,2008,,,,monthly_total_cash_earnings_yen,331680.5833333333,yen,,,,調査産業計,5人以上,就業形態計,35,male,income_year,持家の帰属家賃を除く総合,1990
take_home_wage,annual_main,2009,,,,monthly_total_cash_earnings_yen,316145.3333333333,yen,,,,調査産業計,5人以上,就業形態計,35,male,income_year,持家の帰属家賃を除く総合,1990
take_home_wage,annual_main,2010,,,,monthly_total_cash_earnings_yen,318146.25,yen,,,,調査産業計,5人以上,就業形態計,35,male,income_year,持家の帰属家賃を除く総合,1990
take_home_wage,annual_main,2011,,,,monthly_total_cash_earnings_yen,317604.25,yen,,,,調査産業計,5人以上,就業形態計,35,male,income_year,持家の帰属家賃を除く総合,1990
take_home_wage,annual_main,2012,,,,monthly_total_cash_earnings_yen,315157.3333333333,yen,,,,調査産業計,5人以上,就業形態計,35,male,income_year,持家の帰属家賃を除く総合,1990
take_home_wage,annual_main,2013,,,,monthly_total_cash_earnings_yen,315769.4166666667,yen,,,,調査産業計,5人以上,就業形態計,35,male,income_year,持家の帰属家賃を除く総合,1990
take_home_wage,annual_main,2014,,,,monthly_total_cash_earnings_yen,318848.1666666667,yen,,,,調査産業計,5人以上,就業形態計,35,male,income_year,持家の帰属家賃を除く総合,1990
take_home_wage,annual_main,2015,,,,monthly_total_cash_earnings_yen,315505.1666666667,yen,,,,調査産業計,5人以上,就業形態計,35,male,income_year,持家の帰属家賃を除く総合,1990
take_home_wage,annual_main,2016,,,,monthly_total_cash_earnings_yen,317503.1666666667,yen,,,,調査産業計,5人以上,就業形態計,35,male,income_year,持家の帰属家賃を除く総合,1990
take_home_wage,annual_main,2017,,,,monthly_total_cash_earnings_yen,319040.8333333333,yen,,,,調査産業計,5人以上,就業形態計,35,male,income_year,持家の帰属家賃を除く総合,1990
take_home_wage,annual_main,2018,,,,monthly_total_cash_earnings_yen,323232.0833333333,yen,,,,調査産業計,5人以上,就業形態計,35,male,income_year,持家の帰属家賃を除く総合,1990
take_home_wage,annual_main,2019,,,,monthly_total_cash_earnings_yen,322227.9166666667,yen,,,,調査産業計,5人以上,就業形態計,35,male,income_year,持家の帰属家賃を除く総合,1990
take_home_wage,annual_main,2020,,,,monthly_total_cash_earnings_yen,318299.5833333333,yen,,,,調査産業計,5人以上,就業形態計,35,male,income_year,持家の帰属家賃を除く総合,1990
take_home_wage,annual_main,2021,,,,monthly_total_cash_earnings_yen,319249.4166666667,yen,,,,調査産業計,5人以上,就業形態計,35,male,income_year,持家の帰属家賃を除く総合,1990
take_home_wage,annual_main,2022,,,,monthly_total_cash_earnings_yen,325527.0,yen,,,,調査産業計,5人以上,就業形態計,35,male,income_year,持家の帰属家賃を除く総合,1990
take_home_wage,annual_main,2023,,,,monthly_total_cash_earnings_yen,329417.1666666667,yen,,,,調査産業計,5人以上,就業形態計,35,male,income_year,持家の帰属家賃を除く総合,1990
take_home_wage,annual_main,2024,,,,monthly_total_cash_earnings_yen,347642.9166666667,yen,,,,調査産業計,5人以上,就業形態計,35,male,income_year,持家の帰属家賃を除く総合,1990
take_home_wage,annual_main,2025,,,,monthly_total_cash_earnings_yen,355636.1666666667,yen,,,,調査産業計,5人以上,就業形態計,35,male,income_year,持家の帰属家賃を除く総合,1990
take_home_wage,annual_main,1990,,,,monthly_regular_earnings_yen,249431.16666666663,yen,,,,調査産業計,5人以上,就業形態計,35,male,income_year,持家の帰属家賃を除く総合,1990
take_home_wage,annual_main,1991,,,,monthly_regular_earnings_yen,260722.91666666663,yen,,,,調査産業計,5人以上,就業形態計,35,male,income_year,持家の帰属家賃を除く総合,1990
take_home_wage,annual_main,1992,,,,monthly_regular_earnings_yen,267485.5833333333,yen,,,,調査産業計,5人以上,就業形態計,35,male,income_year,持家の帰属家賃を除く総合,1990
take_home_wage,annual_main,1993,,,,monthly_regular_earnings_yen,271167.5833333333,yen,,,,調査産業計,5人以上,就業形態計,35,male,income_year,持家の帰属家賃を除く総合,1990
take_home_wage,annual_main,1994,,,,monthly_regular_earnings_yen,277159.5,yen,,,,調査産業計,5人以上,就業形態計,35,male,income_year,持家の帰属家賃を除く総合,1990
take_home_wage,annual_main,1995,,,,monthly_regular_earnings_yen,281616.4166666667,yen,,,,調査産業計,5人以上,就業形態計,35,male,income_year,持家の帰属家賃を除く総合,1990
take_home_wage,annual_main,1996,,,,monthly_regular_earnings_yen,284968.9166666667,yen,,,,調査産業計,5人以上,就業形態計,35,male,income_year,持家の帰属家賃を除く総合,1990
take_home_wage,annual_main,1997,,,,monthly_regular_earnings_yen,288636.9166666667,yen,,,,調査産業計,5人以上,就業形態計,35,male,income_year,持家の帰属家賃を除く総合,1990
take_home_wage,annual_main,1998,,,,monthly_regular_earnings_yen,287854.4166666667,yen,,,,調査産業計,5人以上,就業形態計,35,male,income_year,持家の帰属家賃を除く総合,1990
take_home_wage,annual_main,1999,,,,monthly_regular_earnings_yen,281282.75,yen,,,,調査産業計,5人以上,就業形態計,35,male,income_year,持家の帰属家賃を除く総合,1990
take_home_wage,annual_main,2000,,,,monthly_regular_earnings_yen,283847.3333333333,yen,,,,調査産業計,5人以上,就業形態計,35,male,income_year,持家の帰属家賃を除く総合,1990
take_home_wage,annual_main,2001,,,,monthly_regular_earnings_yen,281884.0833333333,yen,,,,調査産業計,5人以上,就業形態計,35,male,income_year,持家の帰属家賃を除く総合,1990
take_home_wage,annual_main,2002,,,,monthly_regular_earnings_yen,278873.0833333333,yen,,,,調査産業計,5人以上,就業形態計,35,male,income_year,持家の帰属家賃を除く総合,1990
take_home_wage,annual_main,2003,,,,monthly_regular_earnings_yen,278748.25,yen,,,,調査産業計,5人以上,就業形態計,35,male,income_year,持家の帰属家賃を除く総合,1990
take_home_wage,annual_main,2004,,,,monthly_regular_earnings_yen,272360.9166666667,yen,,,,調査産業計,5人以上,就業形態計,35,male,income_year,持家の帰属家賃を除く総合,1990
take_home_wage,annual_main,2005,,,,monthly_regular_earnings_yen,273337.4166666667,yen,,,,調査産業計,5人以上,就業形態計,35,male,income_year,持家の帰属家賃を除く総合,1990
take_home_wage,annual_main,2006,,,,monthly_regular_earnings_yen,273141.0833333333,yen,,,,調査産業計,5人以上,就業形態計,35,male,income_year,持家の帰属家賃を除く総合,1990
take_home_wage,annual_main,2007,,,,monthly_regular_earnings_yen,269939.0,yen,,,,調査産業計,5人以上,就業形態計,35,male,income_year,持家の帰属家賃を除く総合,1990
take_home_wage,annual_main,2008,,,,monthly_regular_earnings_yen,270971.6666666667,yen,,,,調査産業計,5人以上,就業形態計,35,male,income_year,持家の帰属家賃を除く総合,1990
take_home_wage,annual_main,2009,,,,monthly_regular_earnings_yen,263087.3333333333,yen,,,,調査産業計,5人以上,就業形態計,35,male,income_year,持家の帰属家賃を除く総合,1990
take_home_wage,annual_main,2010,,,,monthly_regular_earnings_yen,263933.5833333333,yen,,,,調査産業計,5人以上,就業形態計,35,male,income_year,持家の帰属家賃を除く総合,1990
take_home_wage,annual_main,2011,,,,monthly_regular_earnings_yen,263046.25,yen,,,,調査産業計,5人以上,就業形態計,35,male,income_year,持家の帰属家賃を除く総合,1990
take_home_wage,annual_main,2012,,,,monthly_regular_earnings_yen,262541.25,yen,,,,調査産業計,5人以上,就業形態計,35,male,income_year,持家の帰属家賃を除く総合,1990
take_home_wage,annual_main,2013,,,,monthly_regular_earnings_yen,261747.41666666663,yen,,,,調査産業計,5人以上,就業形態計,35,male,income_year,持家の帰属家賃を除く総合,1990
take_home_wage,annual_main,2014,,,,monthly_regular_earnings_yen,262834.0,yen,,,,調査産業計,5人以上,就業形態計,35,male,income_year,持家の帰属家賃を除く総合,1990
take_home_wage,annual_main,2015,,,,monthly_regular_earnings_yen,260575.0,yen,,,,調査産業計,5人以上,就業形態計,35,male,income_year,持家の帰属家賃を除く総合,1990
take_home_wage,annual_main,2016,,,,monthly_regular_earnings_yen,261181.83333333337,yen,,,,調査産業計,5人以上,就業形態計,35,male,income_year,持家の帰属家賃を除く総合,1990
take_home_wage,annual_main,2017,,,,monthly_regular_earnings_yen,262401.5,yen,,,,調査産業計,5人以上,就業形態計,35,male,income_year,持家の帰属家賃を除く総合,1990
take_home_wage,annual_main,2018,,,,monthly_regular_earnings_yen,264566.0,yen,,,,調査産業計,5人以上,就業形態計,35,male,income_year,持家の帰属家賃を除く総合,1990
take_home_wage,annual_main,2019,,,,monthly_regular_earnings_yen,264170.8333333333,yen,,,,調査産業計,5人以上,就業形態計,35,male,income_year,持家の帰属家賃を除く総合,1990
take_home_wage,annual_main,2020,,,,monthly_regular_earnings_yen,262323.4166666667,yen,,,,調査産業計,5人以上,就業形態計,35,male,income_year,持家の帰属家賃を除く総合,1990
take_home_wage,annual_main,2021,,,,monthly_regular_earnings_yen,263737.25,yen,,,,調査産業計,5人以上,就業形態計,35,male,income_year,持家の帰属家賃を除く総合,1990
take_home_wage,annual_main,2022,,,,monthly_regular_earnings_yen,267455.8333333333,yen,,,,調査産業計,5人以上,就業形態計,35,male,income_year,持家の帰属家賃を除く総合,1990
take_home_wage,annual_main,2023,,,,monthly_regular_earnings_yen,270218.5,yen,,,,調査産業計,5人以上,就業形態計,35,male,income_year,持家の帰属家賃を除く総合,1990
take_home_wage,annual_main,2024,,,,monthly_regular_earnings_yen,281939.5833333333,yen,,,,調査産業計,5人以上,就業形態計,35,male,income_year,持家の帰属家賃を除く総合,1990
take_home_wage,annual_main,2025,,,,monthly_regular_earnings_yen,287408.3333333333,yen,,,,調査産業計,5人以上,就業形態計,35,male,income_year,持家の帰属家賃を除く総合,1990
take_home_wage,annual_main,1990,,,,monthly_special_earnings_yen,78852.0,yen,,,,調査産業計,5人以上,就業形態計,35,male,income_year,持家の帰属家賃を除く総合,1990
take_home_wage,annual_main,1991,,,,monthly_special_earnings_yen,83772.83333333333,yen,,,,調査産業計,5人以上,就業形態計,35,male,income_year,持家の帰属家賃を除く総合,1990
take_home_wage,annual_main,1992,,,,monthly_special_earnings_yen,84102.25,yen,,,,調査産業計,5人以上,就業形態計,35,male,income_year,持家の帰属家賃を除く総合,1990
take_home_wage,annual_main,1993,,,,monthly_special_earnings_yen,81129.08333333333,yen,,,,調査産業計,5人以上,就業形態計,35,male,income_year,持家の帰属家賃を除く総合,1990
take_home_wage,annual_main,1994,,,,monthly_special_earnings_yen,80877.91666666667,yen,,,,調査産業計,5人以上,就業形態計,35,male,income_year,持家の帰属家賃を除く総合,1990
take_home_wage,annual_main,1995,,,,monthly_special_earnings_yen,80615.08333333333,yen,,,,調査産業計,5人以上,就業形態計,35,male,income_year,持家の帰属家賃を除く総合,1990
take_home_wage,annual_main,1996,,,,monthly_special_earnings_yen,80473.66666666667,yen,,,,調査産業計,5人以上,就業形態計,35,male,income_year,持家の帰属家賃を除く総合,1990
take_home_wage,annual_main,1997,,,,monthly_special_earnings_yen,82669.83333333333,yen,,,,調査産業計,5人以上,就業形態計,35,male,income_year,持家の帰属家賃を除く総合,1990
take_home_wage,annual_main,1998,,,,monthly_special_earnings_yen,78498.08333333333,yen,,,,調査産業計,5人以上,就業形態計,35,male,income_year,持家の帰属家賃を除く総合,1990
take_home_wage,annual_main,1999,,,,monthly_special_earnings_yen,72281.5,yen,,,,調査産業計,5人以上,就業形態計,35,male,income_year,持家の帰属家賃を除く総合,1990
take_home_wage,annual_main,2000,,,,monthly_special_earnings_yen,71458.16666666667,yen,,,,調査産業計,5人以上,就業形態計,35,male,income_year,持家の帰属家賃を除く総合,1990
take_home_wage,annual_main,2001,,,,monthly_special_earnings_yen,69343.58333333333,yen,,,,調査産業計,5人以上,就業形態計,35,male,income_year,持家の帰属家賃を除く総合,1990
take_home_wage,annual_main,2002,,,,monthly_special_earnings_yen,64344.416666666664,yen,,,,調査産業計,5人以上,就業形態計,35,male,income_year,持家の帰属家賃を除く総合,1990
take_home_wage,annual_main,2003,,,,monthly_special_earnings_yen,63041.666666666664,yen,,,,調査産業計,5人以上,就業形態計,35,male,income_year,持家の帰属家賃を除く総合,1990
take_home_wage,annual_main,2004,,,,monthly_special_earnings_yen,60858.083333333336,yen,,,,調査産業計,5人以上,就業形態計,35,male,income_year,持家の帰属家賃を除く総合,1990
take_home_wage,annual_main,2005,,,,monthly_special_earnings_yen,62161.083333333336,yen,,,,調査産業計,5人以上,就業形態計,35,male,income_year,持家の帰属家賃を除く総合,1990
take_home_wage,annual_main,2006,,,,monthly_special_earnings_yen,63163.5,yen,,,,調査産業計,5人以上,就業形態計,35,male,income_year,持家の帰属家賃を除く総合,1990
take_home_wage,annual_main,2007,,,,monthly_special_earnings_yen,60575.666666666664,yen,,,,調査産業計,5人以上,就業形態計,35,male,income_year,持家の帰属家賃を除く総合,1990
take_home_wage,annual_main,2008,,,,monthly_special_earnings_yen,60708.916666666664,yen,,,,調査産業計,5人以上,就業形態計,35,male,income_year,持家の帰属家賃を除く総合,1990
take_home_wage,annual_main,2009,,,,monthly_special_earnings_yen,53058.0,yen,,,,調査産業計,5人以上,就業形態計,35,male,income_year,持家の帰属家賃を除く総合,1990
take_home_wage,annual_main,2010,,,,monthly_special_earnings_yen,54212.666666666664,yen,,,,調査産業計,5人以上,就業形態計,35,male,income_year,持家の帰属家賃を除く総合,1990
take_home_wage,annual_main,2011,,,,monthly_special_earnings_yen,54558.0,yen,,,,調査産業計,5人以上,就業形態計,35,male,income_year,持家の帰属家賃を除く総合,1990
take_home_wage,annual_main,2012,,,,monthly_special_earnings_yen,52616.083333333336,yen,,,,調査産業計,5人以上,就業形態計,35,male,income_year,持家の帰属家賃を除く総合,1990
take_home_wage,annual_main,2013,,,,monthly_special_earnings_yen,54022.0,yen,,,,調査産業計,5人以上,就業形態計,35,male,income_year,持家の帰属家賃を除く総合,1990
take_home_wage,annual_main,2014,,,,monthly_special_earnings_yen,56014.166666666664,yen,,,,調査産業計,5人以上,就業形態計,35,male,income_year,持家の帰属家賃を除く総合,1990
take_home_wage,annual_main,2015,,,,monthly_special_earnings_yen,54930.166666666664,yen,,,,調査産業計,5人以上,就業形態計,35,male,income_year,持家の帰属家賃を除く総合,1990
take_home_wage,annual_main,2016,,,,monthly_special_earnings_yen,56321.333333333336,yen,,,,調査産業計,5人以上,就業形態計,35,male,income_year,持家の帰属家賃を除く総合,1990
take_home_wage,annual_main,2017,,,,monthly_special_earnings_yen,56639.333333333336,yen,,,,調査産業計,5人以上,就業形態計,35,male,income_year,持家の帰属家賃を除く総合,1990
take_home_wage,annual_main,2018,,,,monthly_special_earnings_yen,58666.083333333336,yen,,,,調査産業計,5人以上,就業形態計,35,male,income_year,持家の帰属家賃を除く総合,1990
take_home_wage,annual_main,2019,,,,monthly_special_earnings_yen,58057.083333333336,yen,,,,調査産業計,5人以上,就業形態計,35,male,income_year,持家の帰属家賃を除く総合,1990
take_home_wage,annual_main,2020,,,,monthly_special_earnings_yen,55976.166666666664,yen,,,,調査産業計,5人以上,就業形態計,35,male,income_year,持家の帰属家賃を除く総合,1990
take_home_wage,annual_main,2021,,,,monthly_special_earnings_yen,55512.166666666664,yen,,,,調査産業計,5人以上,就業形態計,35,male,income_year,持家の帰属家賃を除く総合,1990
take_home_wage,annual_main,2022,,,,monthly_special_earnings_yen,58071.166666666664,yen,,,,調査産業計,5人以上,就業形態計,35,male,income_year,持家の帰属家賃を除く総合,1990
take_home_wage,annual_main,2023,,,,monthly_special_earnings_yen,59198.666666666664,yen,,,,調査産業計,5人以上,就業形態計,35,male,income_year,持家の帰属家賃を除く総合,1990
take_home_wage,annual_main,2024,,,,monthly_special_earnings_yen,65703.33333333333,yen,,,,調査産業計,5人以上,就業形態計,35,male,income_year,持家の帰属家賃を除く総合,1990
take_home_wage,annual_main,2025,,,,monthly_special_earnings_yen,68227.83333333333,yen,,,,調査産業計,5人以上,就業形態計,35,male,income_year,持家の帰属家賃を除く総合,1990
take_home_wage,annual_main,1990,,,,annual_regular_pay_yen,2993174.0,yen,,,,調査産業計,5人以上,就業形態計,35,male,income_year,持家の帰属家賃を除く総合,1990
take_home_wage,annual_main,1991,,,,annual_regular_pay_yen,3128675.0,yen,,,,調査産業計,5人以上,就業形態計,35,male,income_year,持家の帰属家賃を除く総合,1990
take_home_wage,annual_main,1992,,,,annual_regular_pay_yen,3209827.0,yen,,,,調査産業計,5人以上,就業形態計,35,male,income_year,持家の帰属家賃を除く総合,1990
take_home_wage,annual_main,1993,,,,annual_regular_pay_yen,3254011.0,yen,,,,調査産業計,5人以上,就業形態計,35,male,income_year,持家の帰属家賃を除く総合,1990
take_home_wage,annual_main,1994,,,,annual_regular_pay_yen,3325914.0,yen,,,,調査産業計,5人以上,就業形態計,35,male,income_year,持家の帰属家賃を除く総合,1990
take_home_wage,annual_main,1995,,,,annual_regular_pay_yen,3379397.0,yen,,,,調査産業計,5人以上,就業形態計,35,male,income_year,持家の帰属家賃を除く総合,1990
take_home_wage,annual_main,1996,,,,annual_regular_pay_yen,3419627.0,yen,,,,調査産業計,5人以上,就業形態計,35,male,income_year,持家の帰属家賃を除く総合,1990
take_home_wage,annual_main,1997,,,,annual_regular_pay_yen,3463643.0,yen,,,,調査産業計,5人以上,就業形態計,35,male,income_year,持家の帰属家賃を除く総合,1990
take_home_wage,annual_main,1998,,,,annual_regular_pay_yen,3454253.0,yen,,,,調査産業計,5人以上,就業形態計,35,male,income_year,持家の帰属家賃を除く総合,1990
take_home_wage,annual_main,1999,,,,annual_regular_pay_yen,3375393.0,yen,,,,調査産業計,5人以上,就業形態計,35,male,income_year,持家の帰属家賃を除く総合,1990
take_home_wage,annual_main,2000,,,,annual_regular_pay_yen,3406168.0,yen,,,,調査産業計,5人以上,就業形態計,35,male,income_year,持家の帰属家賃を除く総合,1990
take_home_wage,annual_main,2001,,,,annual_regular_pay_yen,3382609.0,yen,,,,調査産業計,5人以上,就業形態計,35,male,income_year,持家の帰属家賃を除く総合,1990
take_home_wage,annual_main,2002,,,,annual_regular_pay_yen,3346477.0,yen,,,,調査産業計,5人以上,就業形態計,35,male,income_year,持家の帰属家賃を除く総合,1990
take_home_wage,annual_main,2003,,,,annual_regular_pay_yen,3344979.0,yen,,,,調査産業計,5人以上,就業形態計,35,male,income_year,持家の帰属家賃を除く総合,1990
take_home_wage,annual_main,2004,,,,annual_regular_pay_yen,3268331.0,yen,,,,調査産業計,5人以上,就業形態計,35,male,income_year,持家の帰属家賃を除く総合,1990
take_home_wage,annual_main,2005,,,,annual_regular_pay_yen,3280049.0,yen,,,,調査産業計,5人以上,就業形態計,35,male,income_year,持家の帰属家賃を除く総合,1990
take_home_wage,annual_main,2006,,,,annual_regular_pay_yen,3277693.0,yen,,,,調査産業計,5人以上,就業形態計,35,male,income_year,持家の帰属家賃を除く総合,1990
take_home_wage,annual_main,2007,,,,annual_regular_pay_yen,3239268.0,yen,,,,調査産業計,5人以上,就業形態計,35,male,income_year,持家の帰属家賃を除く総合,1990
take_home_wage,annual_main,2008,,,,annual_regular_pay_yen,3251660.0,yen,,,,調査産業計,5人以上,就業形態計,35,male,income_year,持家の帰属家賃を除く総合,1990
take_home_wage,annual_main,2009,,,,annual_regular_pay_yen,3157048.0,yen,,,,調査産業計,5人以上,就業形態計,35,male,income_year,持家の帰属家賃を除く総合,1990
take_home_wage,annual_main,2010,,,,annual_regular_pay_yen,3167203.0,yen,,,,調査産業計,5人以上,就業形態計,35,male,income_year,持家の帰属家賃を除く総合,1990
take_home_wage,annual_main,2011,,,,annual_regular_pay_yen,3156555.0,yen,,,,調査産業計,5人以上,就業形態計,35,male,income_year,持家の帰属家賃を除く総合,1990
take_home_wage,annual_main,2012,,,,annual_regular_pay_yen,3150495.0,yen,,,,調査産業計,5人以上,就業形態計,35,male,income_year,持家の帰属家賃を除く総合,1990
take_home_wage,annual_main,2013,,,,annual_regular_pay_yen,3140969.0,yen,,,,調査産業計,5人以上,就業形態計,35,male,income_year,持家の帰属家賃を除く総合,1990
take_home_wage,annual_main,2014,,,,annual_regular_pay_yen,3154008.0,yen,,,,調査産業計,5人以上,就業形態計,35,male,income_year,持家の帰属家賃を除く総合,1990
take_home_wage,annual_main,2015,,,,annual_regular_pay_yen,3126900.0,yen,,,,調査産業計,5人以上,就業形態計,35,male,income_year,持家の帰属家賃を除く総合,1990
take_home_wage,annual_main,2016,,,,annual_regular_pay_yen,3134182.0,yen,,,,調査産業計,5人以上,就業形態計,35,male,income_year,持家の帰属家賃を除く総合,1990
take_home_wage,annual_main,2017,,,,annual_regular_pay_yen,3148818.0,yen,,,,調査産業計,5人以上,就業形態計,35,male,income_year,持家の帰属家賃を除く総合,1990
take_home_wage,annual_main,2018,,,,annual_regular_pay_yen,3174792.0,yen,,,,調査産業計,5人以上,就業形態計,35,male,income_year,持家の帰属家賃を除く総合,1990
take_home_wage,annual_main,2019,,,,annual_regular_pay_yen,3170050.0,yen,,,,調査産業計,5人以上,就業形態計,35,male,income_year,持家の帰属家賃を除く総合,1990
take_home_wage,annual_main,2020,,,,annual_regular_pay_yen,3147881.0,yen,,,,調査産業計,5人以上,就業形態計,35,male,income_year,持家の帰属家賃を除く総合,1990
take_home_wage,annual_main,2021,,,,annual_regular_pay_yen,3164847.0,yen,,,,調査産業計,5人以上,就業形態計,35,male,income_year,持家の帰属家賃を除く総合,1990
take_home_wage,annual_main,2022,,,,annual_regular_pay_yen,3209470.0,yen,,,,調査産業計,5人以上,就業形態計,35,male,income_year,持家の帰属家賃を除く総合,1990
take_home_wage,annual_main,2023,,,,annual_regular_pay_yen,3242622.0,yen,,,,調査産業計,5人以上,就業形態計,35,male,income_year,持家の帰属家賃を除く総合,1990
take_home_wage,annual_main,2024,,,,annual_regular_pay_yen,3383275.0,yen,,,,調査産業計,5人以上,就業形態計,35,male,income_year,持家の帰属家賃を除く総合,1990
take_home_wage,annual_main,2025,,,,annual_regular_pay_yen,3448900.0,yen,,,,調査産業計,5人以上,就業形態計,35,male,income_year,持家の帰属家賃を除く総合,1990
take_home_wage,annual_main,1990,,,,annual_bonus_yen,946224.0,yen,,,,調査産業計,5人以上,就業形態計,35,male,income_year,持家の帰属家賃を除く総合,1990
take_home_wage,annual_main,1991,,,,annual_bonus_yen,1005274.0,yen,,,,調査産業計,5人以上,就業形態計,35,male,income_year,持家の帰属家賃を除く総合,1990
take_home_wage,annual_main,1992,,,,annual_bonus_yen,1009227.0,yen,,,,調査産業計,5人以上,就業形態計,35,male,income_year,持家の帰属家賃を除く総合,1990
take_home_wage,annual_main,1993,,,,annual_bonus_yen,973549.0,yen,,,,調査産業計,5人以上,就業形態計,35,male,income_year,持家の帰属家賃を除く総合,1990
take_home_wage,annual_main,1994,,,,annual_bonus_yen,970535.0,yen,,,,調査産業計,5人以上,就業形態計,35,male,income_year,持家の帰属家賃を除く総合,1990
take_home_wage,annual_main,1995,,,,annual_bonus_yen,967381.0,yen,,,,調査産業計,5人以上,就業形態計,35,male,income_year,持家の帰属家賃を除く総合,1990
take_home_wage,annual_main,1996,,,,annual_bonus_yen,965684.0,yen,,,,調査産業計,5人以上,就業形態計,35,male,income_year,持家の帰属家賃を除く総合,1990
take_home_wage,annual_main,1997,,,,annual_bonus_yen,992038.0,yen,,,,調査産業計,5人以上,就業形態計,35,male,income_year,持家の帰属家賃を除く総合,1990
take_home_wage,annual_main,1998,,,,annual_bonus_yen,941977.0,yen,,,,調査産業計,5人以上,就業形態計,35,male,income_year,持家の帰属家賃を除く総合,1990
take_home_wage,annual_main,1999,,,,annual_bonus_yen,867378.0,yen,,,,調査産業計,5人以上,就業形態計,35,male,income_year,持家の帰属家賃を除く総合,1990
take_home_wage,annual_main,2000,,,,annual_bonus_yen,857498.0,yen,,,,調査産業計,5人以上,就業形態計,35,male,income_year,持家の帰属家賃を除く総合,1990
take_home_wage,annual_main,2001,,,,annual_bonus_yen,832123.0,yen,,,,調査産業計,5人以上,就業形態計,35,male,income_year,持家の帰属家賃を除く総合,1990
take_home_wage,annual_main,2002,,,,annual_bonus_yen,772133.0,yen,,,,調査産業計,5人以上,就業形態計,35,male,income_year,持家の帰属家賃を除く総合,1990
take_home_wage,annual_main,2003,,,,annual_bonus_yen,756500.0,yen,,,,調査産業計,5人以上,就業形態計,35,male,income_year,持家の帰属家賃を除く総合,1990
take_home_wage,annual_main,2004,,,,annual_bonus_yen,730297.0,yen,,,,調査産業計,5人以上,就業形態計,35,male,income_year,持家の帰属家賃を除く総合,1990
take_home_wage,annual_main,2005,,,,annual_bonus_yen,745933.0,yen,,,,調査産業計,5人以上,就業形態計,35,male,income_year,持家の帰属家賃を除く総合,1990
take_home_wage,annual_main,2006,,,,annual_bonus_yen,757962.0,yen,,,,調査産業計,5人以上,就業形態計,35,male,income_year,持家の帰属家賃を除く総合,1990
take_home_wage,annual_main,2007,,,,annual_bonus_yen,726908.0,yen,,,,調査産業計,5人以上,就業形態計,35,male,income_year,持家の帰属家賃を除く総合,1990
take_home_wage,annual_main,2008,,,,annual_bonus_yen,728507.0,yen,,,,調査産業計,5人以上,就業形態計,35,male,income_year,持家の帰属家賃を除く総合,1990
take_home_wage,annual_main,2009,,,,annual_bonus_yen,636696.0,yen,,,,調査産業計,5人以上,就業形態計,35,male,income_year,持家の帰属家賃を除く総合,1990
take_home_wage,annual_main,2010,,,,annual_bonus_yen,650552.0,yen,,,,調査産業計,5人以上,就業形態計,35,male,income_year,持家の帰属家賃を除く総合,1990
take_home_wage,annual_main,2011,,,,annual_bonus_yen,654696.0,yen,,,,調査産業計,5人以上,就業形態計,35,male,income_year,持家の帰属家賃を除く総合,1990
take_home_wage,annual_main,2012,,,,annual_bonus_yen,631393.0,yen,,,,調査産業計,5人以上,就業形態計,35,male,income_year,持家の帰属家賃を除く総合,1990
take_home_wage,annual_main,2013,,,,annual_bonus_yen,648264.0,yen,,,,調査産業計,5人以上,就業形態計,35,male,income_year,持家の帰属家賃を除く総合,1990
take_home_wage,annual_main,2014,,,,annual_bonus_yen,672170.0,yen,,,,調査産業計,5人以上,就業形態計,35,male,income_year,持家の帰属家賃を除く総合,1990
take_home_wage,annual_main,2015,,,,annual_bonus_yen,659162.0,yen,,,,調査産業計,5人以上,就業形態計,35,male,income_year,持家の帰属家賃を除く総合,1990
take_home_wage,annual_main,2016,,,,annual_bonus_yen,675856.0,yen,,,,調査産業計,5人以上,就業形態計,35,male,income_year,持家の帰属家賃を除く総合,1990
take_home_wage,annual_main,2017,,,,annual_bonus_yen,679672.0,yen,,,,調査産業計,5人以上,就業形態計,35,male,income_year,持家の帰属家賃を除く総合,1990
take_home_wage,annual_main,2018,,,,annual_bonus_yen,703993.0,yen,,,,調査産業計,5人以上,就業形態計,35,male,income_year,持家の帰属家賃を除く総合,1990
take_home_wage,annual_main,2019,,,,annual_bonus_yen,696685.0,yen,,,,調査産業計,5人以上,就業形態計,35,male,income_year,持家の帰属家賃を除く総合,1990
take_home_wage,annual_main,2020,,,,annual_bonus_yen,671714.0,yen,,,,調査産業計,5人以上,就業形態計,35,male,income_year,持家の帰属家賃を除く総合,1990
take_home_wage,annual_main,2021,,,,annual_bonus_yen,666146.0,yen,,,,調査産業計,5人以上,就業形態計,35,male,income_year,持家の帰属家賃を除く総合,1990
take_home_wage,annual_main,2022,,,,annual_bonus_yen,696854.0,yen,,,,調査産業計,5人以上,就業形態計,35,male,income_year,持家の帰属家賃を除く総合,1990
take_home_wage,annual_main,2023,,,,annual_bonus_yen,710384.0,yen,,,,調査産業計,5人以上,就業形態計,35,male,income_year,持家の帰属家賃を除く総合,1990
take_home_wage,annual_main,2024,,,,annual_bonus_yen,788440.0,yen,,,,調査産業計,5人以上,就業形態計,35,male,income_year,持家の帰属家賃を除く総合,1990
take_home_wage,annual_main,2025,,,,annual_bonus_yen,818734.0,yen,,,,調査産業計,5人以上,就業形態計,35,male,income_year,持家の帰属家賃を除く総合,1990
take_home_wage,annual_main,1990,,,,gross_salary_yen,3939398.0,yen,,,,調査産業計,5人以上,就業形態計,35,male,income_year,持家の帰属家賃を除く総合,1990
take_home_wage,annual_main,1991,,,,gross_salary_yen,4133949.0,yen,,,,調査産業計,5人以上,就業形態計,35,male,income_year,持家の帰属家賃を除く総合,1990
take_home_wage,annual_main,1992,,,,gross_salary_yen,4219054.0,yen,,,,調査産業計,5人以上,就業形態計,35,male,income_year,持家の帰属家賃を除く総合,1990
take_home_wage,annual_main,1993,,,,gross_salary_yen,4227560.0,yen,,,,調査産業計,5人以上,就業形態計,35,male,income_year,持家の帰属家賃を除く総合,1990
take_home_wage,annual_main,1994,,,,gross_salary_yen,4296449.0,yen,,,,調査産業計,5人以上,就業形態計,35,male,income_year,持家の帰属家賃を除く総合,1990
take_home_wage,annual_main,1995,,,,gross_salary_yen,4346778.0,yen,,,,調査産業計,5人以上,就業形態計,35,male,income_year,持家の帰属家賃を除く総合,1990
take_home_wage,annual_main,1996,,,,gross_salary_yen,4385311.0,yen,,,,調査産業計,5人以上,就業形態計,35,male,income_year,持家の帰属家賃を除く総合,1990
take_home_wage,annual_main,1997,,,,gross_salary_yen,4455681.0,yen,,,,調査産業計,5人以上,就業形態計,35,male,income_year,持家の帰属家賃を除く総合,1990
take_home_wage,annual_main,1998,,,,gross_salary_yen,4396230.0,yen,,,,調査産業計,5人以上,就業形態計,35,male,income_year,持家の帰属家賃を除く総合,1990
take_home_wage,annual_main,1999,,,,gross_salary_yen,4242771.0,yen,,,,調査産業計,5人以上,就業形態計,35,male,income_year,持家の帰属家賃を除く総合,1990
take_home_wage,annual_main,2000,,,,gross_salary_yen,4263666.0,yen,,,,調査産業計,5人以上,就業形態計,35,male,income_year,持家の帰属家賃を除く総合,1990
take_home_wage,annual_main,2001,,,,gross_salary_yen,4214732.0,yen,,,,調査産業計,5人以上,就業形態計,35,male,income_year,持家の帰属家賃を除く総合,1990
take_home_wage,annual_main,2002,,,,gross_salary_yen,4118610.0,yen,,,,調査産業計,5人以上,就業形態計,35,male,income_year,持家の帰属家賃を除く総合,1990
take_home_wage,annual_main,2003,,,,gross_salary_yen,4101479.0,yen,,,,調査産業計,5人以上,就業形態計,35,male,income_year,持家の帰属家賃を除く総合,1990
take_home_wage,annual_main,2004,,,,gross_salary_yen,3998628.0,yen,,,,調査産業計,5人以上,就業形態計,35,male,income_year,持家の帰属家賃を除く総合,1990
take_home_wage,annual_main,2005,,,,gross_salary_yen,4025982.0,yen,,,,調査産業計,5人以上,就業形態計,35,male,income_year,持家の帰属家賃を除く総合,1990
take_home_wage,annual_main,2006,,,,gross_salary_yen,4035655.0,yen,,,,調査産業計,5人以上,就業形態計,35,male,income_year,持家の帰属家賃を除く総合,1990
take_home_wage,annual_main,2007,,,,gross_salary_yen,3966176.0,yen,,,,調査産業計,5人以上,就業形態計,35,male,income_year,持家の帰属家賃を除く総合,1990
take_home_wage,annual_main,2008,,,,gross_salary_yen,3980167.0,yen,,,,調査産業計,5人以上,就業形態計,35,male,income_year,持家の帰属家賃を除く総合,1990
take_home_wage,annual_main,2009,,,,gross_salary_yen,3793744.0,yen,,,,調査産業計,5人以上,就業形態計,35,male,income_year,持家の帰属家賃を除く総合,1990
take_home_wage,annual_main,2010,,,,gross_salary_yen,3817755.0,yen,,,,調査産業計,5人以上,就業形態計,35,male,income_year,持家の帰属家賃を除く総合,1990
take_home_wage,annual_main,2011,,,,gross_salary_yen,3811251.0,yen,,,,調査産業計,5人以上,就業形態計,35,male,income_year,持家の帰属家賃を除く総合,1990
take_home_wage,annual_main,2012,,,,gross_salary_yen,3781888.0,yen,,,,調査産業計,5人以上,就業形態計,35,male,income_year,持家の帰属家賃を除く総合,1990
take_home_wage,annual_main,2013,,,,gross_salary_yen,3789233.0,yen,,,,調査産業計,5人以上,就業形態計,35,male,income_year,持家の帰属家賃を除く総合,1990
take_home_wage,annual_main,2014,,,,gross_salary_yen,3826178.0,yen,,,,調査産業計,5人以上,就業形態計,35,male,income_year,持家の帰属家賃を除く総合,1990
take_home_wage,annual_main,2015,,,,gross_salary_yen,3786062.0,yen,,,,調査産業計,5人以上,就業形態計,35,male,income_year,持家の帰属家賃を除く総合,1990
take_home_wage,annual_main,2016,,,,gross_salary_yen,3810038.0,yen,,,,調査産業計,5人以上,就業形態計,35,male,income_year,持家の帰属家賃を除く総合,1990
take_home_wage,annual_main,2017,,,,gross_salary_yen,3828490.0,yen,,,,調査産業計,5人以上,就業形態計,35,male,income_year,持家の帰属家賃を除く総合,1990
take_home_wage,annual_main,2018,,,,gross_salary_yen,3878785.0,yen,,,,調査産業計,5人以上,就業形態計,35,male,income_year,持家の帰属家賃を除く総合,1990
take_home_wage,annual_main,2019,,,,gross_salary_yen,3866735.0,yen,,,,調査産業計,5人以上,就業形態計,35,male,income_year,持家の帰属家賃を除く総合,1990
take_home_wage,annual_main,2020,,,,gross_salary_yen,3819595.0,yen,,,,調査産業計,5人以上,就業形態計,35,male,income_year,持家の帰属家賃を除く総合,1990
take_home_wage,annual_main,2021,,,,gross_salary_yen,3830993.0,yen,,,,調査産業計,5人以上,就業形態計,35,male,income_year,持家の帰属家賃を除く総合,1990
take_home_wage,annual_main,2022,,,,gross_salary_yen,3906324.0,yen,,,,調査産業計,5人以上,就業形態計,35,male,income_year,持家の帰属家賃を除く総合,1990
take_home_wage,annual_main,2023,,,,gross_salary_yen,3953006.0,yen,,,,調査産業計,5人以上,就業形態計,35,male,income_year,持家の帰属家賃を除く総合,1990
take_home_wage,annual_main,2024,,,,gross_salary_yen,4171715.0,yen,,,,調査産業計,5人以上,就業形態計,35,male,income_year,持家の帰属家賃を除く総合,1990
take_home_wage,annual_main,2025,,,,gross_salary_yen,4267634.0,yen,,,,調査産業計,5人以上,就業形態計,35,male,income_year,持家の帰属家賃を除く総合,1990
take_home_wage,annual_main,1990,,,,pension_yen,205920.0,yen,,,,調査産業計,5人以上,就業形態計,35,male,income_year,持家の帰属家賃を除く総合,1990
take_home_wage,annual_main,1991,,,,pension_yen,226200.0,yen,,,,調査産業計,5人以上,就業形態計,35,male,income_year,持家の帰属家賃を除く総合,1990
take_home_wage,annual_main,1992,,,,pension_yen,226200.0,yen,,,,調査産業計,5人以上,就業形態計,35,male,income_year,持家の帰属家賃を除く総合,1990
take_home_wage,annual_main,1993,,,,pension_yen,243600.0,yen,,,,調査産業計,5人以上,就業形態計,35,male,income_year,持家の帰属家賃を除く総合,1990
take_home_wage,annual_main,1994,,,,pension_yen,249200.0,yen,,,,調査産業計,5人以上,就業形態計,35,male,income_year,持家の帰属家賃を除く総合,1990
take_home_wage,annual_main,1995,,,,pension_yen,282036.0,yen,,,,調査産業計,5人以上,就業形態計,35,male,income_year,持家の帰属家賃を除く総合,1990
take_home_wage,annual_main,1996,,,,pension_yen,285598.0,yen,,,,調査産業計,5人以上,就業形態計,35,male,income_year,持家の帰属家賃を除く総合,1990
take_home_wage,annual_main,1997,,,,pension_yen,296440.0,yen,,,,調査産業計,5人以上,就業形態計,35,male,income_year,持家の帰属家賃を除く総合,1990
take_home_wage,annual_main,1998,,,,pension_yen,296189.0,yen,,,,調査産業計,5人以上,就業形態計,35,male,income_year,持家の帰属家賃を除く総合,1990
take_home_wage,annual_main,1999,,,,pension_yen,295816.0,yen,,,,調査産業計,5人以上,就業形態計,35,male,income_year,持家の帰属家賃を除く総合,1990
take_home_wage,annual_main,2000,,,,pension_yen,295767.0,yen,,,,調査産業計,5人以上,就業形態計,35,male,income_year,持家の帰属家賃を除く総合,1990
take_home_wage,annual_main,2001,,,,pension_yen,295640.0,yen,,,,調査産業計,5人以上,就業形態計,35,male,income_year,持家の帰属家賃を除く総合,1990
take_home_wage,annual_main,2002,,,,pension_yen,295340.0,yen,,,,調査産業計,5人以上,就業形態計,35,male,income_year,持家の帰属家賃を除く総合,1990
take_home_wage,annual_main,2003,,,,pension_yen,295310.4,yen,,,,調査産業計,5人以上,就業形態計,35,male,income_year,持家の帰属家賃を除く総合,1990
take_home_wage,annual_main,2004,,,,pension_yen,279843.85,yen,,,,調査産業計,5人以上,就業形態計,35,male,income_year,持家の帰属家賃を除く総合,1990
take_home_wage,annual_main,2005,,,,pension_yen,288566.52,yen,,,,調査産業計,5人以上,就業形態計,35,male,income_year,持家の帰属家賃を除く総合,1990
take_home_wage,annual_main,2006,,,,pension_yen,296698.5,yen,,,,調査産業計,5人以上,就業形態計,35,male,income_year,持家の帰属家賃を除く総合,1990
take_home_wage,annual_main,2007,,,,pension_yen,284048.97,yen,,,,調査産業計,5人以上,就業形態計,35,male,income_year,持家の帰属家賃を除く総合,1990
take_home_wage,annual_main,2008,,,,pension_yen,309144.92,yen,,,,調査産業計,5人以上,就業形態計,35,male,income_year,持家の帰属家賃を除く総合,1990
take_home_wage,annual_main,2009,,,,pension_yen,290676.66,yen,,,,調査産業計,5人以上,就業形態計,35,male,income_year,持家の帰属家賃を除く総合,1990
take_home_wage,annual_main,2010,,,,pension_yen,298436.45,yen,,,,調査産業計,5人以上,就業形態計,35,male,income_year,持家の帰属家賃を除く総合,1990
take_home_wage,annual_main,2011,,,,pension_yen,305434.05,yen,,,,調査産業計,5人以上,就業形態計,35,male,income_year,持家の帰属家賃を除く総合,1990
take_home_wage,annual_main,2012,,,,pension_yen,310123.35,yen,,,,調査産業計,5人以上,就業形態計,35,male,income_year,持家の帰属家賃を除く総合,1990
take_home_wage,annual_main,2013,,,,pension_yen,318285.72,yen,,,,調査産業計,5人以上,就業形態計,35,male,income_year,持家の帰属家賃を除く総合,1990
take_home_wage,annual_main,2014,,,,pension_yen,327030.72,yen,,,,調査産業計,5人以上,就業形態計,35,male,income_year,持家の帰属家賃を除く総合,1990
take_home_wage,annual_main,2015,,,,pension_yen,332506.99,yen,,,,調査産業計,5人以上,就業形態計,35,male,income_year,持家の帰属家賃を除く総合,1990
take_home_wage,annual_main,2016,,,,pension_yen,340634.45,yen,,,,調査産業計,5人以上,就業形態計,35,male,income_year,持家の帰属家賃を除く総合,1990
take_home_wage,annual_main,2017,,,,pension_yen,346089.79,yen,,,,調査産業計,5人以上,就業形態計,35,male,income_year,持家の帰属家賃を除く総合,1990
take_home_wage,annual_main,2018,,,,pension_yen,349713.0,yen,,,,調査産業計,5人以上,就業形態計,35,male,income_year,持家の帰属家賃を除く総合,1990
take_home_wage,annual_main,2019,,,,pension_yen,349164.0,yen,,,,調査産業計,5人以上,就業形態計,35,male,income_year,持家の帰属家賃を除く総合,1990
take_home_wage,annual_main,2020,,,,pension_yen,346785.0,yen,,,,調査産業計,5人以上,就業形態計,35,male,income_year,持家の帰属家賃を除く総合,1990
take_home_wage,annual_main,2021,,,,pension_yen,346419.0,yen,,,,調査産業計,5人以上,就業形態計,35,male,income_year,持家の帰属家賃を除く総合,1990
take_home_wage,annual_main,2022,,,,pension_yen,349164.0,yen,,,,調査産業計,5人以上,就業形態計,35,male,income_year,持家の帰属家賃を除く総合,1990
take_home_wage,annual_main,2023,,,,pension_yen,372405.0,yen,,,,調査産業計,5人以上,就業形態計,35,male,income_year,持家の帰属家賃を除く総合,1990
take_home_wage,annual_main,2024,,,,pension_yen,379542.0,yen,,,,調査産業計,5人以上,就業形態計,35,male,income_year,持家の帰属家賃を除く総合,1990
take_home_wage,annual_main,2025,,,,pension_yen,382287.0,yen,,,,調査産業計,5人以上,就業形態計,35,male,income_year,持家の帰属家賃を除く総合,1990
take_home_wage,annual_main,1990,,,,health_insurance_yen,123798.6,yen,,,,調査産業計,5人以上,就業形態計,35,male,income_year,持家の帰属家賃を除く総合,1990
take_home_wage,annual_main,1991,,,,health_insurance_yen,134055.6,yen,,,,調査産業計,5人以上,就業形態計,35,male,income_year,持家の帰属家賃を除く総合,1990
take_home_wage,annual_main,1992,,,,health_insurance_yen,131727.6,yen,,,,調査産業計,5人以上,就業形態計,35,male,income_year,持家の帰属家賃を除く総合,1990
take_home_wage,annual_main,1993,,,,health_insurance_yen,140680.2,yen,,,,調査産業計,5人以上,就業形態計,35,male,income_year,持家の帰属家賃を除く総合,1990
take_home_wage,annual_main,1994,,,,health_insurance_yen,140671.2,yen,,,,調査産業計,5人以上,就業形態計,35,male,income_year,持家の帰属家賃を除く総合,1990
take_home_wage,annual_main,1995,,,,health_insurance_yen,140661.6,yen,,,,調査産業計,5人以上,就業形態計,35,male,income_year,持家の帰属家賃を除く総合,1990
take_home_wage,annual_main,1996,,,,health_insurance_yen,140656.8,yen,,,,調査産業計,5人以上,就業形態計,35,male,income_year,持家の帰属家賃を除く総合,1990
take_home_wage,annual_main,1997,,,,health_insurance_yen,142416.0,yen,,,,調査産業計,5人以上,就業形態計,35,male,income_year,持家の帰属家賃を除く総合,1990
take_home_wage,annual_main,1998,,,,health_insurance_yen,145625.4,yen,,,,調査産業計,5人以上,就業形態計,35,male,income_year,持家の帰属家賃を除く総合,1990
take_home_wage,annual_main,1999,,,,health_insurance_yen,145401.6,yen,,,,調査産業計,5人以上,就業形態計,35,male,income_year,持家の帰属家賃を除く総合,1990
take_home_wage,annual_main,2000,,,,health_insurance_yen,145372.2,yen,,,,調査産業計,5人以上,就業形態計,35,male,income_year,持家の帰属家賃を除く総合,1990
take_home_wage,annual_main,2001,,,,health_insurance_yen,145296.0,yen,,,,調査産業計,5人以上,就業形態計,35,male,income_year,持家の帰属家賃を除く総合,1990
take_home_wage,annual_main,2002,,,,health_insurance_yen,145116.0,yen,,,,調査産業計,5人以上,就業形態計,35,male,income_year,持家の帰属家賃を除く総合,1990
take_home_wage,annual_main,2003,,,,health_insurance_yen,170016.0,yen,,,,調査産業計,5人以上,就業形態計,35,male,income_year,持家の帰属家賃を除く総合,1990
take_home_wage,annual_main,2004,,,,health_insurance_yen,167690.0,yen,,,,調査産業計,5人以上,就業形態計,35,male,income_year,持家の帰属家賃を除く総合,1990
take_home_wage,annual_main,2005,,,,health_insurance_yen,168264.0,yen,,,,調査産業計,5人以上,就業形態計,35,male,income_year,持家の帰属家賃を除く総合,1990
take_home_wage,annual_main,2006,,,,health_insurance_yen,168756.0,yen,,,,調査産業計,5人以上,就業形態計,35,male,income_year,持家の帰属家賃を除く総合,1990
take_home_wage,annual_main,2007,,,,health_insurance_yen,157686.0,yen,,,,調査産業計,5人以上,就業形態計,35,male,income_year,持家の帰属家賃を除く総合,1990
take_home_wage,annual_main,2008,,,,health_insurance_yen,167608.0,yen,,,,調査産業計,5人以上,就業形態計,35,male,income_year,持家の帰属家賃を除く総合,1990
take_home_wage,annual_main,2009,,,,health_insurance_yen,153996.0,yen,,,,調査産業計,5人以上,就業形態計,35,male,income_year,持家の帰属家賃を除く総合,1990
take_home_wage,annual_main,2010,,,,health_insurance_yen,173095.0,yen,,,,調査産業計,5人以上,就業形態計,35,male,income_year,持家の帰属家賃を除く総合,1990
take_home_wage,annual_main,2011,,,,health_insurance_yen,178849.0,yen,,,,調査産業計,5人以上,就業形態計,35,male,income_year,持家の帰属家賃を除く総合,1990
take_home_wage,annual_main,2012,,,,health_insurance_yen,186200.0,yen,,,,調査産業計,5人以上,就業形態計,35,male,income_year,持家の帰属家賃を除く総合,1990
take_home_wage,annual_main,2013,,,,health_insurance_yen,188400.0,yen,,,,調査産業計,5人以上,就業形態計,35,male,income_year,持家の帰属家賃を除く総合,1990
take_home_wage,annual_main,2014,,,,health_insurance_yen,189600.0,yen,,,,調査産業計,5人以上,就業形態計,35,male,income_year,持家の帰属家賃を除く総合,1990
take_home_wage,annual_main,2015,,,,health_insurance_yen,188900.0,yen,,,,調査産業計,5人以上,就業形態計,35,male,income_year,持家の帰属家賃を除く総合,1990
take_home_wage,annual_main,2016,,,,health_insurance_yen,189700.0,yen,,,,調査産業計,5人以上,就業形態計,35,male,income_year,持家の帰属家賃を除く総合,1990
take_home_wage,annual_main,2017,,,,health_insurance_yen,189900.0,yen,,,,調査産業計,5人以上,就業形態計,35,male,income_year,持家の帰属家賃を除く総合,1990
take_home_wage,annual_main,2018,,,,health_insurance_yen,191100.0,yen,,,,調査産業計,5人以上,就業形態計,35,male,income_year,持家の帰属家賃を除く総合,1990
take_home_wage,annual_main,2019,,,,health_insurance_yen,190800.0,yen,,,,調査産業計,5人以上,就業形態計,35,male,income_year,持家の帰属家賃を除く総合,1990
take_home_wage,annual_main,2020,,,,health_insurance_yen,189500.0,yen,,,,調査産業計,5人以上,就業形態計,35,male,income_year,持家の帰属家賃を除く総合,1990
take_home_wage,annual_main,2021,,,,health_insurance_yen,189300.0,yen,,,,調査産業計,5人以上,就業形態計,35,male,income_year,持家の帰属家賃を除く総合,1990
take_home_wage,annual_main,2022,,,,health_insurance_yen,190800.0,yen,,,,調査産業計,5人以上,就業形態計,35,male,income_year,持家の帰属家賃を除く総合,1990
take_home_wage,annual_main,2023,,,,health_insurance_yen,203500.0,yen,,,,調査産業計,5人以上,就業形態計,35,male,income_year,持家の帰属家賃を除く総合,1990
take_home_wage,annual_main,2024,,,,health_insurance_yen,207400.0,yen,,,,調査産業計,5人以上,就業形態計,35,male,income_year,持家の帰属家賃を除く総合,1990
take_home_wage,annual_main,2025,,,,health_insurance_yen,208900.0,yen,,,,調査産業計,5人以上,就業形態計,35,male,income_year,持家の帰属家賃を除く総合,1990
take_home_wage,annual_main,1990,,,,long_term_care_yen,0.0,yen,,,,調査産業計,5人以上,就業形態計,35,male,income_year,持家の帰属家賃を除く総合,1990
take_home_wage,annual_main,1991,,,,long_term_care_yen,0.0,yen,,,,調査産業計,5人以上,就業形態計,35,male,income_year,持家の帰属家賃を除く総合,1990
take_home_wage,annual_main,1992,,,,long_term_care_yen,0.0,yen,,,,調査産業計,5人以上,就業形態計,35,male,income_year,持家の帰属家賃を除く総合,1990
take_home_wage,annual_main,1993,,,,long_term_care_yen,0.0,yen,,,,調査産業計,5人以上,就業形態計,35,male,income_year,持家の帰属家賃を除く総合,1990
take_home_wage,annual_main,1994,,,,long_term_care_yen,0.0,yen,,,,調査産業計,5人以上,就業形態計,35,male,income_year,持家の帰属家賃を除く総合,1990
take_home_wage,annual_main,1995,,,,long_term_care_yen,0.0,yen,,,,調査産業計,5人以上,就業形態計,35,male,income_year,持家の帰属家賃を除く総合,1990
take_home_wage,annual_main,1996,,,,long_term_care_yen,0.0,yen,,,,調査産業計,5人以上,就業形態計,35,male,income_year,持家の帰属家賃を除く総合,1990
take_home_wage,annual_main,1997,,,,long_term_care_yen,0.0,yen,,,,調査産業計,5人以上,就業形態計,35,male,income_year,持家の帰属家賃を除く総合,1990
take_home_wage,annual_main,1998,,,,long_term_care_yen,0.0,yen,,,,調査産業計,5人以上,就業形態計,35,male,income_year,持家の帰属家賃を除く総合,1990
take_home_wage,annual_main,1999,,,,long_term_care_yen,0.0,yen,,,,調査産業計,5人以上,就業形態計,35,male,income_year,持家の帰属家賃を除く総合,1990
take_home_wage,annual_main,2000,,,,long_term_care_yen,0.0,yen,,,,調査産業計,5人以上,就業形態計,35,male,income_year,持家の帰属家賃を除く総合,1990
take_home_wage,annual_main,2001,,,,long_term_care_yen,0.0,yen,,,,調査産業計,5人以上,就業形態計,35,male,income_year,持家の帰属家賃を除く総合,1990
take_home_wage,annual_main,2002,,,,long_term_care_yen,0.0,yen,,,,調査産業計,5人以上,就業形態計,35,male,income_year,持家の帰属家賃を除く総合,1990
take_home_wage,annual_main,2003,,,,long_term_care_yen,0.0,yen,,,,調査産業計,5人以上,就業形態計,35,male,income_year,持家の帰属家賃を除く総合,1990
take_home_wage,annual_main,2004,,,,long_term_care_yen,0.0,yen,,,,調査産業計,5人以上,就業形態計,35,male,income_year,持家の帰属家賃を除く総合,1990
take_home_wage,annual_main,2005,,,,long_term_care_yen,0.0,yen,,,,調査産業計,5人以上,就業形態計,35,male,income_year,持家の帰属家賃を除く総合,1990
take_home_wage,annual_main,2006,,,,long_term_care_yen,0.0,yen,,,,調査産業計,5人以上,就業形態計,35,male,income_year,持家の帰属家賃を除く総合,1990
take_home_wage,annual_main,2007,,,,long_term_care_yen,0.0,yen,,,,調査産業計,5人以上,就業形態計,35,male,income_year,持家の帰属家賃を除く総合,1990
take_home_wage,annual_main,2008,,,,long_term_care_yen,0.0,yen,,,,調査産業計,5人以上,就業形態計,35,male,income_year,持家の帰属家賃を除く総合,1990
take_home_wage,annual_main,2009,,,,long_term_care_yen,0.0,yen,,,,調査産業計,5人以上,就業形態計,35,male,income_year,持家の帰属家賃を除く総合,1990
take_home_wage,annual_main,2010,,,,long_term_care_yen,0.0,yen,,,,調査産業計,5人以上,就業形態計,35,male,income_year,持家の帰属家賃を除く総合,1990
take_home_wage,annual_main,2011,,,,long_term_care_yen,0.0,yen,,,,調査産業計,5人以上,就業形態計,35,male,income_year,持家の帰属家賃を除く総合,1990
take_home_wage,annual_main,2012,,,,long_term_care_yen,0.0,yen,,,,調査産業計,5人以上,就業形態計,35,male,income_year,持家の帰属家賃を除く総合,1990
take_home_wage,annual_main,2013,,,,long_term_care_yen,0.0,yen,,,,調査産業計,5人以上,就業形態計,35,male,income_year,持家の帰属家賃を除く総合,1990
take_home_wage,annual_main,2014,,,,long_term_care_yen,0.0,yen,,,,調査産業計,5人以上,就業形態計,35,male,income_year,持家の帰属家賃を除く総合,1990
take_home_wage,annual_main,2015,,,,long_term_care_yen,0.0,yen,,,,調査産業計,5人以上,就業形態計,35,male,income_year,持家の帰属家賃を除く総合,1990
take_home_wage,annual_main,2016,,,,long_term_care_yen,0.0,yen,,,,調査産業計,5人以上,就業形態計,35,male,income_year,持家の帰属家賃を除く総合,1990
take_home_wage,annual_main,2017,,,,long_term_care_yen,0.0,yen,,,,調査産業計,5人以上,就業形態計,35,male,income_year,持家の帰属家賃を除く総合,1990
take_home_wage,annual_main,2018,,,,long_term_care_yen,0.0,yen,,,,調査産業計,5人以上,就業形態計,35,male,income_year,持家の帰属家賃を除く総合,1990
take_home_wage,annual_main,2019,,,,long_term_care_yen,0.0,yen,,,,調査産業計,5人以上,就業形態計,35,male,income_year,持家の帰属家賃を除く総合,1990
take_home_wage,annual_main,2020,,,,long_term_care_yen,0.0,yen,,,,調査産業計,5人以上,就業形態計,35,male,income_year,持家の帰属家賃を除く総合,1990
take_home_wage,annual_main,2021,,,,long_term_care_yen,0.0,yen,,,,調査産業計,5人以上,就業形態計,35,male,income_year,持家の帰属家賃を除く総合,1990
take_home_wage,annual_main,2022,,,,long_term_care_yen,0.0,yen,,,,調査産業計,5人以上,就業形態計,35,male,income_year,持家の帰属家賃を除く総合,1990
take_home_wage,annual_main,2023,,,,long_term_care_yen,0.0,yen,,,,調査産業計,5人以上,就業形態計,35,male,income_year,持家の帰属家賃を除く総合,1990
take_home_wage,annual_main,2024,,,,long_term_care_yen,0.0,yen,,,,調査産業計,5人以上,就業形態計,35,male,income_year,持家の帰属家賃を除く総合,1990
take_home_wage,annual_main,2025,,,,long_term_care_yen,0.0,yen,,,,調査産業計,5人以上,就業形態計,35,male,income_year,持家の帰属家賃を除く総合,1990
take_home_wage,annual_main,1990,,,,employment_insurance_yen,21666.689,yen,,,,調査産業計,5人以上,就業形態計,35,male,income_year,持家の帰属家賃を除く総合,1990
take_home_wage,annual_main,1991,,,,employment_insurance_yen,22736.7195,yen,,,,調査産業計,5人以上,就業形態計,35,male,income_year,持家の帰属家賃を除く総合,1990
take_home_wage,annual_main,1992,,,,employment_insurance_yen,19788.19975,yen,,,,調査産業計,5人以上,就業形態計,35,male,income_year,持家の帰属家賃を除く総合,1990
take_home_wage,annual_main,1993,,,,employment_insurance_yen,17316.991375,yen,,,,調査産業計,5人以上,就業形態計,35,male,income_year,持家の帰属家賃を除く総合,1990
take_home_wage,annual_main,1994,,,,employment_insurance_yen,17185.796,yen,,,,調査産業計,5人以上,就業形態計,35,male,income_year,持家の帰属家賃を除く総合,1990
take_home_wage,annual_main,1995,,,,employment_insurance_yen,17387.112,yen,,,,調査産業計,5人以上,就業形態計,35,male,income_year,持家の帰属家賃を除く総合,1990
take_home_wage,annual_main,1996,,,,employment_insurance_yen,17541.244,yen,,,,調査産業計,5人以上,就業形態計,35,male,income_year,持家の帰属家賃を除く総合,1990
take_home_wage,annual_main,1997,,,,employment_insurance_yen,17822.724,yen,,,,調査産業計,5人以上,就業形態計,35,male,income_year,持家の帰属家賃を除く総合,1990
take_home_wage,annual_main,1998,,,,employment_insurance_yen,17584.92,yen,,,,調査産業計,5人以上,就業形態計,35,male,income_year,持家の帰属家賃を除く総合,1990
take_home_wage,annual_main,1999,,,,employment_insurance_yen,16971.084,yen,,,,調査産業計,5人以上,就業形態計,35,male,income_year,持家の帰属家賃を除く総合,1990
take_home_wage,annual_main,2000,,,,employment_insurance_yen,17054.664,yen,,,,調査産業計,5人以上,就業形態計,35,male,income_year,持家の帰属家賃を除く総合,1990
take_home_wage,annual_main,2001,,,,employment_insurance_yen,23597.0875,yen,,,,調査産業計,5人以上,就業形態計,35,male,income_year,持家の帰属家賃を除く総合,1990
take_home_wage,annual_main,2002,,,,employment_insurance_yen,25934.34575,yen,,,,調査産業計,5人以上,就業形態計,35,male,income_year,持家の帰属家賃を除く総合,1990
take_home_wage,annual_main,2003,,,,employment_insurance_yen,28710.353,yen,,,,調査産業計,5人以上,就業形態計,35,male,income_year,持家の帰属家賃を除く総合,1990
take_home_wage,annual_main,2004,,,,employment_insurance_yen,27990.396,yen,,,,調査産業計,5人以上,就業形態計,35,male,income_year,持家の帰属家賃を除く総合,1990
take_home_wage,annual_main,2005,,,,employment_insurance_yen,31387.84375,yen,,,,調査産業計,5人以上,就業形態計,35,male,income_year,持家の帰属家賃を除く総合,1990
take_home_wage,annual_main,2006,,,,employment_insurance_yen,32285.24,yen,,,,調査産業計,5人以上,就業形態計,35,male,income_year,持家の帰属家賃を除く総合,1990
take_home_wage,annual_main,2007,,,,employment_insurance_yen,25416.69,yen,,,,調査産業計,5人以上,就業形態計,35,male,income_year,持家の帰属家賃を除く総合,1990
take_home_wage,annual_main,2008,,,,employment_insurance_yen,23881.002,yen,,,,調査産業計,5人以上,就業形態計,35,male,income_year,持家の帰属家賃を除く総合,1990
take_home_wage,annual_main,2009,,,,employment_insurance_yen,16753.5,yen,,,,調査産業計,5人以上,就業形態計,35,male,income_year,持家の帰属家賃を除く総合,1990
take_home_wage,annual_main,2010,,,,employment_insurance_yen,21322.9285,yen,,,,調査産業計,5人以上,就業形態計,35,male,income_year,持家の帰属家賃を除く総合,1990
take_home_wage,annual_main,2011,,,,employment_insurance_yen,22867.506,yen,,,,調査産業計,5人以上,就業形態計,35,male,income_year,持家の帰属家賃を除く総合,1990
take_home_wage,annual_main,2012,,,,employment_insurance_yen,19697.06375,yen,,,,調査産業計,5人以上,就業形態計,35,male,income_year,持家の帰属家賃を除く総合,1990
take_home_wage,annual_main,2013,,,,employment_insurance_yen,18946.165,yen,,,,調査産業計,5人以上,就業形態計,35,male,income_year,持家の帰属家賃を除く総合,1990
take_home_wage,annual_main,2014,,,,employment_insurance_yen,19130.89,yen,,,,調査産業計,5人以上,就業形態計,35,male,income_year,持家の帰属家賃を除く総合,1990
take_home_wage,annual_main,2015,,,,employment_insurance_yen,18930.31,yen,,,,調査産業計,5人以上,就業形態計,35,male,income_year,持家の帰属家賃を除く総合,1990
take_home_wage,annual_main,2016,,,,employment_insurance_yen,16023.6975,yen,,,,調査産業計,5人以上,就業形態計,35,male,income_year,持家の帰属家賃を除く総合,1990
take_home_wage,annual_main,2017,,,,employment_insurance_yen,12272.6745,yen,,,,調査産業計,5人以上,就業形態計,35,male,income_year,持家の帰属家賃を除く総合,1990
take_home_wage,annual_main,2018,,,,employment_insurance_yen,11636.355,yen,,,,調査産業計,5人以上,就業形態計,35,male,income_year,持家の帰属家賃を除く総合,1990
take_home_wage,annual_main,2019,,,,employment_insurance_yen,11600.205,yen,,,,調査産業計,5人以上,就業形態計,35,male,income_year,持家の帰属家賃を除く総合,1990
take_home_wage,annual_main,2020,,,,employment_insurance_yen,11458.785,yen,,,,調査産業計,5人以上,就業形態計,35,male,income_year,持家の帰属家賃を除く総合,1990
take_home_wage,annual_main,2021,,,,employment_insurance_yen,11492.979,yen,,,,調査産業計,5人以上,就業形態計,35,male,income_year,持家の帰属家賃を除く総合,1990
take_home_wage,annual_main,2022,,,,employment_insurance_yen,14020.561,yen,,,,調査産業計,5人以上,就業形態計,35,male,income_year,持家の帰属家賃を除く総合,1990
take_home_wage,annual_main,2023,,,,employment_insurance_yen,22907.3805,yen,,,,調査産業計,5人以上,就業形態計,35,male,income_year,持家の帰属家賃を除く総合,1990
take_home_wage,annual_main,2024,,,,employment_insurance_yen,25030.29,yen,,,,調査産業計,5人以上,就業形態計,35,male,income_year,持家の帰属家賃を除く総合,1990
take_home_wage,annual_main,2025,,,,employment_insurance_yen,23903.0995,yen,,,,調査産業計,5人以上,就業形態計,35,male,income_year,持家の帰属家賃を除く総合,1990
take_home_wage,annual_main,1990,,,,social_insurance_yen,351385.289,yen,,,,調査産業計,5人以上,就業形態計,35,male,income_year,持家の帰属家賃を除く総合,1990
take_home_wage,annual_main,1991,,,,social_insurance_yen,382992.3195,yen,,,,調査産業計,5人以上,就業形態計,35,male,income_year,持家の帰属家賃を除く総合,1990
take_home_wage,annual_main,1992,,,,social_insurance_yen,377715.7997499999,yen,,,,調査産業計,5人以上,就業形態計,35,male,income_year,持家の帰属家賃を除く総合,1990
take_home_wage,annual_main,1993,,,,social_insurance_yen,401597.191375,yen,,,,調査産業計,5人以上,就業形態計,35,male,income_year,持家の帰属家賃を除く総合,1990
take_home_wage,annual_main,1994,,,,social_insurance_yen,407056.996,yen,,,,調査産業計,5人以上,就業形態計,35,male,income_year,持家の帰属家賃を除く総合,1990
take_home_wage,annual_main,1995,,,,social_insurance_yen,440084.712,yen,,,,調査産業計,5人以上,就業形態計,35,male,income_year,持家の帰属家賃を除く総合,1990
take_home_wage,annual_main,1996,,,,social_insurance_yen,443796.044,yen,,,,調査産業計,5人以上,就業形態計,35,male,income_year,持家の帰属家賃を除く総合,1990
take_home_wage,annual_main,1997,,,,social_insurance_yen,456678.724,yen,,,,調査産業計,5人以上,就業形態計,35,male,income_year,持家の帰属家賃を除く総合,1990
take_home_wage,annual_main,1998,,,,social_insurance_yen,459399.32,yen,,,,調査産業計,5人以上,就業形態計,35,male,income_year,持家の帰属家賃を除く総合,1990
take_home_wage,annual_main,1999,,,,social_insurance_yen,458188.684,yen,,,,調査産業計,5人以上,就業形態計,35,male,income_year,持家の帰属家賃を除く総合,1990
take_home_wage,annual_main,2000,,,,social_insurance_yen,458193.864,yen,,,,調査産業計,5人以上,就業形態計,35,male,income_year,持家の帰属家賃を除く総合,1990
take_home_wage,annual_main,2001,,,,social_insurance_yen,464533.0875,yen,,,,調査産業計,5人以上,就業形態計,35,male,income_year,持家の帰属家賃を除く総合,1990
take_home_wage,annual_main,2002,,,,social_insurance_yen,466390.34575,yen,,,,調査産業計,5人以上,就業形態計,35,male,income_year,持家の帰属家賃を除く総合,1990
take_home_wage,annual_main,2003,,,,social_insurance_yen,494036.753,yen,,,,調査産業計,5人以上,就業形態計,35,male,income_year,持家の帰属家賃を除く総合,1990
take_home_wage,annual_main,2004,,,,social_insurance_yen,475524.246,yen,,,,調査産業計,5人以上,就業形態計,35,male,income_year,持家の帰属家賃を除く総合,1990
take_home_wage,annual_main,2005,,,,social_insurance_yen,488218.36375,yen,,,,調査産業計,5人以上,就業形態計,35,male,income_year,持家の帰属家賃を除く総合,1990
take_home_wage,annual_main,2006,,,,social_insurance_yen,497739.74,yen,,,,調査産業計,5人以上,就業形態計,35,male,income_year,持家の帰属家賃を除く総合,1990
take_home_wage,annual_main,2007,,,,social_insurance_yen,467151.66,yen,,,,調査産業計,5人以上,就業形態計,35,male,income_year,持家の帰属家賃を除く総合,1990
take_home_wage,annual_main,2008,,,,social_insurance_yen,500633.922,yen,,,,調査産業計,5人以上,就業形態計,35,male,income_year,持家の帰属家賃を除く総合,1990
take_home_wage,annual_main,2009,,,,social_insurance_yen,461426.16,yen,,,,調査産業計,5人以上,就業形態計,35,male,income_year,持家の帰属家賃を除く総合,1990
take_home_wage,annual_main,2010,,,,social_insurance_yen,492854.3785,yen,,,,調査産業計,5人以上,就業形態計,35,male,income_year,持家の帰属家賃を除く総合,1990
take_home_wage,annual_main,2011,,,,social_insurance_yen,507150.556,yen,,,,調査産業計,5人以上,就業形態計,35,male,income_year,持家の帰属家賃を除く総合,1990
take_home_wage,annual_main,2012,,,,social_insurance_yen,516020.4137499999,yen,,,,調査産業計,5人以上,就業形態計,35,male,income_year,持家の帰属家賃を除く総合,1990
take_home_wage,annual_main,2013,,,,social_insurance_yen,525631.885,yen,,,,調査産業計,5人以上,就業形態計,35,male,income_year,持家の帰属家賃を除く総合,1990
take_home_wage,annual_main,2014,,,,social_insurance_yen,535761.61,yen,,,,調査産業計,5人以上,就業形態計,35,male,income_year,持家の帰属家賃を除く総合,1990
take_home_wage,annual_main,2015,,,,social_insurance_yen,540337.3,yen,,,,調査産業計,5人以上,就業形態計,35,male,income_year,持家の帰属家賃を除く総合,1990
take_home_wage,annual_main,2016,,,,social_insurance_yen,546358.1475,yen,,,,調査産業計,5人以上,就業形態計,35,male,income_year,持家の帰属家賃を除く総合,1990
take_home_wage,annual_main,2017,,,,social_insurance_yen,548262.4645,yen,,,,調査産業計,5人以上,就業形態計,35,male,income_year,持家の帰属家賃を除く総合,1990
take_home_wage,annual_main,2018,,,,social_insurance_yen,552449.355,yen,,,,調査産業計,5人以上,就業形態計,35,male,income_year,持家の帰属家賃を除く総合,1990
take_home_wage,annual_main,2019,,,,social_insurance_yen,551564.205,yen,,,,調査産業計,5人以上,就業形態計,35,male,income_year,持家の帰属家賃を除く総合,1990
take_home_wage,annual_main,2020,,,,social_insurance_yen,547743.785,yen,,,,調査産業計,5人以上,就業形態計,35,male,income_year,持家の帰属家賃を除く総合,1990
take_home_wage,annual_main,2021,,,,social_insurance_yen,547211.979,yen,,,,調査産業計,5人以上,就業形態計,35,male,income_year,持家の帰属家賃を除く総合,1990
take_home_wage,annual_main,2022,,,,social_insurance_yen,553984.561,yen,,,,調査産業計,5人以上,就業形態計,35,male,income_year,持家の帰属家賃を除く総合,1990
take_home_wage,annual_main,2023,,,,social_insurance_yen,598812.3805,yen,,,,調査産業計,5人以上,就業形態計,35,male,income_year,持家の帰属家賃を除く総合,1990
take_home_wage,annual_main,2024,,,,social_insurance_yen,611972.29,yen,,,,調査産業計,5人以上,就業形態計,35,male,income_year,持家の帰属家賃を除く総合,1990
take_home_wage,annual_main,2025,,,,social_insurance_yen,615090.0995,yen,,,,調査産業計,5人以上,就業形態計,35,male,income_year,持家の帰属家賃を除く総合,1990
take_home_wage,annual_main,1990,,,,salary_income_deduction_yen,1282879.6,yen,,,,調査産業計,5人以上,就業形態計,35,male,income_year,持家の帰属家賃を除く総合,1990
take_home_wage,annual_main,1991,,,,salary_income_deduction_yen,1321789.8,yen,,,,調査産業計,5人以上,就業形態計,35,male,income_year,持家の帰属家賃を除く総合,1990
take_home_wage,annual_main,1992,,,,salary_income_deduction_yen,1338810.8,yen,,,,調査産業計,5人以上,就業形態計,35,male,income_year,持家の帰属家賃を除く総合,1990
take_home_wage,annual_main,1993,,,,salary_income_deduction_yen,1340512.0,yen,,,,調査産業計,5人以上,就業形態計,35,male,income_year,持家の帰属家賃を除く総合,1990
take_home_wage,annual_main,1994,,,,salary_income_deduction_yen,1354289.8,yen,,,,調査産業計,5人以上,就業形態計,35,male,income_year,持家の帰属家賃を除く総合,1990
take_home_wage,annual_main,1995,,,,salary_income_deduction_yen,1409355.6,yen,,,,調査産業計,5人以上,就業形態計,35,male,income_year,持家の帰属家賃を除く総合,1990
take_home_wage,annual_main,1996,,,,salary_income_deduction_yen,1417062.2000000002,yen,,,,調査産業計,5人以上,就業形態計,35,male,income_year,持家の帰属家賃を除く総合,1990
take_home_wage,annual_main,1997,,,,salary_income_deduction_yen,1431136.2000000002,yen,,,,調査産業計,5人以上,就業形態計,35,male,income_year,持家の帰属家賃を除く総合,1990
take_home_wage,annual_main,1998,,,,salary_income_deduction_yen,1419246.0,yen,,,,調査産業計,5人以上,就業形態計,35,male,income_year,持家の帰属家賃を除く総合,1990
take_home_wage,annual_main,1999,,,,salary_income_deduction_yen,1388554.2000000002,yen,,,,調査産業計,5人以上,就業形態計,35,male,income_year,持家の帰属家賃を除く総合,1990
take_home_wage,annual_main,2000,,,,salary_income_deduction_yen,1392733.2000000002,yen,,,,調査産業計,5人以上,就業形態計,35,male,income_year,持家の帰属家賃を除く総合,1990
take_home_wage,annual_main,2001,,,,salary_income_deduction_yen,1382946.4,yen,,,,調査産業計,5人以上,就業形態計,35,male,income_year,持家の帰属家賃を除く総合,1990
take_home_wage,annual_main,2002,,,,salary_income_deduction_yen,1363722.0,yen,,,,調査産業計,5人以上,就業形態計,35,male,income_year,持家の帰属家賃を除く総合,1990
take_home_wage,annual_main,2003,,,,salary_income_deduction_yen,1360295.8,yen,,,,調査産業計,5人以上,就業形態計,35,male,income_year,持家の帰属家賃を除く総合,1990
take_home_wage,annual_main,2004,,,,salary_income_deduction_yen,1339725.6,yen,,,,調査産業計,5人以上,就業形態計,35,male,income_year,持家の帰属家賃を除く総合,1990
take_home_wage,annual_main,2005,,,,salary_income_deduction_yen,1345196.4,yen,,,,調査産業計,5人以上,就業形態計,35,male,income_year,持家の帰属家賃を除く総合,1990
take_home_wage,annual_main,2006,,,,salary_income_deduction_yen,1347131.0,yen,,,,調査産業計,5人以上,就業形態計,35,male,income_year,持家の帰属家賃を除く総合,1990
take_home_wage,annual_main,2007,,,,salary_income_deduction_yen,1333235.2000000002,yen,,,,調査産業計,5人以上,就業形態計,35,male,income_year,持家の帰属家賃を除く総合,1990
take_home_wage,annual_main,2008,,,,salary_income_deduction_yen,1336033.4,yen,,,,調査産業計,5人以上,就業形態計,35,male,income_year,持家の帰属家賃を除く総合,1990
take_home_wage,annual_main,2009,,,,salary_income_deduction_yen,1298748.8,yen,,,,調査産業計,5人以上,就業形態計,35,male,income_year,持家の帰属家賃を除く総合,1990
take_home_wage,annual_main,2010,,,,salary_income_deduction_yen,1303551.0,yen,,,,調査産業計,5人以上,就業形態計,35,male,income_year,持家の帰属家賃を除く総合,1990
take_home_wage,annual_main,2011,,,,salary_income_deduction_yen,1302250.2000000002,yen,,,,調査産業計,5人以上,就業形態計,35,male,income_year,持家の帰属家賃を除く総合,1990
take_home_wage,annual_main,2012,,,,salary_income_deduction_yen,1296377.6,yen,,,,調査産業計,5人以上,就業形態計,35,male,income_year,持家の帰属家賃を除く総合,1990
take_home_wage,annual_main,2013,,,,salary_income_deduction_yen,1297846.6,yen,,,,調査産業計,5人以上,就業形態計,35,male,income_year,持家の帰属家賃を除く総合,1990
take_home_wage,annual_main,2014,,,,salary_income_deduction_yen,1305235.6,yen,,,,調査産業計,5人以上,就業形態計,35,male,income_year,持家の帰属家賃を除く総合,1990
take_home_wage,annual_main,2015,,,,salary_income_deduction_yen,1297212.4,yen,,,,調査産業計,5人以上,就業形態計,35,male,income_year,持家の帰属家賃を除く総合,1990
take_home_wage,annual_main,2016,,,,salary_income_deduction_yen,1302007.6,yen,,,,調査産業計,5人以上,就業形態計,35,male,income_year,持家の帰属家賃を除く総合,1990
take_home_wage,annual_main,2017,,,,salary_income_deduction_yen,1305698.0,yen,,,,調査産業計,5人以上,就業形態計,35,male,income_year,持家の帰属家賃を除く総合,1990
take_home_wage,annual_main,2018,,,,salary_income_deduction_yen,1315757.0,yen,,,,調査産業計,5人以上,就業形態計,35,male,income_year,持家の帰属家賃を除く総合,1990
take_home_wage,annual_main,2019,,,,salary_income_deduction_yen,1313347.0,yen,,,,調査産業計,5人以上,就業形態計,35,male,income_year,持家の帰属家賃を除く総合,1990
take_home_wage,annual_main,2020,,,,salary_income_deduction_yen,1203919.0,yen,,,,調査産業計,5人以上,就業形態計,35,male,income_year,持家の帰属家賃を除く総合,1990
take_home_wage,annual_main,2021,,,,salary_income_deduction_yen,1206198.6,yen,,,,調査産業計,5人以上,就業形態計,35,male,income_year,持家の帰属家賃を除く総合,1990
take_home_wage,annual_main,2022,,,,salary_income_deduction_yen,1221264.8,yen,,,,調査産業計,5人以上,就業形態計,35,male,income_year,持家の帰属家賃を除く総合,1990
take_home_wage,annual_main,2023,,,,salary_income_deduction_yen,1230601.2000000002,yen,,,,調査産業計,5人以上,就業形態計,35,male,income_year,持家の帰属家賃を除く総合,1990
take_home_wage,annual_main,2024,,,,salary_income_deduction_yen,1274343.0,yen,,,,調査産業計,5人以上,就業形態計,35,male,income_year,持家の帰属家賃を除く総合,1990
take_home_wage,annual_main,2025,,,,salary_income_deduction_yen,1293526.8,yen,,,,調査産業計,5人以上,就業形態計,35,male,income_year,持家の帰属家賃を除く総合,1990
take_home_wage,annual_main,1990,,,,salary_income_yen,2656518.4,yen,,,,調査産業計,5人以上,就業形態計,35,male,income_year,持家の帰属家賃を除く総合,1990
take_home_wage,annual_main,1991,,,,salary_income_yen,2812159.2,yen,,,,調査産業計,5人以上,就業形態計,35,male,income_year,持家の帰属家賃を除く総合,1990
take_home_wage,annual_main,1992,,,,salary_income_yen,2880243.2,yen,,,,調査産業計,5人以上,就業形態計,35,male,income_year,持家の帰属家賃を除く総合,1990
take_home_wage,annual_main,1993,,,,salary_income_yen,2887048.0,yen,,,,調査産業計,5人以上,就業形態計,35,male,income_year,持家の帰属家賃を除く総合,1990
take_home_wage,annual_main,1994,,,,salary_income_yen,2942159.2,yen,,,,調査産業計,5人以上,就業形態計,35,male,income_year,持家の帰属家賃を除く総合,1990
take_home_wage,annual_main,1995,,,,salary_income_yen,2937422.4,yen,,,,調査産業計,5人以上,就業形態計,35,male,income_year,持家の帰属家賃を除く総合,1990
take_home_wage,annual_main,1996,,,,salary_income_yen,2968248.8,yen,,,,調査産業計,5人以上,就業形態計,35,male,income_year,持家の帰属家賃を除く総合,1990
take_home_wage,annual_main,1997,,,,salary_income_yen,3024544.8,yen,,,,調査産業計,5人以上,就業形態計,35,male,income_year,持家の帰属家賃を除く総合,1990
take_home_wage,annual_main,1998,,,,salary_income_yen,2976984.0,yen,,,,調査産業計,5人以上,就業形態計,35,male,income_year,持家の帰属家賃を除く総合,1990
take_home_wage,annual_main,1999,,,,salary_income_yen,2854216.8,yen,,,,調査産業計,5人以上,就業形態計,35,male,income_year,持家の帰属家賃を除く総合,1990
take_home_wage,annual_main,2000,,,,salary_income_yen,2870932.8,yen,,,,調査産業計,5人以上,就業形態計,35,male,income_year,持家の帰属家賃を除く総合,1990
take_home_wage,annual_main,2001,,,,salary_income_yen,2831785.6,yen,,,,調査産業計,5人以上,就業形態計,35,male,income_year,持家の帰属家賃を除く総合,1990
take_home_wage,annual_main,2002,,,,salary_income_yen,2754888.0,yen,,,,調査産業計,5人以上,就業形態計,35,male,income_year,持家の帰属家賃を除く総合,1990
take_home_wage,annual_main,2003,,,,salary_income_yen,2741183.2,yen,,,,調査産業計,5人以上,就業形態計,35,male,income_year,持家の帰属家賃を除く総合,1990
take_home_wage,annual_main,2004,,,,salary_income_yen,2658902.4,yen,,,,調査産業計,5人以上,就業形態計,35,male,income_year,持家の帰属家賃を除く総合,1990
take_home_wage,annual_main,2005,,,,salary_income_yen,2680785.6,yen,,,,調査産業計,5人以上,就業形態計,35,male,income_year,持家の帰属家賃を除く総合,1990
take_home_wage,annual_main,2006,,,,salary_income_yen,2688524.0,yen,,,,調査産業計,5人以上,就業形態計,35,male,income_year,持家の帰属家賃を除く総合,1990
take_home_wage,annual_main,2007,,,,salary_income_yen,2632940.8,yen,,,,調査産業計,5人以上,就業形態計,35,male,income_year,持家の帰属家賃を除く総合,1990
take_home_wage,annual_main,2008,,,,salary_income_yen,2644133.6,yen,,,,調査産業計,5人以上,就業形態計,35,male,income_year,持家の帰属家賃を除く総合,1990
take_home_wage,annual_main,2009,,,,salary_income_yen,2494995.2,yen,,,,調査産業計,5人以上,就業形態計,35,male,income_year,持家の帰属家賃を除く総合,1990
take_home_wage,annual_main,2010,,,,salary_income_yen,2514204.0,yen,,,,調査産業計,5人以上,就業形態計,35,male,income_year,持家の帰属家賃を除く総合,1990
take_home_wage,annual_main,2011,,,,salary_income_yen,2509000.8,yen,,,,調査産業計,5人以上,就業形態計,35,male,income_year,持家の帰属家賃を除く総合,1990
take_home_wage,annual_main,2012,,,,salary_income_yen,2485510.4,yen,,,,調査産業計,5人以上,就業形態計,35,male,income_year,持家の帰属家賃を除く総合,1990
take_home_wage,annual_main,2013,,,,salary_income_yen,2491386.4,yen,,,,調査産業計,5人以上,就業形態計,35,male,income_year,持家の帰属家賃を除く総合,1990
take_home_wage,annual_main,2014,,,,salary_income_yen,2520942.4,yen,,,,調査産業計,5人以上,就業形態計,35,male,income_year,持家の帰属家賃を除く総合,1990
take_home_wage,annual_main,2015,,,,salary_income_yen,2488849.6,yen,,,,調査産業計,5人以上,就業形態計,35,male,income_year,持家の帰属家賃を除く総合,1990
take_home_wage,annual_main,2016,,,,salary_income_yen,2508030.4,yen,,,,調査産業計,5人以上,就業形態計,35,male,income_year,持家の帰属家賃を除く総合,1990
take_home_wage,annual_main,2017,,,,salary_income_yen,2522792.0,yen,,,,調査産業計,5人以上,就業形態計,35,male,income_year,持家の帰属家賃を除く総合,1990
take_home_wage,annual_main,2018,,,,salary_income_yen,2563028.0,yen,,,,調査産業計,5人以上,就業形態計,35,male,income_year,持家の帰属家賃を除く総合,1990
take_home_wage,annual_main,2019,,,,salary_income_yen,2553388.0,yen,,,,調査産業計,5人以上,就業形態計,35,male,income_year,持家の帰属家賃を除く総合,1990
take_home_wage,annual_main,2020,,,,salary_income_yen,2615676.0,yen,,,,調査産業計,5人以上,就業形態計,35,male,income_year,持家の帰属家賃を除く総合,1990
take_home_wage,annual_main,2021,,,,salary_income_yen,2624794.4,yen,,,,調査産業計,5人以上,就業形態計,35,male,income_year,持家の帰属家賃を除く総合,1990
take_home_wage,annual_main,2022,,,,salary_income_yen,2685059.2,yen,,,,調査産業計,5人以上,就業形態計,35,male,income_year,持家の帰属家賃を除く総合,1990
take_home_wage,annual_main,2023,,,,salary_income_yen,2722404.8,yen,,,,調査産業計,5人以上,就業形態計,35,male,income_year,持家の帰属家賃を除く総合,1990
take_home_wage,annual_main,2024,,,,salary_income_yen,2897372.0,yen,,,,調査産業計,5人以上,就業形態計,35,male,income_year,持家の帰属家賃を除く総合,1990
take_home_wage,annual_main,2025,,,,salary_income_yen,2974107.2,yen,,,,調査産業計,5人以上,就業形態計,35,male,income_year,持家の帰属家賃を除く総合,1990
take_home_wage,annual_main,1990,,,,basic_deduction_yen,350000.0,yen,,,,調査産業計,5人以上,就業形態計,35,male,income_year,持家の帰属家賃を除く総合,1990
take_home_wage,annual_main,1991,,,,basic_deduction_yen,350000.0,yen,,,,調査産業計,5人以上,就業形態計,35,male,income_year,持家の帰属家賃を除く総合,1990
take_home_wage,annual_main,1992,,,,basic_deduction_yen,350000.0,yen,,,,調査産業計,5人以上,就業形態計,35,male,income_year,持家の帰属家賃を除く総合,1990
take_home_wage,annual_main,1993,,,,basic_deduction_yen,350000.0,yen,,,,調査産業計,5人以上,就業形態計,35,male,income_year,持家の帰属家賃を除く総合,1990
take_home_wage,annual_main,1994,,,,basic_deduction_yen,350000.0,yen,,,,調査産業計,5人以上,就業形態計,35,male,income_year,持家の帰属家賃を除く総合,1990
take_home_wage,annual_main,1995,,,,basic_deduction_yen,380000.0,yen,,,,調査産業計,5人以上,就業形態計,35,male,income_year,持家の帰属家賃を除く総合,1990
take_home_wage,annual_main,1996,,,,basic_deduction_yen,380000.0,yen,,,,調査産業計,5人以上,就業形態計,35,male,income_year,持家の帰属家賃を除く総合,1990
take_home_wage,annual_main,1997,,,,basic_deduction_yen,380000.0,yen,,,,調査産業計,5人以上,就業形態計,35,male,income_year,持家の帰属家賃を除く総合,1990
take_home_wage,annual_main,1998,,,,basic_deduction_yen,380000.0,yen,,,,調査産業計,5人以上,就業形態計,35,male,income_year,持家の帰属家賃を除く総合,1990
take_home_wage,annual_main,1999,,,,basic_deduction_yen,380000.0,yen,,,,調査産業計,5人以上,就業形態計,35,male,income_year,持家の帰属家賃を除く総合,1990
take_home_wage,annual_main,2000,,,,basic_deduction_yen,380000.0,yen,,,,調査産業計,5人以上,就業形態計,35,male,income_year,持家の帰属家賃を除く総合,1990
take_home_wage,annual_main,2001,,,,basic_deduction_yen,380000.0,yen,,,,調査産業計,5人以上,就業形態計,35,male,income_year,持家の帰属家賃を除く総合,1990
take_home_wage,annual_main,2002,,,,basic_deduction_yen,380000.0,yen,,,,調査産業計,5人以上,就業形態計,35,male,income_year,持家の帰属家賃を除く総合,1990
take_home_wage,annual_main,2003,,,,basic_deduction_yen,380000.0,yen,,,,調査産業計,5人以上,就業形態計,35,male,income_year,持家の帰属家賃を除く総合,1990
take_home_wage,annual_main,2004,,,,basic_deduction_yen,380000.0,yen,,,,調査産業計,5人以上,就業形態計,35,male,income_year,持家の帰属家賃を除く総合,1990
take_home_wage,annual_main,2005,,,,basic_deduction_yen,380000.0,yen,,,,調査産業計,5人以上,就業形態計,35,male,income_year,持家の帰属家賃を除く総合,1990
take_home_wage,annual_main,2006,,,,basic_deduction_yen,380000.0,yen,,,,調査産業計,5人以上,就業形態計,35,male,income_year,持家の帰属家賃を除く総合,1990
take_home_wage,annual_main,2007,,,,basic_deduction_yen,380000.0,yen,,,,調査産業計,5人以上,就業形態計,35,male,income_year,持家の帰属家賃を除く総合,1990
take_home_wage,annual_main,2008,,,,basic_deduction_yen,380000.0,yen,,,,調査産業計,5人以上,就業形態計,35,male,income_year,持家の帰属家賃を除く総合,1990
take_home_wage,annual_main,2009,,,,basic_deduction_yen,380000.0,yen,,,,調査産業計,5人以上,就業形態計,35,male,income_year,持家の帰属家賃を除く総合,1990
take_home_wage,annual_main,2010,,,,basic_deduction_yen,380000.0,yen,,,,調査産業計,5人以上,就業形態計,35,male,income_year,持家の帰属家賃を除く総合,1990
take_home_wage,annual_main,2011,,,,basic_deduction_yen,380000.0,yen,,,,調査産業計,5人以上,就業形態計,35,male,income_year,持家の帰属家賃を除く総合,1990
take_home_wage,annual_main,2012,,,,basic_deduction_yen,380000.0,yen,,,,調査産業計,5人以上,就業形態計,35,male,income_year,持家の帰属家賃を除く総合,1990
take_home_wage,annual_main,2013,,,,basic_deduction_yen,380000.0,yen,,,,調査産業計,5人以上,就業形態計,35,male,income_year,持家の帰属家賃を除く総合,1990
take_home_wage,annual_main,2014,,,,basic_deduction_yen,380000.0,yen,,,,調査産業計,5人以上,就業形態計,35,male,income_year,持家の帰属家賃を除く総合,1990
take_home_wage,annual_main,2015,,,,basic_deduction_yen,380000.0,yen,,,,調査産業計,5人以上,就業形態計,35,male,income_year,持家の帰属家賃を除く総合,1990
take_home_wage,annual_main,2016,,,,basic_deduction_yen,380000.0,yen,,,,調査産業計,5人以上,就業形態計,35,male,income_year,持家の帰属家賃を除く総合,1990
take_home_wage,annual_main,2017,,,,basic_deduction_yen,380000.0,yen,,,,調査産業計,5人以上,就業形態計,35,male,income_year,持家の帰属家賃を除く総合,1990
take_home_wage,annual_main,2018,,,,basic_deduction_yen,380000.0,yen,,,,調査産業計,5人以上,就業形態計,35,male,income_year,持家の帰属家賃を除く総合,1990
take_home_wage,annual_main,2019,,,,basic_deduction_yen,380000.0,yen,,,,調査産業計,5人以上,就業形態計,35,male,income_year,持家の帰属家賃を除く総合,1990
take_home_wage,annual_main,2020,,,,basic_deduction_yen,480000.0,yen,,,,調査産業計,5人以上,就業形態計,35,male,income_year,持家の帰属家賃を除く総合,1990
take_home_wage,annual_main,2021,,,,basic_deduction_yen,480000.0,yen,,,,調査産業計,5人以上,就業形態計,35,male,income_year,持家の帰属家賃を除く総合,1990
take_home_wage,annual_main,2022,,,,basic_deduction_yen,480000.0,yen,,,,調査産業計,5人以上,就業形態計,35,male,income_year,持家の帰属家賃を除く総合,1990
take_home_wage,annual_main,2023,,,,basic_deduction_yen,480000.0,yen,,,,調査産業計,5人以上,就業形態計,35,male,income_year,持家の帰属家賃を除く総合,1990
take_home_wage,annual_main,2024,,,,basic_deduction_yen,480000.0,yen,,,,調査産業計,5人以上,就業形態計,35,male,income_year,持家の帰属家賃を除く総合,1990
take_home_wage,annual_main,2025,,,,basic_deduction_yen,880000.0,yen,,,,調査産業計,5人以上,就業形態計,35,male,income_year,持家の帰属家賃を除く総合,1990
take_home_wage,annual_main,1990,,,,other_income_deductions_yen,0.0,yen,,,,調査産業計,5人以上,就業形態計,35,male,income_year,持家の帰属家賃を除く総合,1990
take_home_wage,annual_main,1991,,,,other_income_deductions_yen,0.0,yen,,,,調査産業計,5人以上,就業形態計,35,male,income_year,持家の帰属家賃を除く総合,1990
take_home_wage,annual_main,1992,,,,other_income_deductions_yen,0.0,yen,,,,調査産業計,5人以上,就業形態計,35,male,income_year,持家の帰属家賃を除く総合,1990
take_home_wage,annual_main,1993,,,,other_income_deductions_yen,0.0,yen,,,,調査産業計,5人以上,就業形態計,35,male,income_year,持家の帰属家賃を除く総合,1990
take_home_wage,annual_main,1994,,,,other_income_deductions_yen,0.0,yen,,,,調査産業計,5人以上,就業形態計,35,male,income_year,持家の帰属家賃を除く総合,1990
take_home_wage,annual_main,1995,,,,other_income_deductions_yen,0.0,yen,,,,調査産業計,5人以上,就業形態計,35,male,income_year,持家の帰属家賃を除く総合,1990
take_home_wage,annual_main,1996,,,,other_income_deductions_yen,0.0,yen,,,,調査産業計,5人以上,就業形態計,35,male,income_year,持家の帰属家賃を除く総合,1990
take_home_wage,annual_main,1997,,,,other_income_deductions_yen,0.0,yen,,,,調査産業計,5人以上,就業形態計,35,male,income_year,持家の帰属家賃を除く総合,1990
take_home_wage,annual_main,1998,,,,other_income_deductions_yen,0.0,yen,,,,調査産業計,5人以上,就業形態計,35,male,income_year,持家の帰属家賃を除く総合,1990
take_home_wage,annual_main,1999,,,,other_income_deductions_yen,0.0,yen,,,,調査産業計,5人以上,就業形態計,35,male,income_year,持家の帰属家賃を除く総合,1990
take_home_wage,annual_main,2000,,,,other_income_deductions_yen,0.0,yen,,,,調査産業計,5人以上,就業形態計,35,male,income_year,持家の帰属家賃を除く総合,1990
take_home_wage,annual_main,2001,,,,other_income_deductions_yen,0.0,yen,,,,調査産業計,5人以上,就業形態計,35,male,income_year,持家の帰属家賃を除く総合,1990
take_home_wage,annual_main,2002,,,,other_income_deductions_yen,0.0,yen,,,,調査産業計,5人以上,就業形態計,35,male,income_year,持家の帰属家賃を除く総合,1990
take_home_wage,annual_main,2003,,,,other_income_deductions_yen,0.0,yen,,,,調査産業計,5人以上,就業形態計,35,male,income_year,持家の帰属家賃を除く総合,1990
take_home_wage,annual_main,2004,,,,other_income_deductions_yen,0.0,yen,,,,調査産業計,5人以上,就業形態計,35,male,income_year,持家の帰属家賃を除く総合,1990
take_home_wage,annual_main,2005,,,,other_income_deductions_yen,0.0,yen,,,,調査産業計,5人以上,就業形態計,35,male,income_year,持家の帰属家賃を除く総合,1990
take_home_wage,annual_main,2006,,,,other_income_deductions_yen,0.0,yen,,,,調査産業計,5人以上,就業形態計,35,male,income_year,持家の帰属家賃を除く総合,1990
take_home_wage,annual_main,2007,,,,other_income_deductions_yen,0.0,yen,,,,調査産業計,5人以上,就業形態計,35,male,income_year,持家の帰属家賃を除く総合,1990
take_home_wage,annual_main,2008,,,,other_income_deductions_yen,0.0,yen,,,,調査産業計,5人以上,就業形態計,35,male,income_year,持家の帰属家賃を除く総合,1990
take_home_wage,annual_main,2009,,,,other_income_deductions_yen,0.0,yen,,,,調査産業計,5人以上,就業形態計,35,male,income_year,持家の帰属家賃を除く総合,1990
take_home_wage,annual_main,2010,,,,other_income_deductions_yen,0.0,yen,,,,調査産業計,5人以上,就業形態計,35,male,income_year,持家の帰属家賃を除く総合,1990
take_home_wage,annual_main,2011,,,,other_income_deductions_yen,0.0,yen,,,,調査産業計,5人以上,就業形態計,35,male,income_year,持家の帰属家賃を除く総合,1990
take_home_wage,annual_main,2012,,,,other_income_deductions_yen,0.0,yen,,,,調査産業計,5人以上,就業形態計,35,male,income_year,持家の帰属家賃を除く総合,1990
take_home_wage,annual_main,2013,,,,other_income_deductions_yen,0.0,yen,,,,調査産業計,5人以上,就業形態計,35,male,income_year,持家の帰属家賃を除く総合,1990
take_home_wage,annual_main,2014,,,,other_income_deductions_yen,0.0,yen,,,,調査産業計,5人以上,就業形態計,35,male,income_year,持家の帰属家賃を除く総合,1990
take_home_wage,annual_main,2015,,,,other_income_deductions_yen,0.0,yen,,,,調査産業計,5人以上,就業形態計,35,male,income_year,持家の帰属家賃を除く総合,1990
take_home_wage,annual_main,2016,,,,other_income_deductions_yen,0.0,yen,,,,調査産業計,5人以上,就業形態計,35,male,income_year,持家の帰属家賃を除く総合,1990
take_home_wage,annual_main,2017,,,,other_income_deductions_yen,0.0,yen,,,,調査産業計,5人以上,就業形態計,35,male,income_year,持家の帰属家賃を除く総合,1990
take_home_wage,annual_main,2018,,,,other_income_deductions_yen,0.0,yen,,,,調査産業計,5人以上,就業形態計,35,male,income_year,持家の帰属家賃を除く総合,1990
take_home_wage,annual_main,2019,,,,other_income_deductions_yen,0.0,yen,,,,調査産業計,5人以上,就業形態計,35,male,income_year,持家の帰属家賃を除く総合,1990
take_home_wage,annual_main,2020,,,,other_income_deductions_yen,0.0,yen,,,,調査産業計,5人以上,就業形態計,35,male,income_year,持家の帰属家賃を除く総合,1990
take_home_wage,annual_main,2021,,,,other_income_deductions_yen,0.0,yen,,,,調査産業計,5人以上,就業形態計,35,male,income_year,持家の帰属家賃を除く総合,1990
take_home_wage,annual_main,2022,,,,other_income_deductions_yen,0.0,yen,,,,調査産業計,5人以上,就業形態計,35,male,income_year,持家の帰属家賃を除く総合,1990
take_home_wage,annual_main,2023,,,,other_income_deductions_yen,0.0,yen,,,,調査産業計,5人以上,就業形態計,35,male,income_year,持家の帰属家賃を除く総合,1990
take_home_wage,annual_main,2024,,,,other_income_deductions_yen,0.0,yen,,,,調査産業計,5人以上,就業形態計,35,male,income_year,持家の帰属家賃を除く総合,1990
take_home_wage,annual_main,2025,,,,other_income_deductions_yen,0.0,yen,,,,調査産業計,5人以上,就業形態計,35,male,income_year,持家の帰属家賃を除く総合,1990
take_home_wage,annual_main,1990,,,,taxable_income_yen,1955000.0,yen,,,,調査産業計,5人以上,就業形態計,35,male,income_year,持家の帰属家賃を除く総合,1990
take_home_wage,annual_main,1991,,,,taxable_income_yen,2079000.0,yen,,,,調査産業計,5人以上,就業形態計,35,male,income_year,持家の帰属家賃を除く総合,1990
take_home_wage,annual_main,1992,,,,taxable_income_yen,2152000.0,yen,,,,調査産業計,5人以上,就業形態計,35,male,income_year,持家の帰属家賃を除く総合,1990
take_home_wage,annual_main,1993,,,,taxable_income_yen,2135000.0,yen,,,,調査産業計,5人以上,就業形態計,35,male,income_year,持家の帰属家賃を除く総合,1990
take_home_wage,annual_main,1994,,,,taxable_income_yen,2185000.0,yen,,,,調査産業計,5人以上,就業形態計,35,male,income_year,持家の帰属家賃を除く総合,1990
take_home_wage,annual_main,1995,,,,taxable_income_yen,2117000.0,yen,,,,調査産業計,5人以上,就業形態計,35,male,income_year,持家の帰属家賃を除く総合,1990
take_home_wage,annual_main,1996,,,,taxable_income_yen,2144000.0,yen,,,,調査産業計,5人以上,就業形態計,35,male,income_year,持家の帰属家賃を除く総合,1990
take_home_wage,annual_main,1997,,,,taxable_income_yen,2187000.0,yen,,,,調査産業計,5人以上,就業形態計,35,male,income_year,持家の帰属家賃を除く総合,1990
take_home_wage,annual_main,1998,,,,taxable_income_yen,2137000.0,yen,,,,調査産業計,5人以上,就業形態計,35,male,income_year,持家の帰属家賃を除く総合,1990
take_home_wage,annual_main,1999,,,,taxable_income_yen,2016000.0,yen,,,,調査産業計,5人以上,就業形態計,35,male,income_year,持家の帰属家賃を除く総合,1990
take_home_wage,annual_main,2000,,,,taxable_income_yen,2032000.0,yen,,,,調査産業計,5人以上,就業形態計,35,male,income_year,持家の帰属家賃を除く総合,1990
take_home_wage,annual_main,2001,,,,taxable_income_yen,1987000.0,yen,,,,調査産業計,5人以上,就業形態計,35,male,income_year,持家の帰属家賃を除く総合,1990
take_home_wage,annual_main,2002,,,,taxable_income_yen,1908000.0,yen,,,,調査産業計,5人以上,就業形態計,35,male,income_year,持家の帰属家賃を除く総合,1990
take_home_wage,annual_main,2003,,,,taxable_income_yen,1867000.0,yen,,,,調査産業計,5人以上,就業形態計,35,male,income_year,持家の帰属家賃を除く総合,1990
take_home_wage,annual_main,2004,,,,taxable_income_yen,1803000.0,yen,,,,調査産業計,5人以上,就業形態計,35,male,income_year,持家の帰属家賃を除く総合,1990
take_home_wage,annual_main,2005,,,,taxable_income_yen,1812000.0,yen,,,,調査産業計,5人以上,就業形態計,35,male,income_year,持家の帰属家賃を除く総合,1990
take_home_wage,annual_main,2006,,,,taxable_income_yen,1810000.0,yen,,,,調査産業計,5人以上,就業形態計,35,male,income_year,持家の帰属家賃を除く総合,1990
take_home_wage,annual_main,2007,,,,taxable_income_yen,1785000.0,yen,,,,調査産業計,5人以上,就業形態計,35,male,income_year,持家の帰属家賃を除く総合,1990
take_home_wage,annual_main,2008,,,,taxable_income_yen,1763000.0,yen,,,,調査産業計,5人以上,就業形態計,35,male,income_year,持家の帰属家賃を除く総合,1990
take_home_wage,annual_main,2009,,,,taxable_income_yen,1653000.0,yen,,,,調査産業計,5人以上,就業形態計,35,male,income_year,持家の帰属家賃を除く総合,1990
take_home_wage,annual_main,2010,,,,taxable_income_yen,1641000.0,yen,,,,調査産業計,5人以上,就業形態計,35,male,income_year,持家の帰属家賃を除く総合,1990
take_home_wage,annual_main,2011,,,,taxable_income_yen,1621000.0,yen,,,,調査産業計,5人以上,就業形態計,35,male,income_year,持家の帰属家賃を除く総合,1990
take_home_wage,annual_main,2012,,,,taxable_income_yen,1589000.0,yen,,,,調査産業計,5人以上,就業形態計,35,male,income_year,持家の帰属家賃を除く総合,1990
take_home_wage,annual_main,2013,,,,taxable_income_yen,1585000.0,yen,,,,調査産業計,5人以上,就業形態計,35,male,income_year,持家の帰属家賃を除く総合,1990
take_home_wage,annual_main,2014,,,,taxable_income_yen,1605000.0,yen,,,,調査産業計,5人以上,就業形態計,35,male,income_year,持家の帰属家賃を除く総合,1990
take_home_wage,annual_main,2015,,,,taxable_income_yen,1568000.0,yen,,,,調査産業計,5人以上,就業形態計,35,male,income_year,持家の帰属家賃を除く総合,1990
take_home_wage,annual_main,2016,,,,taxable_income_yen,1581000.0,yen,,,,調査産業計,5人以上,就業形態計,35,male,income_year,持家の帰属家賃を除く総合,1990
take_home_wage,annual_main,2017,,,,taxable_income_yen,1594000.0,yen,,,,調査産業計,5人以上,就業形態計,35,male,income_year,持家の帰属家賃を除く総合,1990
take_home_wage,annual_main,2018,,,,taxable_income_yen,1630000.0,yen,,,,調査産業計,5人以上,就業形態計,35,male,income_year,持家の帰属家賃を除く総合,1990
take_home_wage,annual_main,2019,,,,taxable_income_yen,1621000.0,yen,,,,調査産業計,5人以上,就業形態計,35,male,income_year,持家の帰属家賃を除く総合,1990
take_home_wage,annual_main,2020,,,,taxable_income_yen,1587000.0,yen,,,,調査産業計,5人以上,就業形態計,35,male,income_year,持家の帰属家賃を除く総合,1990
take_home_wage,annual_main,2021,,,,taxable_income_yen,1597000.0,yen,,,,調査産業計,5人以上,就業形態計,35,male,income_year,持家の帰属家賃を除く総合,1990
take_home_wage,annual_main,2022,,,,taxable_income_yen,1651000.0,yen,,,,調査産業計,5人以上,就業形態計,35,male,income_year,持家の帰属家賃を除く総合,1990
take_home_wage,annual_main,2023,,,,taxable_income_yen,1643000.0,yen,,,,調査産業計,5人以上,就業形態計,35,male,income_year,持家の帰属家賃を除く総合,1990
take_home_wage,annual_main,2024,,,,taxable_income_yen,1805000.0,yen,,,,調査産業計,5人以上,就業形態計,35,male,income_year,持家の帰属家賃を除く総合,1990
take_home_wage,annual_main,2025,,,,taxable_income_yen,1479000.0,yen,,,,調査産業計,5人以上,就業形態計,35,male,income_year,持家の帰属家賃を除く総合,1990
take_home_wage,annual_main,1990,,,,base_income_tax_yen,195500.0,yen,,,,調査産業計,5人以上,就業形態計,35,male,income_year,持家の帰属家賃を除く総合,1990
take_home_wage,annual_main,1991,,,,base_income_tax_yen,207900.0,yen,,,,調査産業計,5人以上,就業形態計,35,male,income_year,持家の帰属家賃を除く総合,1990
take_home_wage,annual_main,1992,,,,base_income_tax_yen,215200.0,yen,,,,調査産業計,5人以上,就業形態計,35,male,income_year,持家の帰属家賃を除く総合,1990
take_home_wage,annual_main,1993,,,,base_income_tax_yen,213500.0,yen,,,,調査産業計,5人以上,就業形態計,35,male,income_year,持家の帰属家賃を除く総合,1990
take_home_wage,annual_main,1994,,,,base_income_tax_yen,218500.0,yen,,,,調査産業計,5人以上,就業形態計,35,male,income_year,持家の帰属家賃を除く総合,1990
take_home_wage,annual_main,1995,,,,base_income_tax_yen,211700.0,yen,,,,調査産業計,5人以上,就業形態計,35,male,income_year,持家の帰属家賃を除く総合,1990
take_home_wage,annual_main,1996,,,,base_income_tax_yen,214400.0,yen,,,,調査産業計,5人以上,就業形態計,35,male,income_year,持家の帰属家賃を除く総合,1990
take_home_wage,annual_main,1997,,,,base_income_tax_yen,218700.0,yen,,,,調査産業計,5人以上,就業形態計,35,male,income_year,持家の帰属家賃を除く総合,1990
take_home_wage,annual_main,1998,,,,base_income_tax_yen,213700.0,yen,,,,調査産業計,5人以上,就業形態計,35,male,income_year,持家の帰属家賃を除く総合,1990
take_home_wage,annual_main,1999,,,,base_income_tax_yen,201600.0,yen,,,,調査産業計,5人以上,就業形態計,35,male,income_year,持家の帰属家賃を除く総合,1990
take_home_wage,annual_main,2000,,,,base_income_tax_yen,203200.0,yen,,,,調査産業計,5人以上,就業形態計,35,male,income_year,持家の帰属家賃を除く総合,1990
take_home_wage,annual_main,2001,,,,base_income_tax_yen,198700.0,yen,,,,調査産業計,5人以上,就業形態計,35,male,income_year,持家の帰属家賃を除く総合,1990
take_home_wage,annual_main,2002,,,,base_income_tax_yen,190800.0,yen,,,,調査産業計,5人以上,就業形態計,35,male,income_year,持家の帰属家賃を除く総合,1990
take_home_wage,annual_main,2003,,,,base_income_tax_yen,186700.0,yen,,,,調査産業計,5人以上,就業形態計,35,male,income_year,持家の帰属家賃を除く総合,1990
take_home_wage,annual_main,2004,,,,base_income_tax_yen,180300.0,yen,,,,調査産業計,5人以上,就業形態計,35,male,income_year,持家の帰属家賃を除く総合,1990
take_home_wage,annual_main,2005,,,,base_income_tax_yen,181200.0,yen,,,,調査産業計,5人以上,就業形態計,35,male,income_year,持家の帰属家賃を除く総合,1990
take_home_wage,annual_main,2006,,,,base_income_tax_yen,181000.0,yen,,,,調査産業計,5人以上,就業形態計,35,male,income_year,持家の帰属家賃を除く総合,1990
take_home_wage,annual_main,2007,,,,base_income_tax_yen,89250.0,yen,,,,調査産業計,5人以上,就業形態計,35,male,income_year,持家の帰属家賃を除く総合,1990
take_home_wage,annual_main,2008,,,,base_income_tax_yen,88150.0,yen,,,,調査産業計,5人以上,就業形態計,35,male,income_year,持家の帰属家賃を除く総合,1990
take_home_wage,annual_main,2009,,,,base_income_tax_yen,82650.0,yen,,,,調査産業計,5人以上,就業形態計,35,male,income_year,持家の帰属家賃を除く総合,1990
take_home_wage,annual_main,2010,,,,base_income_tax_yen,82050.0,yen,,,,調査産業計,5人以上,就業形態計,35,male,income_year,持家の帰属家賃を除く総合,1990
take_home_wage,annual_main,2011,,,,base_income_tax_yen,81050.0,yen,,,,調査産業計,5人以上,就業形態計,35,male,income_year,持家の帰属家賃を除く総合,1990
take_home_wage,annual_main,2012,,,,base_income_tax_yen,79450.0,yen,,,,調査産業計,5人以上,就業形態計,35,male,income_year,持家の帰属家賃を除く総合,1990
take_home_wage,annual_main,2013,,,,base_income_tax_yen,79250.0,yen,,,,調査産業計,5人以上,就業形態計,35,male,income_year,持家の帰属家賃を除く総合,1990
take_home_wage,annual_main,2014,,,,base_income_tax_yen,80250.0,yen,,,,調査産業計,5人以上,就業形態計,35,male,income_year,持家の帰属家賃を除く総合,1990
take_home_wage,annual_main,2015,,,,base_income_tax_yen,78400.0,yen,,,,調査産業計,5人以上,就業形態計,35,male,income_year,持家の帰属家賃を除く総合,1990
take_home_wage,annual_main,2016,,,,base_income_tax_yen,79050.0,yen,,,,調査産業計,5人以上,就業形態計,35,male,income_year,持家の帰属家賃を除く総合,1990
take_home_wage,annual_main,2017,,,,base_income_tax_yen,79700.0,yen,,,,調査産業計,5人以上,就業形態計,35,male,income_year,持家の帰属家賃を除く総合,1990
take_home_wage,annual_main,2018,,,,base_income_tax_yen,81500.0,yen,,,,調査産業計,5人以上,就業形態計,35,male,income_year,持家の帰属家賃を除く総合,1990
take_home_wage,annual_main,2019,,,,base_income_tax_yen,81050.0,yen,,,,調査産業計,5人以上,就業形態計,35,male,income_year,持家の帰属家賃を除く総合,1990
take_home_wage,annual_main,2020,,,,base_income_tax_yen,79350.0,yen,,,,調査産業計,5人以上,就業形態計,35,male,income_year,持家の帰属家賃を除く総合,1990
take_home_wage,annual_main,2021,,,,base_income_tax_yen,79850.0,yen,,,,調査産業計,5人以上,就業形態計,35,male,income_year,持家の帰属家賃を除く総合,1990
take_home_wage,annual_main,2022,,,,base_income_tax_yen,82550.0,yen,,,,調査産業計,5人以上,就業形態計,35,male,income_year,持家の帰属家賃を除く総合,1990
take_home_wage,annual_main,2023,,,,base_income_tax_yen,82150.0,yen,,,,調査産業計,5人以上,就業形態計,35,male,income_year,持家の帰属家賃を除く総合,1990
take_home_wage,annual_main,2024,,,,base_income_tax_yen,90250.0,yen,,,,調査産業計,5人以上,就業形態計,35,male,income_year,持家の帰属家賃を除く総合,1990
take_home_wage,annual_main,2025,,,,base_income_tax_yen,73950.0,yen,,,,調査産業計,5人以上,就業形態計,35,male,income_year,持家の帰属家賃を除く総合,1990
take_home_wage,annual_main,1990,,,,income_tax_yen,195500.0,yen,,,,調査産業計,5人以上,就業形態計,35,male,income_year,持家の帰属家賃を除く総合,1990
take_home_wage,annual_main,1991,,,,income_tax_yen,207900.0,yen,,,,調査産業計,5人以上,就業形態計,35,male,income_year,持家の帰属家賃を除く総合,1990
take_home_wage,annual_main,1992,,,,income_tax_yen,215200.0,yen,,,,調査産業計,5人以上,就業形態計,35,male,income_year,持家の帰属家賃を除く総合,1990
take_home_wage,annual_main,1993,,,,income_tax_yen,213500.0,yen,,,,調査産業計,5人以上,就業形態計,35,male,income_year,持家の帰属家賃を除く総合,1990
take_home_wage,annual_main,1994,,,,income_tax_yen,174800.0,yen,,,,調査産業計,5人以上,就業形態計,35,male,income_year,持家の帰属家賃を除く総合,1990
take_home_wage,annual_main,1995,,,,income_tax_yen,179900.0,yen,,,,調査産業計,5人以上,就業形態計,35,male,income_year,持家の帰属家賃を除く総合,1990
take_home_wage,annual_main,1996,,,,income_tax_yen,182200.0,yen,,,,調査産業計,5人以上,就業形態計,35,male,income_year,持家の帰属家賃を除く総合,1990
take_home_wage,annual_main,1997,,,,income_tax_yen,218700.0,yen,,,,調査産業計,5人以上,就業形態計,35,male,income_year,持家の帰属家賃を除く総合,1990
take_home_wage,annual_main,1998,,,,income_tax_yen,175700.0,yen,,,,調査産業計,5人以上,就業形態計,35,male,income_year,持家の帰属家賃を除く総合,1990
take_home_wage,annual_main,1999,,,,income_tax_yen,161200.0,yen,,,,調査産業計,5人以上,就業形態計,35,male,income_year,持家の帰属家賃を除く総合,1990
take_home_wage,annual_main,2000,,,,income_tax_yen,162500.0,yen,,,,調査産業計,5人以上,就業形態計,35,male,income_year,持家の帰属家賃を除く総合,1990
take_home_wage,annual_main,2001,,,,income_tax_yen,158900.0,yen,,,,調査産業計,5人以上,就業形態計,35,male,income_year,持家の帰属家賃を除く総合,1990
take_home_wage,annual_main,2002,,,,income_tax_yen,152600.0,yen,,,,調査産業計,5人以上,就業形態計,35,male,income_year,持家の帰属家賃を除く総合,1990
take_home_wage,annual_main,2003,,,,income_tax_yen,149300.0,yen,,,,調査産業計,5人以上,就業形態計,35,male,income_year,持家の帰属家賃を除く総合,1990
take_home_wage,annual_main,2004,,,,income_tax_yen,144200.0,yen,,,,調査産業計,5人以上,就業形態計,35,male,income_year,持家の帰属家賃を除く総合,1990
take_home_wage,annual_main,2005,,,,income_tax_yen,144900.0,yen,,,,調査産業計,5人以上,就業形態計,35,male,income_year,持家の帰属家賃を除く総合,1990
take_home_wage,annual_main,2006,,,,income_tax_yen,162900.0,yen,,,,調査産業計,5人以上,就業形態計,35,male,income_year,持家の帰属家賃を除く総合,1990
take_home_wage,annual_main,2007,,,,income_tax_yen,89200.0,yen,,,,調査産業計,5人以上,就業形態計,35,male,income_year,持家の帰属家賃を除く総合,1990
take_home_wage,annual_main,2008,,,,income_tax_yen,88100.0,yen,,,,調査産業計,5人以上,就業形態計,35,male,income_year,持家の帰属家賃を除く総合,1990
take_home_wage,annual_main,2009,,,,income_tax_yen,82600.0,yen,,,,調査産業計,5人以上,就業形態計,35,male,income_year,持家の帰属家賃を除く総合,1990
take_home_wage,annual_main,2010,,,,income_tax_yen,82000.0,yen,,,,調査産業計,5人以上,就業形態計,35,male,income_year,持家の帰属家賃を除く総合,1990
take_home_wage,annual_main,2011,,,,income_tax_yen,81000.0,yen,,,,調査産業計,5人以上,就業形態計,35,male,income_year,持家の帰属家賃を除く総合,1990
take_home_wage,annual_main,2012,,,,income_tax_yen,79400.0,yen,,,,調査産業計,5人以上,就業形態計,35,male,income_year,持家の帰属家賃を除く総合,1990
take_home_wage,annual_main,2013,,,,income_tax_yen,80900.0,yen,,,,調査産業計,5人以上,就業形態計,35,male,income_year,持家の帰属家賃を除く総合,1990
take_home_wage,annual_main,2014,,,,income_tax_yen,81900.0,yen,,,,調査産業計,5人以上,就業形態計,35,male,income_year,持家の帰属家賃を除く総合,1990
take_home_wage,annual_main,2015,,,,income_tax_yen,80000.0,yen,,,,調査産業計,5人以上,就業形態計,35,male,income_year,持家の帰属家賃を除く総合,1990
take_home_wage,annual_main,2016,,,,income_tax_yen,80700.0,yen,,,,調査産業計,5人以上,就業形態計,35,male,income_year,持家の帰属家賃を除く総合,1990
take_home_wage,annual_main,2017,,,,income_tax_yen,81300.0,yen,,,,調査産業計,5人以上,就業形態計,35,male,income_year,持家の帰属家賃を除く総合,1990
take_home_wage,annual_main,2018,,,,income_tax_yen,83200.0,yen,,,,調査産業計,5人以上,就業形態計,35,male,income_year,持家の帰属家賃を除く総合,1990
take_home_wage,annual_main,2019,,,,income_tax_yen,82700.0,yen,,,,調査産業計,5人以上,就業形態計,35,male,income_year,持家の帰属家賃を除く総合,1990
take_home_wage,annual_main,2020,,,,income_tax_yen,81000.0,yen,,,,調査産業計,5人以上,就業形態計,35,male,income_year,持家の帰属家賃を除く総合,1990
take_home_wage,annual_main,2021,,,,income_tax_yen,81500.0,yen,,,,調査産業計,5人以上,就業形態計,35,male,income_year,持家の帰属家賃を除く総合,1990
take_home_wage,annual_main,2022,,,,income_tax_yen,84200.0,yen,,,,調査産業計,5人以上,就業形態計,35,male,income_year,持家の帰属家賃を除く総合,1990
take_home_wage,annual_main,2023,,,,income_tax_yen,83800.0,yen,,,,調査産業計,5人以上,就業形態計,35,male,income_year,持家の帰属家賃を除く総合,1990
take_home_wage,annual_main,2024,,,,income_tax_yen,61500.0,yen,,,,調査産業計,5人以上,就業形態計,35,male,income_year,持家の帰属家賃を除く総合,1990
take_home_wage,annual_main,2025,,,,income_tax_yen,75500.0,yen,,,,調査産業計,5人以上,就業形態計,35,male,income_year,持家の帰属家賃を除く総合,1990
take_home_wage,annual_main,1990,,,,after_income_tax_and_social_insurance_yen,3392512.711,yen,,,,調査産業計,5人以上,就業形態計,35,male,income_year,持家の帰属家賃を除く総合,1990
take_home_wage,annual_main,1991,,,,after_income_tax_and_social_insurance_yen,3543056.6805,yen,,,,調査産業計,5人以上,就業形態計,35,male,income_year,持家の帰属家賃を除く総合,1990
take_home_wage,annual_main,1992,,,,after_income_tax_and_social_insurance_yen,3626138.20025,yen,,,,調査産業計,5人以上,就業形態計,35,male,income_year,持家の帰属家賃を除く総合,1990
take_home_wage,annual_main,1993,,,,after_income_tax_and_social_insurance_yen,3612462.808625,yen,,,,調査産業計,5人以上,就業形態計,35,male,income_year,持家の帰属家賃を除く総合,1990
take_home_wage,annual_main,1994,,,,after_income_tax_and_social_insurance_yen,3714592.004,yen,,,,調査産業計,5人以上,就業形態計,35,male,income_year,持家の帰属家賃を除く総合,1990
take_home_wage,annual_main,1995,,,,after_income_tax_and_social_insurance_yen,3726793.288,yen,,,,調査産業計,5人以上,就業形態計,35,male,income_year,持家の帰属家賃を除く総合,1990
take_home_wage,annual_main,1996,,,,after_income_tax_and_social_insurance_yen,3759314.956,yen,,,,調査産業計,5人以上,就業形態計,35,male,income_year,持家の帰属家賃を除く総合,1990
take_home_wage,annual_main,1997,,,,after_income_tax_and_social_insurance_yen,3780302.276,yen,,,,調査産業計,5人以上,就業形態計,35,male,income_year,持家の帰属家賃を除く総合,1990
take_home_wage,annual_main,1998,,,,after_income_tax_and_social_insurance_yen,3761130.68,yen,,,,調査産業計,5人以上,就業形態計,35,male,income_year,持家の帰属家賃を除く総合,1990
take_home_wage,annual_main,1999,,,,after_income_tax_and_social_insurance_yen,3623382.316,yen,,,,調査産業計,5人以上,就業形態計,35,male,income_year,持家の帰属家賃を除く総合,1990
take_home_wage,annual_main,2000,,,,after_income_tax_and_social_insurance_yen,3642972.136,yen,,,,調査産業計,5人以上,就業形態計,35,male,income_year,持家の帰属家賃を除く総合,1990
take_home_wage,annual_main,2001,,,,after_income_tax_and_social_insurance_yen,3591298.9125,yen,,,,調査産業計,5人以上,就業形態計,35,male,income_year,持家の帰属家賃を除く総合,1990
take_home_wage,annual_main,2002,,,,after_income_tax_and_social_insurance_yen,3499619.65425,yen,,,,調査産業計,5人以上,就業形態計,35,male,income_year,持家の帰属家賃を除く総合,1990
take_home_wage,annual_main,2003,,,,after_income_tax_and_social_insurance_yen,3458142.247,yen,,,,調査産業計,5人以上,就業形態計,35,male,income_year,持家の帰属家賃を除く総合,1990
take_home_wage,annual_main,2004,,,,after_income_tax_and_social_insurance_yen,3378903.754,yen,,,,調査産業計,5人以上,就業形態計,35,male,income_year,持家の帰属家賃を除く総合,1990
take_home_wage,annual_main,2005,,,,after_income_tax_and_social_insurance_yen,3392863.63625,yen,,,,調査産業計,5人以上,就業形態計,35,male,income_year,持家の帰属家賃を除く総合,1990
take_home_wage,annual_main,2006,,,,after_income_tax_and_social_insurance_yen,3375015.26,yen,,,,調査産業計,5人以上,就業形態計,35,male,income_year,持家の帰属家賃を除く総合,1990
take_home_wage,annual_main,2007,,,,after_income_tax_and_social_insurance_yen,3409824.34,yen,,,,調査産業計,5人以上,就業形態計,35,male,income_year,持家の帰属家賃を除く総合,1990
take_home_wage,annual_main,2008,,,,after_income_tax_and_social_insurance_yen,3391433.0779999997,yen,,,,調査産業計,5人以上,就業形態計,35,male,income_year,持家の帰属家賃を除く総合,1990
take_home_wage,annual_main,2009,,,,after_income_tax_and_social_insurance_yen,3249717.84,yen,,,,調査産業計,5人以上,就業形態計,35,male,income_year,持家の帰属家賃を除く総合,1990
take_home_wage,annual_main,2010,,,,after_income_tax_and_social_insurance_yen,3242900.6215,yen,,,,調査産業計,5人以上,就業形態計,35,male,income_year,持家の帰属家賃を除く総合,1990
take_home_wage,annual_main,2011,,,,after_income_tax_and_social_insurance_yen,3223100.444,yen,,,,調査産業計,5人以上,就業形態計,35,male,income_year,持家の帰属家賃を除く総合,1990
take_home_wage,annual_main,2012,,,,after_income_tax_and_social_insurance_yen,3186467.58625,yen,,,,調査産業計,5人以上,就業形態計,35,male,income_year,持家の帰属家賃を除く総合,1990
take_home_wage,annual_main,2013,,,,after_income_tax_and_social_insurance_yen,3182701.115,yen,,,,調査産業計,5人以上,就業形態計,35,male,income_year,持家の帰属家賃を除く総合,1990
take_home_wage,annual_main,2014,,,,after_income_tax_and_social_insurance_yen,3208516.39,yen,,,,調査産業計,5人以上,就業形態計,35,male,income_year,持家の帰属家賃を除く総合,1990
take_home_wage,annual_main,2015,,,,after_income_tax_and_social_insurance_yen,3165724.7,yen,,,,調査産業計,5人以上,就業形態計,35,male,income_year,持家の帰属家賃を除く総合,1990
take_home_wage,annual_main,2016,,,,after_income_tax_and_social_insurance_yen,3182979.8525,yen,,,,調査産業計,5人以上,就業形態計,35,male,income_year,持家の帰属家賃を除く総合,1990
take_home_wage,annual_main,2017,,,,after_income_tax_and_social_insurance_yen,3198927.5355,yen,,,,調査産業計,5人以上,就業形態計,35,male,income_year,持家の帰属家賃を除く総合,1990
take_home_wage,annual_main,2018,,,,after_income_tax_and_social_insurance_yen,3243135.645,yen,,,,調査産業計,5人以上,就業形態計,35,male,income_year,持家の帰属家賃を除く総合,1990
take_home_wage,annual_main,2019,,,,after_income_tax_and_social_insurance_yen,3232470.795,yen,,,,調査産業計,5人以上,就業形態計,35,male,income_year,持家の帰属家賃を除く総合,1990
take_home_wage,annual_main,2020,,,,after_income_tax_and_social_insurance_yen,3190851.215,yen,,,,調査産業計,5人以上,就業形態計,35,male,income_year,持家の帰属家賃を除く総合,1990
take_home_wage,annual_main,2021,,,,after_income_tax_and_social_insurance_yen,3202281.0209999997,yen,,,,調査産業計,5人以上,就業形態計,35,male,income_year,持家の帰属家賃を除く総合,1990
take_home_wage,annual_main,2022,,,,after_income_tax_and_social_insurance_yen,3268139.439,yen,,,,調査産業計,5人以上,就業形態計,35,male,income_year,持家の帰属家賃を除く総合,1990
take_home_wage,annual_main,2023,,,,after_income_tax_and_social_insurance_yen,3270393.6195,yen,,,,調査産業計,5人以上,就業形態計,35,male,income_year,持家の帰属家賃を除く総合,1990
take_home_wage,annual_main,2024,,,,after_income_tax_and_social_insurance_yen,3498242.71,yen,,,,調査産業計,5人以上,就業形態計,35,male,income_year,持家の帰属家賃を除く総合,1990
take_home_wage,annual_main,2025,,,,after_income_tax_and_social_insurance_yen,3577043.9005,yen,,,,調査産業計,5人以上,就業形態計,35,male,income_year,持家の帰属家賃を除く総合,1990
take_home_wage,annual_main,1990,,,,resident_tax_assessment_year,1991.0,value,,,,調査産業計,5人以上,就業形態計,35,male,income_year,持家の帰属家賃を除く総合,1990
take_home_wage,annual_main,1991,,,,resident_tax_assessment_year,1992.0,value,,,,調査産業計,5人以上,就業形態計,35,male,income_year,持家の帰属家賃を除く総合,1990
take_home_wage,annual_main,1992,,,,resident_tax_assessment_year,1993.0,value,,,,調査産業計,5人以上,就業形態計,35,male,income_year,持家の帰属家賃を除く総合,1990
take_home_wage,annual_main,1993,,,,resident_tax_assessment_year,1994.0,value,,,,調査産業計,5人以上,就業形態計,35,male,income_year,持家の帰属家賃を除く総合,1990
take_home_wage,annual_main,1994,,,,resident_tax_assessment_year,1995.0,value,,,,調査産業計,5人以上,就業形態計,35,male,income_year,持家の帰属家賃を除く総合,1990
take_home_wage,annual_main,1995,,,,resident_tax_assessment_year,1996.0,value,,,,調査産業計,5人以上,就業形態計,35,male,income_year,持家の帰属家賃を除く総合,1990
take_home_wage,annual_main,1996,,,,resident_tax_assessment_year,1997.0,value,,,,調査産業計,5人以上,就業形態計,35,male,income_year,持家の帰属家賃を除く総合,1990
take_home_wage,annual_main,1997,,,,resident_tax_assessment_year,1998.0,value,,,,調査産業計,5人以上,就業形態計,35,male,income_year,持家の帰属家賃を除く総合,1990
take_home_wage,annual_main,1998,,,,resident_tax_assessment_year,1999.0,value,,,,調査産業計,5人以上,就業形態計,35,male,income_year,持家の帰属家賃を除く総合,1990
take_home_wage,annual_main,1999,,,,resident_tax_assessment_year,2000.0,value,,,,調査産業計,5人以上,就業形態計,35,male,income_year,持家の帰属家賃を除く総合,1990
take_home_wage,annual_main,2000,,,,resident_tax_assessment_year,2001.0,value,,,,調査産業計,5人以上,就業形態計,35,male,income_year,持家の帰属家賃を除く総合,1990
take_home_wage,annual_main,2001,,,,resident_tax_assessment_year,2002.0,value,,,,調査産業計,5人以上,就業形態計,35,male,income_year,持家の帰属家賃を除く総合,1990
take_home_wage,annual_main,2002,,,,resident_tax_assessment_year,2003.0,value,,,,調査産業計,5人以上,就業形態計,35,male,income_year,持家の帰属家賃を除く総合,1990
take_home_wage,annual_main,2003,,,,resident_tax_assessment_year,2004.0,value,,,,調査産業計,5人以上,就業形態計,35,male,income_year,持家の帰属家賃を除く総合,1990
take_home_wage,annual_main,2004,,,,resident_tax_assessment_year,2005.0,value,,,,調査産業計,5人以上,就業形態計,35,male,income_year,持家の帰属家賃を除く総合,1990
take_home_wage,annual_main,2005,,,,resident_tax_assessment_year,2006.0,value,,,,調査産業計,5人以上,就業形態計,35,male,income_year,持家の帰属家賃を除く総合,1990
take_home_wage,annual_main,2006,,,,resident_tax_assessment_year,2007.0,value,,,,調査産業計,5人以上,就業形態計,35,male,income_year,持家の帰属家賃を除く総合,1990
take_home_wage,annual_main,2007,,,,resident_tax_assessment_year,2008.0,value,,,,調査産業計,5人以上,就業形態計,35,male,income_year,持家の帰属家賃を除く総合,1990
take_home_wage,annual_main,2008,,,,resident_tax_assessment_year,2009.0,value,,,,調査産業計,5人以上,就業形態計,35,male,income_year,持家の帰属家賃を除く総合,1990
take_home_wage,annual_main,2009,,,,resident_tax_assessment_year,2010.0,value,,,,調査産業計,5人以上,就業形態計,35,male,income_year,持家の帰属家賃を除く総合,1990
take_home_wage,annual_main,2010,,,,resident_tax_assessment_year,2011.0,value,,,,調査産業計,5人以上,就業形態計,35,male,income_year,持家の帰属家賃を除く総合,1990
take_home_wage,annual_main,2011,,,,resident_tax_assessment_year,2012.0,value,,,,調査産業計,5人以上,就業形態計,35,male,income_year,持家の帰属家賃を除く総合,1990
take_home_wage,annual_main,2012,,,,resident_tax_assessment_year,2013.0,value,,,,調査産業計,5人以上,就業形態計,35,male,income_year,持家の帰属家賃を除く総合,1990
take_home_wage,annual_main,2013,,,,resident_tax_assessment_year,2014.0,value,,,,調査産業計,5人以上,就業形態計,35,male,income_year,持家の帰属家賃を除く総合,1990
take_home_wage,annual_main,2014,,,,resident_tax_assessment_year,2015.0,value,,,,調査産業計,5人以上,就業形態計,35,male,income_year,持家の帰属家賃を除く総合,1990
take_home_wage,annual_main,2015,,,,resident_tax_assessment_year,2016.0,value,,,,調査産業計,5人以上,就業形態計,35,male,income_year,持家の帰属家賃を除く総合,1990
take_home_wage,annual_main,2016,,,,resident_tax_assessment_year,2017.0,value,,,,調査産業計,5人以上,就業形態計,35,male,income_year,持家の帰属家賃を除く総合,1990
take_home_wage,annual_main,2017,,,,resident_tax_assessment_year,2018.0,value,,,,調査産業計,5人以上,就業形態計,35,male,income_year,持家の帰属家賃を除く総合,1990
take_home_wage,annual_main,2018,,,,resident_tax_assessment_year,2019.0,value,,,,調査産業計,5人以上,就業形態計,35,male,income_year,持家の帰属家賃を除く総合,1990
take_home_wage,annual_main,2019,,,,resident_tax_assessment_year,2020.0,value,,,,調査産業計,5人以上,就業形態計,35,male,income_year,持家の帰属家賃を除く総合,1990
take_home_wage,annual_main,2020,,,,resident_tax_assessment_year,2021.0,value,,,,調査産業計,5人以上,就業形態計,35,male,income_year,持家の帰属家賃を除く総合,1990
take_home_wage,annual_main,2021,,,,resident_tax_assessment_year,2022.0,value,,,,調査産業計,5人以上,就業形態計,35,male,income_year,持家の帰属家賃を除く総合,1990
take_home_wage,annual_main,2022,,,,resident_tax_assessment_year,2023.0,value,,,,調査産業計,5人以上,就業形態計,35,male,income_year,持家の帰属家賃を除く総合,1990
take_home_wage,annual_main,2023,,,,resident_tax_assessment_year,2024.0,value,,,,調査産業計,5人以上,就業形態計,35,male,income_year,持家の帰属家賃を除く総合,1990
take_home_wage,annual_main,2024,,,,resident_tax_assessment_year,2025.0,value,,,,調査産業計,5人以上,就業形態計,35,male,income_year,持家の帰属家賃を除く総合,1990
take_home_wage,annual_main,2025,,,,resident_tax_assessment_year,2026.0,value,,,,調査産業計,5人以上,就業形態計,35,male,income_year,持家の帰属家賃を除く総合,1990
take_home_wage,annual_main,1990,,,,resident_basic_deduction_yen,310000.0,yen,,,,調査産業計,5人以上,就業形態計,35,male,income_year,持家の帰属家賃を除く総合,1990
take_home_wage,annual_main,1991,,,,resident_basic_deduction_yen,310000.0,yen,,,,調査産業計,5人以上,就業形態計,35,male,income_year,持家の帰属家賃を除く総合,1990
take_home_wage,annual_main,1992,,,,resident_basic_deduction_yen,310000.0,yen,,,,調査産業計,5人以上,就業形態計,35,male,income_year,持家の帰属家賃を除く総合,1990
take_home_wage,annual_main,1993,,,,resident_basic_deduction_yen,310000.0,yen,,,,調査産業計,5人以上,就業形態計,35,male,income_year,持家の帰属家賃を除く総合,1990
take_home_wage,annual_main,1994,,,,resident_basic_deduction_yen,330000.0,yen,,,,調査産業計,5人以上,就業形態計,35,male,income_year,持家の帰属家賃を除く総合,1990
take_home_wage,annual_main,1995,,,,resident_basic_deduction_yen,330000.0,yen,,,,調査産業計,5人以上,就業形態計,35,male,income_year,持家の帰属家賃を除く総合,1990
take_home_wage,annual_main,1996,,,,resident_basic_deduction_yen,330000.0,yen,,,,調査産業計,5人以上,就業形態計,35,male,income_year,持家の帰属家賃を除く総合,1990
take_home_wage,annual_main,1997,,,,resident_basic_deduction_yen,330000.0,yen,,,,調査産業計,5人以上,就業形態計,35,male,income_year,持家の帰属家賃を除く総合,1990
take_home_wage,annual_main,1998,,,,resident_basic_deduction_yen,330000.0,yen,,,,調査産業計,5人以上,就業形態計,35,male,income_year,持家の帰属家賃を除く総合,1990
take_home_wage,annual_main,1999,,,,resident_basic_deduction_yen,330000.0,yen,,,,調査産業計,5人以上,就業形態計,35,male,income_year,持家の帰属家賃を除く総合,1990
take_home_wage,annual_main,2000,,,,resident_basic_deduction_yen,330000.0,yen,,,,調査産業計,5人以上,就業形態計,35,male,income_year,持家の帰属家賃を除く総合,1990
take_home_wage,annual_main,2001,,,,resident_basic_deduction_yen,330000.0,yen,,,,調査産業計,5人以上,就業形態計,35,male,income_year,持家の帰属家賃を除く総合,1990
take_home_wage,annual_main,2002,,,,resident_basic_deduction_yen,330000.0,yen,,,,調査産業計,5人以上,就業形態計,35,male,income_year,持家の帰属家賃を除く総合,1990
take_home_wage,annual_main,2003,,,,resident_basic_deduction_yen,330000.0,yen,,,,調査産業計,5人以上,就業形態計,35,male,income_year,持家の帰属家賃を除く総合,1990
take_home_wage,annual_main,2004,,,,resident_basic_deduction_yen,330000.0,yen,,,,調査産業計,5人以上,就業形態計,35,male,income_year,持家の帰属家賃を除く総合,1990
take_home_wage,annual_main,2005,,,,resident_basic_deduction_yen,330000.0,yen,,,,調査産業計,5人以上,就業形態計,35,male,income_year,持家の帰属家賃を除く総合,1990
take_home_wage,annual_main,2006,,,,resident_basic_deduction_yen,330000.0,yen,,,,調査産業計,5人以上,就業形態計,35,male,income_year,持家の帰属家賃を除く総合,1990
take_home_wage,annual_main,2007,,,,resident_basic_deduction_yen,330000.0,yen,,,,調査産業計,5人以上,就業形態計,35,male,income_year,持家の帰属家賃を除く総合,1990
take_home_wage,annual_main,2008,,,,resident_basic_deduction_yen,330000.0,yen,,,,調査産業計,5人以上,就業形態計,35,male,income_year,持家の帰属家賃を除く総合,1990
take_home_wage,annual_main,2009,,,,resident_basic_deduction_yen,330000.0,yen,,,,調査産業計,5人以上,就業形態計,35,male,income_year,持家の帰属家賃を除く総合,1990
take_home_wage,annual_main,2010,,,,resident_basic_deduction_yen,330000.0,yen,,,,調査産業計,5人以上,就業形態計,35,male,income_year,持家の帰属家賃を除く総合,1990
take_home_wage,annual_main,2011,,,,resident_basic_deduction_yen,330000.0,yen,,,,調査産業計,5人以上,就業形態計,35,male,income_year,持家の帰属家賃を除く総合,1990
take_home_wage,annual_main,2012,,,,resident_basic_deduction_yen,330000.0,yen,,,,調査産業計,5人以上,就業形態計,35,male,income_year,持家の帰属家賃を除く総合,1990
take_home_wage,annual_main,2013,,,,resident_basic_deduction_yen,330000.0,yen,,,,調査産業計,5人以上,就業形態計,35,male,income_year,持家の帰属家賃を除く総合,1990
take_home_wage,annual_main,2014,,,,resident_basic_deduction_yen,330000.0,yen,,,,調査産業計,5人以上,就業形態計,35,male,income_year,持家の帰属家賃を除く総合,1990
take_home_wage,annual_main,2015,,,,resident_basic_deduction_yen,330000.0,yen,,,,調査産業計,5人以上,就業形態計,35,male,income_year,持家の帰属家賃を除く総合,1990
take_home_wage,annual_main,2016,,,,resident_basic_deduction_yen,330000.0,yen,,,,調査産業計,5人以上,就業形態計,35,male,income_year,持家の帰属家賃を除く総合,1990
take_home_wage,annual_main,2017,,,,resident_basic_deduction_yen,330000.0,yen,,,,調査産業計,5人以上,就業形態計,35,male,income_year,持家の帰属家賃を除く総合,1990
take_home_wage,annual_main,2018,,,,resident_basic_deduction_yen,330000.0,yen,,,,調査産業計,5人以上,就業形態計,35,male,income_year,持家の帰属家賃を除く総合,1990
take_home_wage,annual_main,2019,,,,resident_basic_deduction_yen,330000.0,yen,,,,調査産業計,5人以上,就業形態計,35,male,income_year,持家の帰属家賃を除く総合,1990
take_home_wage,annual_main,2020,,,,resident_basic_deduction_yen,430000.0,yen,,,,調査産業計,5人以上,就業形態計,35,male,income_year,持家の帰属家賃を除く総合,1990
take_home_wage,annual_main,2021,,,,resident_basic_deduction_yen,430000.0,yen,,,,調査産業計,5人以上,就業形態計,35,male,income_year,持家の帰属家賃を除く総合,1990
take_home_wage,annual_main,2022,,,,resident_basic_deduction_yen,430000.0,yen,,,,調査産業計,5人以上,就業形態計,35,male,income_year,持家の帰属家賃を除く総合,1990
take_home_wage,annual_main,2023,,,,resident_basic_deduction_yen,430000.0,yen,,,,調査産業計,5人以上,就業形態計,35,male,income_year,持家の帰属家賃を除く総合,1990
take_home_wage,annual_main,2024,,,,resident_basic_deduction_yen,430000.0,yen,,,,調査産業計,5人以上,就業形態計,35,male,income_year,持家の帰属家賃を除く総合,1990
take_home_wage,annual_main,2025,,,,resident_basic_deduction_yen,430000.0,yen,,,,調査産業計,5人以上,就業形態計,35,male,income_year,持家の帰属家賃を除く総合,1990
take_home_wage,annual_main,1990,,,,resident_taxable_income_yen,1995000.0,yen,,,,調査産業計,5人以上,就業形態計,35,male,income_year,持家の帰属家賃を除く総合,1990
take_home_wage,annual_main,1991,,,,resident_taxable_income_yen,2119000.0,yen,,,,調査産業計,5人以上,就業形態計,35,male,income_year,持家の帰属家賃を除く総合,1990
take_home_wage,annual_main,1992,,,,resident_taxable_income_yen,2192000.0,yen,,,,調査産業計,5人以上,就業形態計,35,male,income_year,持家の帰属家賃を除く総合,1990
take_home_wage,annual_main,1993,,,,resident_taxable_income_yen,2175000.0,yen,,,,調査産業計,5人以上,就業形態計,35,male,income_year,持家の帰属家賃を除く総合,1990
take_home_wage,annual_main,1994,,,,resident_taxable_income_yen,2205000.0,yen,,,,調査産業計,5人以上,就業形態計,35,male,income_year,持家の帰属家賃を除く総合,1990
take_home_wage,annual_main,1995,,,,resident_taxable_income_yen,2167000.0,yen,,,,調査産業計,5人以上,就業形態計,35,male,income_year,持家の帰属家賃を除く総合,1990
take_home_wage,annual_main,1996,,,,resident_taxable_income_yen,2194000.0,yen,,,,調査産業計,5人以上,就業形態計,35,male,income_year,持家の帰属家賃を除く総合,1990
take_home_wage,annual_main,1997,,,,resident_taxable_income_yen,2237000.0,yen,,,,調査産業計,5人以上,就業形態計,35,male,income_year,持家の帰属家賃を除く総合,1990
take_home_wage,annual_main,1998,,,,resident_taxable_income_yen,2187000.0,yen,,,,調査産業計,5人以上,就業形態計,35,male,income_year,持家の帰属家賃を除く総合,1990
take_home_wage,annual_main,1999,,,,resident_taxable_income_yen,2066000.0,yen,,,,調査産業計,5人以上,就業形態計,35,male,income_year,持家の帰属家賃を除く総合,1990
take_home_wage,annual_main,2000,,,,resident_taxable_income_yen,2082000.0,yen,,,,調査産業計,5人以上,就業形態計,35,male,income_year,持家の帰属家賃を除く総合,1990
take_home_wage,annual_main,2001,,,,resident_taxable_income_yen,2037000.0,yen,,,,調査産業計,5人以上,就業形態計,35,male,income_year,持家の帰属家賃を除く総合,1990
take_home_wage,annual_main,2002,,,,resident_taxable_income_yen,1958000.0,yen,,,,調査産業計,5人以上,就業形態計,35,male,income_year,持家の帰属家賃を除く総合,1990
take_home_wage,annual_main,2003,,,,resident_taxable_income_yen,1917000.0,yen,,,,調査産業計,5人以上,就業形態計,35,male,income_year,持家の帰属家賃を除く総合,1990
take_home_wage,annual_main,2004,,,,resident_taxable_income_yen,1853000.0,yen,,,,調査産業計,5人以上,就業形態計,35,male,income_year,持家の帰属家賃を除く総合,1990
take_home_wage,annual_main,2005,,,,resident_taxable_income_yen,1862000.0,yen,,,,調査産業計,5人以上,就業形態計,35,male,income_year,持家の帰属家賃を除く総合,1990
take_home_wage,annual_main,2006,,,,resident_taxable_income_yen,1860000.0,yen,,,,調査産業計,5人以上,就業形態計,35,male,income_year,持家の帰属家賃を除く総合,1990
take_home_wage,annual_main,2007,,,,resident_taxable_income_yen,1835000.0,yen,,,,調査産業計,5人以上,就業形態計,35,male,income_year,持家の帰属家賃を除く総合,1990
take_home_wage,annual_main,2008,,,,resident_taxable_income_yen,1813000.0,yen,,,,調査産業計,5人以上,就業形態計,35,male,income_year,持家の帰属家賃を除く総合,1990
take_home_wage,annual_main,2009,,,,resident_taxable_income_yen,1703000.0,yen,,,,調査産業計,5人以上,就業形態計,35,male,income_year,持家の帰属家賃を除く総合,1990
take_home_wage,annual_main,2010,,,,resident_taxable_income_yen,1691000.0,yen,,,,調査産業計,5人以上,就業形態計,35,male,income_year,持家の帰属家賃を除く総合,1990
take_home_wage,annual_main,2011,,,,resident_taxable_income_yen,1671000.0,yen,,,,調査産業計,5人以上,就業形態計,35,male,income_year,持家の帰属家賃を除く総合,1990
take_home_wage,annual_main,2012,,,,resident_taxable_income_yen,1639000.0,yen,,,,調査産業計,5人以上,就業形態計,35,male,income_year,持家の帰属家賃を除く総合,1990
take_home_wage,annual_main,2013,,,,resident_taxable_income_yen,1635000.0,yen,,,,調査産業計,5人以上,就業形態計,35,male,income_year,持家の帰属家賃を除く総合,1990
take_home_wage,annual_main,2014,,,,resident_taxable_income_yen,1655000.0,yen,,,,調査産業計,5人以上,就業形態計,35,male,income_year,持家の帰属家賃を除く総合,1990
take_home_wage,annual_main,2015,,,,resident_taxable_income_yen,1618000.0,yen,,,,調査産業計,5人以上,就業形態計,35,male,income_year,持家の帰属家賃を除く総合,1990
take_home_wage,annual_main,2016,,,,resident_taxable_income_yen,1631000.0,yen,,,,調査産業計,5人以上,就業形態計,35,male,income_year,持家の帰属家賃を除く総合,1990
take_home_wage,annual_main,2017,,,,resident_taxable_income_yen,1644000.0,yen,,,,調査産業計,5人以上,就業形態計,35,male,income_year,持家の帰属家賃を除く総合,1990
take_home_wage,annual_main,2018,,,,resident_taxable_income_yen,1680000.0,yen,,,,調査産業計,5人以上,就業形態計,35,male,income_year,持家の帰属家賃を除く総合,1990
take_home_wage,annual_main,2019,,,,resident_taxable_income_yen,1671000.0,yen,,,,調査産業計,5人以上,就業形態計,35,male,income_year,持家の帰属家賃を除く総合,1990
take_home_wage,annual_main,2020,,,,resident_taxable_income_yen,1637000.0,yen,,,,調査産業計,5人以上,就業形態計,35,male,income_year,持家の帰属家賃を除く総合,1990
take_home_wage,annual_main,2021,,,,resident_taxable_income_yen,1647000.0,yen,,,,調査産業計,5人以上,就業形態計,35,male,income_year,持家の帰属家賃を除く総合,1990
take_home_wage,annual_main,2022,,,,resident_taxable_income_yen,1701000.0,yen,,,,調査産業計,5人以上,就業形態計,35,male,income_year,持家の帰属家賃を除く総合,1990
take_home_wage,annual_main,2023,,,,resident_taxable_income_yen,1693000.0,yen,,,,調査産業計,5人以上,就業形態計,35,male,income_year,持家の帰属家賃を除く総合,1990
take_home_wage,annual_main,2024,,,,resident_taxable_income_yen,1855000.0,yen,,,,調査産業計,5人以上,就業形態計,35,male,income_year,持家の帰属家賃を除く総合,1990
take_home_wage,annual_main,2025,,,,resident_taxable_income_yen,1929000.0,yen,,,,調査産業計,5人以上,就業形態計,35,male,income_year,持家の帰属家賃を除く総合,1990
take_home_wage,annual_main,1990,,,,base_resident_income_levy_yen,119500.0,yen,,,,調査産業計,5人以上,就業形態計,35,male,income_year,持家の帰属家賃を除く総合,1990
take_home_wage,annual_main,1991,,,,base_resident_income_levy_yen,131900.0,yen,,,,調査産業計,5人以上,就業形態計,35,male,income_year,持家の帰属家賃を除く総合,1990
take_home_wage,annual_main,1992,,,,base_resident_income_levy_yen,139200.0,yen,,,,調査産業計,5人以上,就業形態計,35,male,income_year,持家の帰属家賃を除く総合,1990
take_home_wage,annual_main,1993,,,,base_resident_income_levy_yen,137500.0,yen,,,,調査産業計,5人以上,就業形態計,35,male,income_year,持家の帰属家賃を除く総合,1990
take_home_wage,annual_main,1994,,,,base_resident_income_levy_yen,120500.0,yen,,,,調査産業計,5人以上,就業形態計,35,male,income_year,持家の帰属家賃を除く総合,1990
take_home_wage,annual_main,1995,,,,base_resident_income_levy_yen,116700.0,yen,,,,調査産業計,5人以上,就業形態計,35,male,income_year,持家の帰属家賃を除く総合,1990
take_home_wage,annual_main,1996,,,,base_resident_income_levy_yen,119400.0,yen,,,,調査産業計,5人以上,就業形態計,35,male,income_year,持家の帰属家賃を除く総合,1990
take_home_wage,annual_main,1997,,,,base_resident_income_levy_yen,123700.0,yen,,,,調査産業計,5人以上,就業形態計,35,male,income_year,持家の帰属家賃を除く総合,1990
take_home_wage,annual_main,1998,,,,base_resident_income_levy_yen,118700.0,yen,,,,調査産業計,5人以上,就業形態計,35,male,income_year,持家の帰属家賃を除く総合,1990
take_home_wage,annual_main,1999,,,,base_resident_income_levy_yen,106600.0,yen,,,,調査産業計,5人以上,就業形態計,35,male,income_year,持家の帰属家賃を除く総合,1990
take_home_wage,annual_main,2000,,,,base_resident_income_levy_yen,108200.0,yen,,,,調査産業計,5人以上,就業形態計,35,male,income_year,持家の帰属家賃を除く総合,1990
take_home_wage,annual_main,2001,,,,base_resident_income_levy_yen,103700.0,yen,,,,調査産業計,5人以上,就業形態計,35,male,income_year,持家の帰属家賃を除く総合,1990
take_home_wage,annual_main,2002,,,,base_resident_income_levy_yen,97900.0,yen,,,,調査産業計,5人以上,就業形態計,35,male,income_year,持家の帰属家賃を除く総合,1990
take_home_wage,annual_main,2003,,,,base_resident_income_levy_yen,95850.0,yen,,,,調査産業計,5人以上,就業形態計,35,male,income_year,持家の帰属家賃を除く総合,1990
take_home_wage,annual_main,2004,,,,base_resident_income_levy_yen,92650.0,yen,,,,調査産業計,5人以上,就業形態計,35,male,income_year,持家の帰属家賃を除く総合,1990
take_home_wage,annual_main,2005,,,,base_resident_income_levy_yen,93100.0,yen,,,,調査産業計,5人以上,就業形態計,35,male,income_year,持家の帰属家賃を除く総合,1990
take_home_wage,annual_main,2006,,,,base_resident_income_levy_yen,186000.0,yen,,,,調査産業計,5人以上,就業形態計,35,male,income_year,持家の帰属家賃を除く総合,1990
take_home_wage,annual_main,2007,,,,base_resident_income_levy_yen,183500.0,yen,,,,調査産業計,5人以上,就業形態計,35,male,income_year,持家の帰属家賃を除く総合,1990
take_home_wage,annual_main,2008,,,,base_resident_income_levy_yen,181300.0,yen,,,,調査産業計,5人以上,就業形態計,35,male,income_year,持家の帰属家賃を除く総合,1990
take_home_wage,annual_main,2009,,,,base_resident_income_levy_yen,170300.0,yen,,,,調査産業計,5人以上,就業形態計,35,male,income_year,持家の帰属家賃を除く総合,1990
take_home_wage,annual_main,2010,,,,base_resident_income_levy_yen,169100.0,yen,,,,調査産業計,5人以上,就業形態計,35,male,income_year,持家の帰属家賃を除く総合,1990
take_home_wage,annual_main,2011,,,,base_resident_income_levy_yen,167100.0,yen,,,,調査産業計,5人以上,就業形態計,35,male,income_year,持家の帰属家賃を除く総合,1990
take_home_wage,annual_main,2012,,,,base_resident_income_levy_yen,163900.0,yen,,,,調査産業計,5人以上,就業形態計,35,male,income_year,持家の帰属家賃を除く総合,1990
take_home_wage,annual_main,2013,,,,base_resident_income_levy_yen,163500.0,yen,,,,調査産業計,5人以上,就業形態計,35,male,income_year,持家の帰属家賃を除く総合,1990
take_home_wage,annual_main,2014,,,,base_resident_income_levy_yen,165500.0,yen,,,,調査産業計,5人以上,就業形態計,35,male,income_year,持家の帰属家賃を除く総合,1990
take_home_wage,annual_main,2015,,,,base_resident_income_levy_yen,161800.0,yen,,,,調査産業計,5人以上,就業形態計,35,male,income_year,持家の帰属家賃を除く総合,1990
take_home_wage,annual_main,2016,,,,base_resident_income_levy_yen,163100.0,yen,,,,調査産業計,5人以上,就業形態計,35,male,income_year,持家の帰属家賃を除く総合,1990
take_home_wage,annual_main,2017,,,,base_resident_income_levy_yen,164400.0,yen,,,,調査産業計,5人以上,就業形態計,35,male,income_year,持家の帰属家賃を除く総合,1990
take_home_wage,annual_main,2018,,,,base_resident_income_levy_yen,168000.0,yen,,,,調査産業計,5人以上,就業形態計,35,male,income_year,持家の帰属家賃を除く総合,1990
take_home_wage,annual_main,2019,,,,base_resident_income_levy_yen,167100.0,yen,,,,調査産業計,5人以上,就業形態計,35,male,income_year,持家の帰属家賃を除く総合,1990
take_home_wage,annual_main,2020,,,,base_resident_income_levy_yen,163700.0,yen,,,,調査産業計,5人以上,就業形態計,35,male,income_year,持家の帰属家賃を除く総合,1990
take_home_wage,annual_main,2021,,,,base_resident_income_levy_yen,164700.0,yen,,,,調査産業計,5人以上,就業形態計,35,male,income_year,持家の帰属家賃を除く総合,1990
take_home_wage,annual_main,2022,,,,base_resident_income_levy_yen,170100.0,yen,,,,調査産業計,5人以上,就業形態計,35,male,income_year,持家の帰属家賃を除く総合,1990
take_home_wage,annual_main,2023,,,,base_resident_income_levy_yen,169300.0,yen,,,,調査産業計,5人以上,就業形態計,35,male,income_year,持家の帰属家賃を除く総合,1990
take_home_wage,annual_main,2024,,,,base_resident_income_levy_yen,185500.0,yen,,,,調査産業計,5人以上,就業形態計,35,male,income_year,持家の帰属家賃を除く総合,1990
take_home_wage,annual_main,2025,,,,base_resident_income_levy_yen,192900.0,yen,,,,調査産業計,5人以上,就業形態計,35,male,income_year,持家の帰属家賃を除く総合,1990
take_home_wage,annual_main,1990,,,,resident_adjustment_credit_yen,0.0,yen,,,,調査産業計,5人以上,就業形態計,35,male,income_year,持家の帰属家賃を除く総合,1990
take_home_wage,annual_main,1991,,,,resident_adjustment_credit_yen,0.0,yen,,,,調査産業計,5人以上,就業形態計,35,male,income_year,持家の帰属家賃を除く総合,1990
take_home_wage,annual_main,1992,,,,resident_adjustment_credit_yen,0.0,yen,,,,調査産業計,5人以上,就業形態計,35,male,income_year,持家の帰属家賃を除く総合,1990
take_home_wage,annual_main,1993,,,,resident_adjustment_credit_yen,0.0,yen,,,,調査産業計,5人以上,就業形態計,35,male,income_year,持家の帰属家賃を除く総合,1990
take_home_wage,annual_main,1994,,,,resident_adjustment_credit_yen,0.0,yen,,,,調査産業計,5人以上,就業形態計,35,male,income_year,持家の帰属家賃を除く総合,1990
take_home_wage,annual_main,1995,,,,resident_adjustment_credit_yen,0.0,yen,,,,調査産業計,5人以上,就業形態計,35,male,income_year,持家の帰属家賃を除く総合,1990
take_home_wage,annual_main,1996,,,,resident_adjustment_credit_yen,0.0,yen,,,,調査産業計,5人以上,就業形態計,35,male,income_year,持家の帰属家賃を除く総合,1990
take_home_wage,annual_main,1997,,,,resident_adjustment_credit_yen,0.0,yen,,,,調査産業計,5人以上,就業形態計,35,male,income_year,持家の帰属家賃を除く総合,1990
take_home_wage,annual_main,1998,,,,resident_adjustment_credit_yen,0.0,yen,,,,調査産業計,5人以上,就業形態計,35,male,income_year,持家の帰属家賃を除く総合,1990
take_home_wage,annual_main,1999,,,,resident_adjustment_credit_yen,0.0,yen,,,,調査産業計,5人以上,就業形態計,35,male,income_year,持家の帰属家賃を除く総合,1990
take_home_wage,annual_main,2000,,,,resident_adjustment_credit_yen,0.0,yen,,,,調査産業計,5人以上,就業形態計,35,male,income_year,持家の帰属家賃を除く総合,1990
take_home_wage,annual_main,2001,,,,resident_adjustment_credit_yen,0.0,yen,,,,調査産業計,5人以上,就業形態計,35,male,income_year,持家の帰属家賃を除く総合,1990
take_home_wage,annual_main,2002,,,,resident_adjustment_credit_yen,0.0,yen,,,,調査産業計,5人以上,就業形態計,35,male,income_year,持家の帰属家賃を除く総合,1990
take_home_wage,annual_main,2003,,,,resident_adjustment_credit_yen,0.0,yen,,,,調査産業計,5人以上,就業形態計,35,male,income_year,持家の帰属家賃を除く総合,1990
take_home_wage,annual_main,2004,,,,resident_adjustment_credit_yen,0.0,yen,,,,調査産業計,5人以上,就業形態計,35,male,income_year,持家の帰属家賃を除く総合,1990
take_home_wage,annual_main,2005,,,,resident_adjustment_credit_yen,0.0,yen,,,,調査産業計,5人以上,就業形態計,35,male,income_year,持家の帰属家賃を除く総合,1990
take_home_wage,annual_main,2006,,,,resident_adjustment_credit_yen,2500.0,yen,,,,調査産業計,5人以上,就業形態計,35,male,income_year,持家の帰属家賃を除く総合,1990
take_home_wage,annual_main,2007,,,,resident_adjustment_credit_yen,2500.0,yen,,,,調査産業計,5人以上,就業形態計,35,male,income_year,持家の帰属家賃を除く総合,1990
take_home_wage,annual_main,2008,,,,resident_adjustment_credit_yen,2500.0,yen,,,,調査産業計,5人以上,就業形態計,35,male,income_year,持家の帰属家賃を除く総合,1990
take_home_wage,annual_main,2009,,,,resident_adjustment_credit_yen,2500.0,yen,,,,調査産業計,5人以上,就業形態計,35,male,income_year,持家の帰属家賃を除く総合,1990
take_home_wage,annual_main,2010,,,,resident_adjustment_credit_yen,2500.0,yen,,,,調査産業計,5人以上,就業形態計,35,male,income_year,持家の帰属家賃を除く総合,1990
take_home_wage,annual_main,2011,,,,resident_adjustment_credit_yen,2500.0,yen,,,,調査産業計,5人以上,就業形態計,35,male,income_year,持家の帰属家賃を除く総合,1990
take_home_wage,annual_main,2012,,,,resident_adjustment_credit_yen,2500.0,yen,,,,調査産業計,5人以上,就業形態計,35,male,income_year,持家の帰属家賃を除く総合,1990
take_home_wage,annual_main,2013,,,,resident_adjustment_credit_yen,2500.0,yen,,,,調査産業計,5人以上,就業形態計,35,male,income_year,持家の帰属家賃を除く総合,1990
take_home_wage,annual_main,2014,,,,resident_adjustment_credit_yen,2500.0,yen,,,,調査産業計,5人以上,就業形態計,35,male,income_year,持家の帰属家賃を除く総合,1990
take_home_wage,annual_main,2015,,,,resident_adjustment_credit_yen,2500.0,yen,,,,調査産業計,5人以上,就業形態計,35,male,income_year,持家の帰属家賃を除く総合,1990
take_home_wage,annual_main,2016,,,,resident_adjustment_credit_yen,2500.0,yen,,,,調査産業計,5人以上,就業形態計,35,male,income_year,持家の帰属家賃を除く総合,1990
take_home_wage,annual_main,2017,,,,resident_adjustment_credit_yen,2500.0,yen,,,,調査産業計,5人以上,就業形態計,35,male,income_year,持家の帰属家賃を除く総合,1990
take_home_wage,annual_main,2018,,,,resident_adjustment_credit_yen,2500.0,yen,,,,調査産業計,5人以上,就業形態計,35,male,income_year,持家の帰属家賃を除く総合,1990
take_home_wage,annual_main,2019,,,,resident_adjustment_credit_yen,2500.0,yen,,,,調査産業計,5人以上,就業形態計,35,male,income_year,持家の帰属家賃を除く総合,1990
take_home_wage,annual_main,2020,,,,resident_adjustment_credit_yen,2500.0,yen,,,,調査産業計,5人以上,就業形態計,35,male,income_year,持家の帰属家賃を除く総合,1990
take_home_wage,annual_main,2021,,,,resident_adjustment_credit_yen,2500.0,yen,,,,調査産業計,5人以上,就業形態計,35,male,income_year,持家の帰属家賃を除く総合,1990
take_home_wage,annual_main,2022,,,,resident_adjustment_credit_yen,2500.0,yen,,,,調査産業計,5人以上,就業形態計,35,male,income_year,持家の帰属家賃を除く総合,1990
take_home_wage,annual_main,2023,,,,resident_adjustment_credit_yen,2500.0,yen,,,,調査産業計,5人以上,就業形態計,35,male,income_year,持家の帰属家賃を除く総合,1990
take_home_wage,annual_main,2024,,,,resident_adjustment_credit_yen,2500.0,yen,,,,調査産業計,5人以上,就業形態計,35,male,income_year,持家の帰属家賃を除く総合,1990
take_home_wage,annual_main,2025,,,,resident_adjustment_credit_yen,2500.0,yen,,,,調査産業計,5人以上,就業形態計,35,male,income_year,持家の帰属家賃を除く総合,1990
take_home_wage,annual_main,1990,,,,resident_other_reduction_yen,0.0,yen,,,,調査産業計,5人以上,就業形態計,35,male,income_year,持家の帰属家賃を除く総合,1990
take_home_wage,annual_main,1991,,,,resident_other_reduction_yen,0.0,yen,,,,調査産業計,5人以上,就業形態計,35,male,income_year,持家の帰属家賃を除く総合,1990
take_home_wage,annual_main,1992,,,,resident_other_reduction_yen,0.0,yen,,,,調査産業計,5人以上,就業形態計,35,male,income_year,持家の帰属家賃を除く総合,1990
take_home_wage,annual_main,1993,,,,resident_other_reduction_yen,27500.0,yen,,,,調査産業計,5人以上,就業形態計,35,male,income_year,持家の帰属家賃を除く総合,1990
take_home_wage,annual_main,1994,,,,resident_other_reduction_yen,18075.0,yen,,,,調査産業計,5人以上,就業形態計,35,male,income_year,持家の帰属家賃を除く総合,1990
take_home_wage,annual_main,1995,,,,resident_other_reduction_yen,17505.0,yen,,,,調査産業計,5人以上,就業形態計,35,male,income_year,持家の帰属家賃を除く総合,1990
take_home_wage,annual_main,1996,,,,resident_other_reduction_yen,0.0,yen,,,,調査産業計,5人以上,就業形態計,35,male,income_year,持家の帰属家賃を除く総合,1990
take_home_wage,annual_main,1997,,,,resident_other_reduction_yen,17000.0,yen,,,,調査産業計,5人以上,就業形態計,35,male,income_year,持家の帰属家賃を除く総合,1990
take_home_wage,annual_main,1998,,,,resident_other_reduction_yen,17805.0,yen,,,,調査産業計,5人以上,就業形態計,35,male,income_year,持家の帰属家賃を除く総合,1990
take_home_wage,annual_main,1999,,,,resident_other_reduction_yen,15990.0,yen,,,,調査産業計,5人以上,就業形態計,35,male,income_year,持家の帰属家賃を除く総合,1990
take_home_wage,annual_main,2000,,,,resident_other_reduction_yen,16230.0,yen,,,,調査産業計,5人以上,就業形態計,35,male,income_year,持家の帰属家賃を除く総合,1990
take_home_wage,annual_main,2001,,,,resident_other_reduction_yen,15555.0,yen,,,,調査産業計,5人以上,就業形態計,35,male,income_year,持家の帰属家賃を除く総合,1990
take_home_wage,annual_main,2002,,,,resident_other_reduction_yen,14685.0,yen,,,,調査産業計,5人以上,就業形態計,35,male,income_year,持家の帰属家賃を除く総合,1990
take_home_wage,annual_main,2003,,,,resident_other_reduction_yen,14377.5,yen,,,,調査産業計,5人以上,就業形態計,35,male,income_year,持家の帰属家賃を除く総合,1990
take_home_wage,annual_main,2004,,,,resident_other_reduction_yen,13897.5,yen,,,,調査産業計,5人以上,就業形態計,35,male,income_year,持家の帰属家賃を除く総合,1990
take_home_wage,annual_main,2005,,,,resident_other_reduction_yen,6982.5,yen,,,,調査産業計,5人以上,就業形態計,35,male,income_year,持家の帰属家賃を除く総合,1990
take_home_wage,annual_main,2006,,,,resident_other_reduction_yen,0.0,yen,,,,調査産業計,5人以上,就業形態計,35,male,income_year,持家の帰属家賃を除く総合,1990
take_home_wage,annual_main,2007,,,,resident_other_reduction_yen,0.0,yen,,,,調査産業計,5人以上,就業形態計,35,male,income_year,持家の帰属家賃を除く総合,1990
take_home_wage,annual_main,2008,,,,resident_other_reduction_yen,0.0,yen,,,,調査産業計,5人以上,就業形態計,35,male,income_year,持家の帰属家賃を除く総合,1990
take_home_wage,annual_main,2009,,,,resident_other_reduction_yen,0.0,yen,,,,調査産業計,5人以上,就業形態計,35,male,income_year,持家の帰属家賃を除く総合,1990
take_home_wage,annual_main,2010,,,,resident_other_reduction_yen,0.0,yen,,,,調査産業計,5人以上,就業形態計,35,male,income_year,持家の帰属家賃を除く総合,1990
take_home_wage,annual_main,2011,,,,resident_other_reduction_yen,0.0,yen,,,,調査産業計,5人以上,就業形態計,35,male,income_year,持家の帰属家賃を除く総合,1990
take_home_wage,annual_main,2012,,,,resident_other_reduction_yen,0.0,yen,,,,調査産業計,5人以上,就業形態計,35,male,income_year,持家の帰属家賃を除く総合,1990
take_home_wage,annual_main,2013,,,,resident_other_reduction_yen,0.0,yen,,,,調査産業計,5人以上,就業形態計,35,male,income_year,持家の帰属家賃を除く総合,1990
take_home_wage,annual_main,2014,,,,resident_other_reduction_yen,0.0,yen,,,,調査産業計,5人以上,就業形態計,35,male,income_year,持家の帰属家賃を除く総合,1990
take_home_wage,annual_main,2015,,,,resident_other_reduction_yen,0.0,yen,,,,調査産業計,5人以上,就業形態計,35,male,income_year,持家の帰属家賃を除く総合,1990
take_home_wage,annual_main,2016,,,,resident_other_reduction_yen,0.0,yen,,,,調査産業計,5人以上,就業形態計,35,male,income_year,持家の帰属家賃を除く総合,1990
take_home_wage,annual_main,2017,,,,resident_other_reduction_yen,0.0,yen,,,,調査産業計,5人以上,就業形態計,35,male,income_year,持家の帰属家賃を除く総合,1990
take_home_wage,annual_main,2018,,,,resident_other_reduction_yen,0.0,yen,,,,調査産業計,5人以上,就業形態計,35,male,income_year,持家の帰属家賃を除く総合,1990
take_home_wage,annual_main,2019,,,,resident_other_reduction_yen,0.0,yen,,,,調査産業計,5人以上,就業形態計,35,male,income_year,持家の帰属家賃を除く総合,1990
take_home_wage,annual_main,2020,,,,resident_other_reduction_yen,0.0,yen,,,,調査産業計,5人以上,就業形態計,35,male,income_year,持家の帰属家賃を除く総合,1990
take_home_wage,annual_main,2021,,,,resident_other_reduction_yen,0.0,yen,,,,調査産業計,5人以上,就業形態計,35,male,income_year,持家の帰属家賃を除く総合,1990
take_home_wage,annual_main,2022,,,,resident_other_reduction_yen,0.0,yen,,,,調査産業計,5人以上,就業形態計,35,male,income_year,持家の帰属家賃を除く総合,1990
take_home_wage,annual_main,2023,,,,resident_other_reduction_yen,10000.0,yen,,,,調査産業計,5人以上,就業形態計,35,male,income_year,持家の帰属家賃を除く総合,1990
take_home_wage,annual_main,2024,,,,resident_other_reduction_yen,0.0,yen,,,,調査産業計,5人以上,就業形態計,35,male,income_year,持家の帰属家賃を除く総合,1990
take_home_wage,annual_main,2025,,,,resident_other_reduction_yen,0.0,yen,,,,調査産業計,5人以上,就業形態計,35,male,income_year,持家の帰属家賃を除く総合,1990
take_home_wage,annual_main,1990,,,,resident_income_levy_yen,119500.0,yen,,,,調査産業計,5人以上,就業形態計,35,male,income_year,持家の帰属家賃を除く総合,1990
take_home_wage,annual_main,1991,,,,resident_income_levy_yen,131900.0,yen,,,,調査産業計,5人以上,就業形態計,35,male,income_year,持家の帰属家賃を除く総合,1990
take_home_wage,annual_main,1992,,,,resident_income_levy_yen,139200.0,yen,,,,調査産業計,5人以上,就業形態計,35,male,income_year,持家の帰属家賃を除く総合,1990
take_home_wage,annual_main,1993,,,,resident_income_levy_yen,110000.0,yen,,,,調査産業計,5人以上,就業形態計,35,male,income_year,持家の帰属家賃を除く総合,1990
take_home_wage,annual_main,1994,,,,resident_income_levy_yen,102400.0,yen,,,,調査産業計,5人以上,就業形態計,35,male,income_year,持家の帰属家賃を除く総合,1990
take_home_wage,annual_main,1995,,,,resident_income_levy_yen,99100.0,yen,,,,調査産業計,5人以上,就業形態計,35,male,income_year,持家の帰属家賃を除く総合,1990
take_home_wage,annual_main,1996,,,,resident_income_levy_yen,119400.0,yen,,,,調査産業計,5人以上,就業形態計,35,male,income_year,持家の帰属家賃を除く総合,1990
take_home_wage,annual_main,1997,,,,resident_income_levy_yen,106700.0,yen,,,,調査産業計,5人以上,就業形態計,35,male,income_year,持家の帰属家賃を除く総合,1990
take_home_wage,annual_main,1998,,,,resident_income_levy_yen,100800.0,yen,,,,調査産業計,5人以上,就業形態計,35,male,income_year,持家の帰属家賃を除く総合,1990
take_home_wage,annual_main,1999,,,,resident_income_levy_yen,90600.0,yen,,,,調査産業計,5人以上,就業形態計,35,male,income_year,持家の帰属家賃を除く総合,1990
take_home_wage,annual_main,2000,,,,resident_income_levy_yen,91900.0,yen,,,,調査産業計,5人以上,就業形態計,35,male,income_year,持家の帰属家賃を除く総合,1990
take_home_wage,annual_main,2001,,,,resident_income_levy_yen,88100.0,yen,,,,調査産業計,5人以上,就業形態計,35,male,income_year,持家の帰属家賃を除く総合,1990
take_home_wage,annual_main,2002,,,,resident_income_levy_yen,83200.0,yen,,,,調査産業計,5人以上,就業形態計,35,male,income_year,持家の帰属家賃を除く総合,1990
take_home_wage,annual_main,2003,,,,resident_income_levy_yen,81400.0,yen,,,,調査産業計,5人以上,就業形態計,35,male,income_year,持家の帰属家賃を除く総合,1990
take_home_wage,annual_main,2004,,,,resident_income_levy_yen,78700.0,yen,,,,調査産業計,5人以上,就業形態計,35,male,income_year,持家の帰属家賃を除く総合,1990
take_home_wage,annual_main,2005,,,,resident_income_levy_yen,86100.0,yen,,,,調査産業計,5人以上,就業形態計,35,male,income_year,持家の帰属家賃を除く総合,1990
take_home_wage,annual_main,2006,,,,resident_income_levy_yen,183500.0,yen,,,,調査産業計,5人以上,就業形態計,35,male,income_year,持家の帰属家賃を除く総合,1990
take_home_wage,annual_main,2007,,,,resident_income_levy_yen,181000.0,yen,,,,調査産業計,5人以上,就業形態計,35,male,income_year,持家の帰属家賃を除く総合,1990
take_home_wage,annual_main,2008,,,,resident_income_levy_yen,178800.0,yen,,,,調査産業計,5人以上,就業形態計,35,male,income_year,持家の帰属家賃を除く総合,1990
take_home_wage,annual_main,2009,,,,resident_income_levy_yen,167800.0,yen,,,,調査産業計,5人以上,就業形態計,35,male,income_year,持家の帰属家賃を除く総合,1990
take_home_wage,annual_main,2010,,,,resident_income_levy_yen,166600.0,yen,,,,調査産業計,5人以上,就業形態計,35,male,income_year,持家の帰属家賃を除く総合,1990
take_home_wage,annual_main,2011,,,,resident_income_levy_yen,164600.0,yen,,,,調査産業計,5人以上,就業形態計,35,male,income_year,持家の帰属家賃を除く総合,1990
take_home_wage,annual_main,2012,,,,resident_income_levy_yen,161400.0,yen,,,,調査産業計,5人以上,就業形態計,35,male,income_year,持家の帰属家賃を除く総合,1990
take_home_wage,annual_main,2013,,,,resident_income_levy_yen,161000.0,yen,,,,調査産業計,5人以上,就業形態計,35,male,income_year,持家の帰属家賃を除く総合,1990
take_home_wage,annual_main,2014,,,,resident_income_levy_yen,163000.0,yen,,,,調査産業計,5人以上,就業形態計,35,male,income_year,持家の帰属家賃を除く総合,1990
take_home_wage,annual_main,2015,,,,resident_income_levy_yen,159300.0,yen,,,,調査産業計,5人以上,就業形態計,35,male,income_year,持家の帰属家賃を除く総合,1990
take_home_wage,annual_main,2016,,,,resident_income_levy_yen,160600.0,yen,,,,調査産業計,5人以上,就業形態計,35,male,income_year,持家の帰属家賃を除く総合,1990
take_home_wage,annual_main,2017,,,,resident_income_levy_yen,161900.0,yen,,,,調査産業計,5人以上,就業形態計,35,male,income_year,持家の帰属家賃を除く総合,1990
take_home_wage,annual_main,2018,,,,resident_income_levy_yen,165500.0,yen,,,,調査産業計,5人以上,就業形態計,35,male,income_year,持家の帰属家賃を除く総合,1990
take_home_wage,annual_main,2019,,,,resident_income_levy_yen,164600.0,yen,,,,調査産業計,5人以上,就業形態計,35,male,income_year,持家の帰属家賃を除く総合,1990
take_home_wage,annual_main,2020,,,,resident_income_levy_yen,161200.0,yen,,,,調査産業計,5人以上,就業形態計,35,male,income_year,持家の帰属家賃を除く総合,1990
take_home_wage,annual_main,2021,,,,resident_income_levy_yen,162200.0,yen,,,,調査産業計,5人以上,就業形態計,35,male,income_year,持家の帰属家賃を除く総合,1990
take_home_wage,annual_main,2022,,,,resident_income_levy_yen,167600.0,yen,,,,調査産業計,5人以上,就業形態計,35,male,income_year,持家の帰属家賃を除く総合,1990
take_home_wage,annual_main,2023,,,,resident_income_levy_yen,156800.0,yen,,,,調査産業計,5人以上,就業形態計,35,male,income_year,持家の帰属家賃を除く総合,1990
take_home_wage,annual_main,2024,,,,resident_income_levy_yen,183000.0,yen,,,,調査産業計,5人以上,就業形態計,35,male,income_year,持家の帰属家賃を除く総合,1990
take_home_wage,annual_main,2025,,,,resident_income_levy_yen,190400.0,yen,,,,調査産業計,5人以上,就業形態計,35,male,income_year,持家の帰属家賃を除く総合,1990
take_home_wage,annual_main,1990,,,,resident_per_capita_yen,2700.0,yen,,,,調査産業計,5人以上,就業形態計,35,male,income_year,持家の帰属家賃を除く総合,1990
take_home_wage,annual_main,1991,,,,resident_per_capita_yen,2700.0,yen,,,,調査産業計,5人以上,就業形態計,35,male,income_year,持家の帰属家賃を除く総合,1990
take_home_wage,annual_main,1992,,,,resident_per_capita_yen,2700.0,yen,,,,調査産業計,5人以上,就業形態計,35,male,income_year,持家の帰属家賃を除く総合,1990
take_home_wage,annual_main,1993,,,,resident_per_capita_yen,2700.0,yen,,,,調査産業計,5人以上,就業形態計,35,male,income_year,持家の帰属家賃を除く総合,1990
take_home_wage,annual_main,1994,,,,resident_per_capita_yen,3500.0,yen,,,,調査産業計,5人以上,就業形態計,35,male,income_year,持家の帰属家賃を除く総合,1990
take_home_wage,annual_main,1995,,,,resident_per_capita_yen,3500.0,yen,,,,調査産業計,5人以上,就業形態計,35,male,income_year,持家の帰属家賃を除く総合,1990
take_home_wage,annual_main,1996,,,,resident_per_capita_yen,3500.0,yen,,,,調査産業計,5人以上,就業形態計,35,male,income_year,持家の帰属家賃を除く総合,1990
take_home_wage,annual_main,1997,,,,resident_per_capita_yen,3500.0,yen,,,,調査産業計,5人以上,就業形態計,35,male,income_year,持家の帰属家賃を除く総合,1990
take_home_wage,annual_main,1998,,,,resident_per_capita_yen,3500.0,yen,,,,調査産業計,5人以上,就業形態計,35,male,income_year,持家の帰属家賃を除く総合,1990
take_home_wage,annual_main,1999,,,,resident_per_capita_yen,3500.0,yen,,,,調査産業計,5人以上,就業形態計,35,male,income_year,持家の帰属家賃を除く総合,1990
take_home_wage,annual_main,2000,,,,resident_per_capita_yen,3500.0,yen,,,,調査産業計,5人以上,就業形態計,35,male,income_year,持家の帰属家賃を除く総合,1990
take_home_wage,annual_main,2001,,,,resident_per_capita_yen,3500.0,yen,,,,調査産業計,5人以上,就業形態計,35,male,income_year,持家の帰属家賃を除く総合,1990
take_home_wage,annual_main,2002,,,,resident_per_capita_yen,3500.0,yen,,,,調査産業計,5人以上,就業形態計,35,male,income_year,持家の帰属家賃を除く総合,1990
take_home_wage,annual_main,2003,,,,resident_per_capita_yen,4000.0,yen,,,,調査産業計,5人以上,就業形態計,35,male,income_year,持家の帰属家賃を除く総合,1990
take_home_wage,annual_main,2004,,,,resident_per_capita_yen,4000.0,yen,,,,調査産業計,5人以上,就業形態計,35,male,income_year,持家の帰属家賃を除く総合,1990
take_home_wage,annual_main,2005,,,,resident_per_capita_yen,4000.0,yen,,,,調査産業計,5人以上,就業形態計,35,male,income_year,持家の帰属家賃を除く総合,1990
take_home_wage,annual_main,2006,,,,resident_per_capita_yen,4000.0,yen,,,,調査産業計,5人以上,就業形態計,35,male,income_year,持家の帰属家賃を除く総合,1990
take_home_wage,annual_main,2007,,,,resident_per_capita_yen,4000.0,yen,,,,調査産業計,5人以上,就業形態計,35,male,income_year,持家の帰属家賃を除く総合,1990
take_home_wage,annual_main,2008,,,,resident_per_capita_yen,4000.0,yen,,,,調査産業計,5人以上,就業形態計,35,male,income_year,持家の帰属家賃を除く総合,1990
take_home_wage,annual_main,2009,,,,resident_per_capita_yen,4000.0,yen,,,,調査産業計,5人以上,就業形態計,35,male,income_year,持家の帰属家賃を除く総合,1990
take_home_wage,annual_main,2010,,,,resident_per_capita_yen,4000.0,yen,,,,調査産業計,5人以上,就業形態計,35,male,income_year,持家の帰属家賃を除く総合,1990
take_home_wage,annual_main,2011,,,,resident_per_capita_yen,4000.0,yen,,,,調査産業計,5人以上,就業形態計,35,male,income_year,持家の帰属家賃を除く総合,1990
take_home_wage,annual_main,2012,,,,resident_per_capita_yen,4000.0,yen,,,,調査産業計,5人以上,就業形態計,35,male,income_year,持家の帰属家賃を除く総合,1990
take_home_wage,annual_main,2013,,,,resident_per_capita_yen,5000.0,yen,,,,調査産業計,5人以上,就業形態計,35,male,income_year,持家の帰属家賃を除く総合,1990
take_home_wage,annual_main,2014,,,,resident_per_capita_yen,5000.0,yen,,,,調査産業計,5人以上,就業形態計,35,male,income_year,持家の帰属家賃を除く総合,1990
take_home_wage,annual_main,2015,,,,resident_per_capita_yen,5000.0,yen,,,,調査産業計,5人以上,就業形態計,35,male,income_year,持家の帰属家賃を除く総合,1990
take_home_wage,annual_main,2016,,,,resident_per_capita_yen,5000.0,yen,,,,調査産業計,5人以上,就業形態計,35,male,income_year,持家の帰属家賃を除く総合,1990
take_home_wage,annual_main,2017,,,,resident_per_capita_yen,5000.0,yen,,,,調査産業計,5人以上,就業形態計,35,male,income_year,持家の帰属家賃を除く総合,1990
take_home_wage,annual_main,2018,,,,resident_per_capita_yen,5000.0,yen,,,,調査産業計,5人以上,就業形態計,35,male,income_year,持家の帰属家賃を除く総合,1990
take_home_wage,annual_main,2019,,,,resident_per_capita_yen,5000.0,yen,,,,調査産業計,5人以上,就業形態計,35,male,income_year,持家の帰属家賃を除く総合,1990
take_home_wage,annual_main,2020,,,,resident_per_capita_yen,5000.0,yen,,,,調査産業計,5人以上,就業形態計,35,male,income_year,持家の帰属家賃を除く総合,1990
take_home_wage,annual_main,2021,,,,resident_per_capita_yen,5000.0,yen,,,,調査産業計,5人以上,就業形態計,35,male,income_year,持家の帰属家賃を除く総合,1990
take_home_wage,annual_main,2022,,,,resident_per_capita_yen,5000.0,yen,,,,調査産業計,5人以上,就業形態計,35,male,income_year,持家の帰属家賃を除く総合,1990
take_home_wage,annual_main,2023,,,,resident_per_capita_yen,4000.0,yen,,,,調査産業計,5人以上,就業形態計,35,male,income_year,持家の帰属家賃を除く総合,1990
take_home_wage,annual_main,2024,,,,resident_per_capita_yen,4000.0,yen,,,,調査産業計,5人以上,就業形態計,35,male,income_year,持家の帰属家賃を除く総合,1990
take_home_wage,annual_main,2025,,,,resident_per_capita_yen,4000.0,yen,,,,調査産業計,5人以上,就業形態計,35,male,income_year,持家の帰属家賃を除く総合,1990
take_home_wage,annual_main,1990,,,,forest_environment_tax_yen,0.0,yen,,,,調査産業計,5人以上,就業形態計,35,male,income_year,持家の帰属家賃を除く総合,1990
take_home_wage,annual_main,1991,,,,forest_environment_tax_yen,0.0,yen,,,,調査産業計,5人以上,就業形態計,35,male,income_year,持家の帰属家賃を除く総合,1990
take_home_wage,annual_main,1992,,,,forest_environment_tax_yen,0.0,yen,,,,調査産業計,5人以上,就業形態計,35,male,income_year,持家の帰属家賃を除く総合,1990
take_home_wage,annual_main,1993,,,,forest_environment_tax_yen,0.0,yen,,,,調査産業計,5人以上,就業形態計,35,male,income_year,持家の帰属家賃を除く総合,1990
take_home_wage,annual_main,1994,,,,forest_environment_tax_yen,0.0,yen,,,,調査産業計,5人以上,就業形態計,35,male,income_year,持家の帰属家賃を除く総合,1990
take_home_wage,annual_main,1995,,,,forest_environment_tax_yen,0.0,yen,,,,調査産業計,5人以上,就業形態計,35,male,income_year,持家の帰属家賃を除く総合,1990
take_home_wage,annual_main,1996,,,,forest_environment_tax_yen,0.0,yen,,,,調査産業計,5人以上,就業形態計,35,male,income_year,持家の帰属家賃を除く総合,1990
take_home_wage,annual_main,1997,,,,forest_environment_tax_yen,0.0,yen,,,,調査産業計,5人以上,就業形態計,35,male,income_year,持家の帰属家賃を除く総合,1990
take_home_wage,annual_main,1998,,,,forest_environment_tax_yen,0.0,yen,,,,調査産業計,5人以上,就業形態計,35,male,income_year,持家の帰属家賃を除く総合,1990
take_home_wage,annual_main,1999,,,,forest_environment_tax_yen,0.0,yen,,,,調査産業計,5人以上,就業形態計,35,male,income_year,持家の帰属家賃を除く総合,1990
take_home_wage,annual_main,2000,,,,forest_environment_tax_yen,0.0,yen,,,,調査産業計,5人以上,就業形態計,35,male,income_year,持家の帰属家賃を除く総合,1990
take_home_wage,annual_main,2001,,,,forest_environment_tax_yen,0.0,yen,,,,調査産業計,5人以上,就業形態計,35,male,income_year,持家の帰属家賃を除く総合,1990
take_home_wage,annual_main,2002,,,,forest_environment_tax_yen,0.0,yen,,,,調査産業計,5人以上,就業形態計,35,male,income_year,持家の帰属家賃を除く総合,1990
take_home_wage,annual_main,2003,,,,forest_environment_tax_yen,0.0,yen,,,,調査産業計,5人以上,就業形態計,35,male,income_year,持家の帰属家賃を除く総合,1990
take_home_wage,annual_main,2004,,,,forest_environment_tax_yen,0.0,yen,,,,調査産業計,5人以上,就業形態計,35,male,income_year,持家の帰属家賃を除く総合,1990
take_home_wage,annual_main,2005,,,,forest_environment_tax_yen,0.0,yen,,,,調査産業計,5人以上,就業形態計,35,male,income_year,持家の帰属家賃を除く総合,1990
take_home_wage,annual_main,2006,,,,forest_environment_tax_yen,0.0,yen,,,,調査産業計,5人以上,就業形態計,35,male,income_year,持家の帰属家賃を除く総合,1990
take_home_wage,annual_main,2007,,,,forest_environment_tax_yen,0.0,yen,,,,調査産業計,5人以上,就業形態計,35,male,income_year,持家の帰属家賃を除く総合,1990
take_home_wage,annual_main,2008,,,,forest_environment_tax_yen,0.0,yen,,,,調査産業計,5人以上,就業形態計,35,male,income_year,持家の帰属家賃を除く総合,1990
take_home_wage,annual_main,2009,,,,forest_environment_tax_yen,0.0,yen,,,,調査産業計,5人以上,就業形態計,35,male,income_year,持家の帰属家賃を除く総合,1990
take_home_wage,annual_main,2010,,,,forest_environment_tax_yen,0.0,yen,,,,調査産業計,5人以上,就業形態計,35,male,income_year,持家の帰属家賃を除く総合,1990
take_home_wage,annual_main,2011,,,,forest_environment_tax_yen,0.0,yen,,,,調査産業計,5人以上,就業形態計,35,male,income_year,持家の帰属家賃を除く総合,1990
take_home_wage,annual_main,2012,,,,forest_environment_tax_yen,0.0,yen,,,,調査産業計,5人以上,就業形態計,35,male,income_year,持家の帰属家賃を除く総合,1990
take_home_wage,annual_main,2013,,,,forest_environment_tax_yen,0.0,yen,,,,調査産業計,5人以上,就業形態計,35,male,income_year,持家の帰属家賃を除く総合,1990
take_home_wage,annual_main,2014,,,,forest_environment_tax_yen,0.0,yen,,,,調査産業計,5人以上,就業形態計,35,male,income_year,持家の帰属家賃を除く総合,1990
take_home_wage,annual_main,2015,,,,forest_environment_tax_yen,0.0,yen,,,,調査産業計,5人以上,就業形態計,35,male,income_year,持家の帰属家賃を除く総合,1990
take_home_wage,annual_main,2016,,,,forest_environment_tax_yen,0.0,yen,,,,調査産業計,5人以上,就業形態計,35,male,income_year,持家の帰属家賃を除く総合,1990
take_home_wage,annual_main,2017,,,,forest_environment_tax_yen,0.0,yen,,,,調査産業計,5人以上,就業形態計,35,male,income_year,持家の帰属家賃を除く総合,1990
take_home_wage,annual_main,2018,,,,forest_environment_tax_yen,0.0,yen,,,,調査産業計,5人以上,就業形態計,35,male,income_year,持家の帰属家賃を除く総合,1990
take_home_wage,annual_main,2019,,,,forest_environment_tax_yen,0.0,yen,,,,調査産業計,5人以上,就業形態計,35,male,income_year,持家の帰属家賃を除く総合,1990
take_home_wage,annual_main,2020,,,,forest_environment_tax_yen,0.0,yen,,,,調査産業計,5人以上,就業形態計,35,male,income_year,持家の帰属家賃を除く総合,1990
take_home_wage,annual_main,2021,,,,forest_environment_tax_yen,0.0,yen,,,,調査産業計,5人以上,就業形態計,35,male,income_year,持家の帰属家賃を除く総合,1990
take_home_wage,annual_main,2022,,,,forest_environment_tax_yen,0.0,yen,,,,調査産業計,5人以上,就業形態計,35,male,income_year,持家の帰属家賃を除く総合,1990
take_home_wage,annual_main,2023,,,,forest_environment_tax_yen,1000.0,yen,,,,調査産業計,5人以上,就業形態計,35,male,income_year,持家の帰属家賃を除く総合,1990
take_home_wage,annual_main,2024,,,,forest_environment_tax_yen,1000.0,yen,,,,調査産業計,5人以上,就業形態計,35,male,income_year,持家の帰属家賃を除く総合,1990
take_home_wage,annual_main,2025,,,,forest_environment_tax_yen,1000.0,yen,,,,調査産業計,5人以上,就業形態計,35,male,income_year,持家の帰属家賃を除く総合,1990
take_home_wage,annual_main,1990,,,,resident_tax_yen,122200.0,yen,,,,調査産業計,5人以上,就業形態計,35,male,income_year,持家の帰属家賃を除く総合,1990
take_home_wage,annual_main,1991,,,,resident_tax_yen,134600.0,yen,,,,調査産業計,5人以上,就業形態計,35,male,income_year,持家の帰属家賃を除く総合,1990
take_home_wage,annual_main,1992,,,,resident_tax_yen,141900.0,yen,,,,調査産業計,5人以上,就業形態計,35,male,income_year,持家の帰属家賃を除く総合,1990
take_home_wage,annual_main,1993,,,,resident_tax_yen,112700.0,yen,,,,調査産業計,5人以上,就業形態計,35,male,income_year,持家の帰属家賃を除く総合,1990
take_home_wage,annual_main,1994,,,,resident_tax_yen,105900.0,yen,,,,調査産業計,5人以上,就業形態計,35,male,income_year,持家の帰属家賃を除く総合,1990
take_home_wage,annual_main,1995,,,,resident_tax_yen,102600.0,yen,,,,調査産業計,5人以上,就業形態計,35,male,income_year,持家の帰属家賃を除く総合,1990
take_home_wage,annual_main,1996,,,,resident_tax_yen,122900.0,yen,,,,調査産業計,5人以上,就業形態計,35,male,income_year,持家の帰属家賃を除く総合,1990
take_home_wage,annual_main,1997,,,,resident_tax_yen,110200.0,yen,,,,調査産業計,5人以上,就業形態計,35,male,income_year,持家の帰属家賃を除く総合,1990
take_home_wage,annual_main,1998,,,,resident_tax_yen,104300.0,yen,,,,調査産業計,5人以上,就業形態計,35,male,income_year,持家の帰属家賃を除く総合,1990
take_home_wage,annual_main,1999,,,,resident_tax_yen,94100.0,yen,,,,調査産業計,5人以上,就業形態計,35,male,income_year,持家の帰属家賃を除く総合,1990
take_home_wage,annual_main,2000,,,,resident_tax_yen,95400.0,yen,,,,調査産業計,5人以上,就業形態計,35,male,income_year,持家の帰属家賃を除く総合,1990
take_home_wage,annual_main,2001,,,,resident_tax_yen,91600.0,yen,,,,調査産業計,5人以上,就業形態計,35,male,income_year,持家の帰属家賃を除く総合,1990
take_home_wage,annual_main,2002,,,,resident_tax_yen,86700.0,yen,,,,調査産業計,5人以上,就業形態計,35,male,income_year,持家の帰属家賃を除く総合,1990
take_home_wage,annual_main,2003,,,,resident_tax_yen,85400.0,yen,,,,調査産業計,5人以上,就業形態計,35,male,income_year,持家の帰属家賃を除く総合,1990
take_home_wage,annual_main,2004,,,,resident_tax_yen,82700.0,yen,,,,調査産業計,5人以上,就業形態計,35,male,income_year,持家の帰属家賃を除く総合,1990
take_home_wage,annual_main,2005,,,,resident_tax_yen,90100.0,yen,,,,調査産業計,5人以上,就業形態計,35,male,income_year,持家の帰属家賃を除く総合,1990
take_home_wage,annual_main,2006,,,,resident_tax_yen,187500.0,yen,,,,調査産業計,5人以上,就業形態計,35,male,income_year,持家の帰属家賃を除く総合,1990
take_home_wage,annual_main,2007,,,,resident_tax_yen,185000.0,yen,,,,調査産業計,5人以上,就業形態計,35,male,income_year,持家の帰属家賃を除く総合,1990
take_home_wage,annual_main,2008,,,,resident_tax_yen,182800.0,yen,,,,調査産業計,5人以上,就業形態計,35,male,income_year,持家の帰属家賃を除く総合,1990
take_home_wage,annual_main,2009,,,,resident_tax_yen,171800.0,yen,,,,調査産業計,5人以上,就業形態計,35,male,income_year,持家の帰属家賃を除く総合,1990
take_home_wage,annual_main,2010,,,,resident_tax_yen,170600.0,yen,,,,調査産業計,5人以上,就業形態計,35,male,income_year,持家の帰属家賃を除く総合,1990
take_home_wage,annual_main,2011,,,,resident_tax_yen,168600.0,yen,,,,調査産業計,5人以上,就業形態計,35,male,income_year,持家の帰属家賃を除く総合,1990
take_home_wage,annual_main,2012,,,,resident_tax_yen,165400.0,yen,,,,調査産業計,5人以上,就業形態計,35,male,income_year,持家の帰属家賃を除く総合,1990
take_home_wage,annual_main,2013,,,,resident_tax_yen,166000.0,yen,,,,調査産業計,5人以上,就業形態計,35,male,income_year,持家の帰属家賃を除く総合,1990
take_home_wage,annual_main,2014,,,,resident_tax_yen,168000.0,yen,,,,調査産業計,5人以上,就業形態計,35,male,income_year,持家の帰属家賃を除く総合,1990
take_home_wage,annual_main,2015,,,,resident_tax_yen,164300.0,yen,,,,調査産業計,5人以上,就業形態計,35,male,income_year,持家の帰属家賃を除く総合,1990
take_home_wage,annual_main,2016,,,,resident_tax_yen,165600.0,yen,,,,調査産業計,5人以上,就業形態計,35,male,income_year,持家の帰属家賃を除く総合,1990
take_home_wage,annual_main,2017,,,,resident_tax_yen,166900.0,yen,,,,調査産業計,5人以上,就業形態計,35,male,income_year,持家の帰属家賃を除く総合,1990
take_home_wage,annual_main,2018,,,,resident_tax_yen,170500.0,yen,,,,調査産業計,5人以上,就業形態計,35,male,income_year,持家の帰属家賃を除く総合,1990
take_home_wage,annual_main,2019,,,,resident_tax_yen,169600.0,yen,,,,調査産業計,5人以上,就業形態計,35,male,income_year,持家の帰属家賃を除く総合,1990
take_home_wage,annual_main,2020,,,,resident_tax_yen,166200.0,yen,,,,調査産業計,5人以上,就業形態計,35,male,income_year,持家の帰属家賃を除く総合,1990
take_home_wage,annual_main,2021,,,,resident_tax_yen,167200.0,yen,,,,調査産業計,5人以上,就業形態計,35,male,income_year,持家の帰属家賃を除く総合,1990
take_home_wage,annual_main,2022,,,,resident_tax_yen,172600.0,yen,,,,調査産業計,5人以上,就業形態計,35,male,income_year,持家の帰属家賃を除く総合,1990
take_home_wage,annual_main,2023,,,,resident_tax_yen,161800.0,yen,,,,調査産業計,5人以上,就業形態計,35,male,income_year,持家の帰属家賃を除く総合,1990
take_home_wage,annual_main,2024,,,,resident_tax_yen,188000.0,yen,,,,調査産業計,5人以上,就業形態計,35,male,income_year,持家の帰属家賃を除く総合,1990
take_home_wage,annual_main,2025,,,,resident_tax_yen,195400.0,yen,,,,調査産業計,5人以上,就業形態計,35,male,income_year,持家の帰属家賃を除く総合,1990
take_home_wage,annual_main,1990,,,,total_deductions_yen,669085.289,yen,,,,調査産業計,5人以上,就業形態計,35,male,income_year,持家の帰属家賃を除く総合,1990
take_home_wage,annual_main,1991,,,,total_deductions_yen,725492.3195,yen,,,,調査産業計,5人以上,就業形態計,35,male,income_year,持家の帰属家賃を除く総合,1990
take_home_wage,annual_main,1992,,,,total_deductions_yen,734815.7997499999,yen,,,,調査産業計,5人以上,就業形態計,35,male,income_year,持家の帰属家賃を除く総合,1990
take_home_wage,annual_main,1993,,,,total_deductions_yen,727797.1913749999,yen,,,,調査産業計,5人以上,就業形態計,35,male,income_year,持家の帰属家賃を除く総合,1990
take_home_wage,annual_main,1994,,,,total_deductions_yen,687756.996,yen,,,,調査産業計,5人以上,就業形態計,35,male,income_year,持家の帰属家賃を除く総合,1990
take_home_wage,annual_main,1995,,,,total_deductions_yen,722584.712,yen,,,,調査産業計,5人以上,就業形態計,35,male,income_year,持家の帰属家賃を除く総合,1990
take_home_wage,annual_main,1996,,,,total_deductions_yen,748896.044,yen,,,,調査産業計,5人以上,就業形態計,35,male,income_year,持家の帰属家賃を除く総合,1990
take_home_wage,annual_main,1997,,,,total_deductions_yen,785578.7239999999,yen,,,,調査産業計,5人以上,就業形態計,35,male,income_year,持家の帰属家賃を除く総合,1990
take_home_wage,annual_main,1998,,,,total_deductions_yen,739399.3200000001,yen,,,,調査産業計,5人以上,就業形態計,35,male,income_year,持家の帰属家賃を除く総合,1990
take_home_wage,annual_main,1999,,,,total_deductions_yen,713488.684,yen,,,,調査産業計,5人以上,就業形態計,35,male,income_year,持家の帰属家賃を除く総合,1990
take_home_wage,annual_main,2000,,,,total_deductions_yen,716093.8640000001,yen,,,,調査産業計,5人以上,就業形態計,35,male,income_year,持家の帰属家賃を除く総合,1990
take_home_wage,annual_main,2001,,,,total_deductions_yen,715033.0875,yen,,,,調査産業計,5人以上,就業形態計,35,male,income_year,持家の帰属家賃を除く総合,1990
take_home_wage,annual_main,2002,,,,total_deductions_yen,705690.34575,yen,,,,調査産業計,5人以上,就業形態計,35,male,income_year,持家の帰属家賃を除く総合,1990
take_home_wage,annual_main,2003,,,,total_deductions_yen,728736.753,yen,,,,調査産業計,5人以上,就業形態計,35,male,income_year,持家の帰属家賃を除く総合,1990
take_home_wage,annual_main,2004,,,,total_deductions_yen,702424.246,yen,,,,調査産業計,5人以上,就業形態計,35,male,income_year,持家の帰属家賃を除く総合,1990
take_home_wage,annual_main,2005,,,,total_deductions_yen,723218.36375,yen,,,,調査産業計,5人以上,就業形態計,35,male,income_year,持家の帰属家賃を除く総合,1990
take_home_wage,annual_main,2006,,,,total_deductions_yen,848139.74,yen,,,,調査産業計,5人以上,就業形態計,35,male,income_year,持家の帰属家賃を除く総合,1990
take_home_wage,annual_main,2007,,,,total_deductions_yen,741351.6599999999,yen,,,,調査産業計,5人以上,就業形態計,35,male,income_year,持家の帰属家賃を除く総合,1990
take_home_wage,annual_main,2008,,,,total_deductions_yen,771533.922,yen,,,,調査産業計,5人以上,就業形態計,35,male,income_year,持家の帰属家賃を除く総合,1990
take_home_wage,annual_main,2009,,,,total_deductions_yen,715826.1599999999,yen,,,,調査産業計,5人以上,就業形態計,35,male,income_year,持家の帰属家賃を除く総合,1990
take_home_wage,annual_main,2010,,,,total_deductions_yen,745454.3785,yen,,,,調査産業計,5人以上,就業形態計,35,male,income_year,持家の帰属家賃を除く総合,1990
take_home_wage,annual_main,2011,,,,total_deductions_yen,756750.556,yen,,,,調査産業計,5人以上,就業形態計,35,male,income_year,持家の帰属家賃を除く総合,1990
take_home_wage,annual_main,2012,,,,total_deductions_yen,760820.4137499998,yen,,,,調査産業計,5人以上,就業形態計,35,male,income_year,持家の帰属家賃を除く総合,1990
take_home_wage,annual_main,2013,,,,total_deductions_yen,772531.885,yen,,,,調査産業計,5人以上,就業形態計,35,male,income_year,持家の帰属家賃を除く総合,1990
take_home_wage,annual_main,2014,,,,total_deductions_yen,785661.61,yen,,,,調査産業計,5人以上,就業形態計,35,male,income_year,持家の帰属家賃を除く総合,1990
take_home_wage,annual_main,2015,,,,total_deductions_yen,784637.3,yen,,,,調査産業計,5人以上,就業形態計,35,male,income_year,持家の帰属家賃を除く総合,1990
take_home_wage,annual_main,2016,,,,total_deductions_yen,792658.1475,yen,,,,調査産業計,5人以上,就業形態計,35,male,income_year,持家の帰属家賃を除く総合,1990
take_home_wage,annual_main,2017,,,,total_deductions_yen,796462.4645,yen,,,,調査産業計,5人以上,就業形態計,35,male,income_year,持家の帰属家賃を除く総合,1990
take_home_wage,annual_main,2018,,,,total_deductions_yen,806149.355,yen,,,,調査産業計,5人以上,就業形態計,35,male,income_year,持家の帰属家賃を除く総合,1990
take_home_wage,annual_main,2019,,,,total_deductions_yen,803864.205,yen,,,,調査産業計,5人以上,就業形態計,35,male,income_year,持家の帰属家賃を除く総合,1990
take_home_wage,annual_main,2020,,,,total_deductions_yen,794943.785,yen,,,,調査産業計,5人以上,就業形態計,35,male,income_year,持家の帰属家賃を除く総合,1990
take_home_wage,annual_main,2021,,,,total_deductions_yen,795911.979,yen,,,,調査産業計,5人以上,就業形態計,35,male,income_year,持家の帰属家賃を除く総合,1990
take_home_wage,annual_main,2022,,,,total_deductions_yen,810784.561,yen,,,,調査産業計,5人以上,就業形態計,35,male,income_year,持家の帰属家賃を除く総合,1990
take_home_wage,annual_main,2023,,,,total_deductions_yen,844412.3805,yen,,,,調査産業計,5人以上,就業形態計,35,male,income_year,持家の帰属家賃を除く総合,1990
take_home_wage,annual_main,2024,,,,total_deductions_yen,861472.29,yen,,,,調査産業計,5人以上,就業形態計,35,male,income_year,持家の帰属家賃を除く総合,1990
take_home_wage,annual_main,2025,,,,total_deductions_yen,885990.0995,yen,,,,調査産業計,5人以上,就業形態計,35,male,income_year,持家の帰属家賃を除く総合,1990
take_home_wage,annual_main,1990,,,,nominal_take_home_yen,3270312.711,yen,,,,調査産業計,5人以上,就業形態計,35,male,income_year,持家の帰属家賃を除く総合,1990
take_home_wage,annual_main,1991,,,,nominal_take_home_yen,3408456.6805,yen,,,,調査産業計,5人以上,就業形態計,35,male,income_year,持家の帰属家賃を除く総合,1990
take_home_wage,annual_main,1992,,,,nominal_take_home_yen,3484238.20025,yen,,,,調査産業計,5人以上,就業形態計,35,male,income_year,持家の帰属家賃を除く総合,1990
take_home_wage,annual_main,1993,,,,nominal_take_home_yen,3499762.808625,yen,,,,調査産業計,5人以上,就業形態計,35,male,income_year,持家の帰属家賃を除く総合,1990
take_home_wage,annual_main,1994,,,,nominal_take_home_yen,3608692.004,yen,,,,調査産業計,5人以上,就業形態計,35,male,income_year,持家の帰属家賃を除く総合,1990
take_home_wage,annual_main,1995,,,,nominal_take_home_yen,3624193.288,yen,,,,調査産業計,5人以上,就業形態計,35,male,income_year,持家の帰属家賃を除く総合,1990
take_home_wage,annual_main,1996,,,,nominal_take_home_yen,3636414.956,yen,,,,調査産業計,5人以上,就業形態計,35,male,income_year,持家の帰属家賃を除く総合,1990
take_home_wage,annual_main,1997,,,,nominal_take_home_yen,3670102.276,yen,,,,調査産業計,5人以上,就業形態計,35,male,income_year,持家の帰属家賃を除く総合,1990
take_home_wage,annual_main,1998,,,,nominal_take_home_yen,3656830.68,yen,,,,調査産業計,5人以上,就業形態計,35,male,income_year,持家の帰属家賃を除く総合,1990
take_home_wage,annual_main,1999,,,,nominal_take_home_yen,3529282.316,yen,,,,調査産業計,5人以上,就業形態計,35,male,income_year,持家の帰属家賃を除く総合,1990
take_home_wage,annual_main,2000,,,,nominal_take_home_yen,3547572.136,yen,,,,調査産業計,5人以上,就業形態計,35,male,income_year,持家の帰属家賃を除く総合,1990
take_home_wage,annual_main,2001,,,,nominal_take_home_yen,3499698.9125,yen,,,,調査産業計,5人以上,就業形態計,35,male,income_year,持家の帰属家賃を除く総合,1990
take_home_wage,annual_main,2002,,,,nominal_take_home_yen,3412919.65425,yen,,,,調査産業計,5人以上,就業形態計,35,male,income_year,持家の帰属家賃を除く総合,1990
take_home_wage,annual_main,2003,,,,nominal_take_home_yen,3372742.247,yen,,,,調査産業計,5人以上,就業形態計,35,male,income_year,持家の帰属家賃を除く総合,1990
take_home_wage,annual_main,2004,,,,nominal_take_home_yen,3296203.7539999997,yen,,,,調査産業計,5人以上,就業形態計,35,male,income_year,持家の帰属家賃を除く総合,1990
take_home_wage,annual_main,2005,,,,nominal_take_home_yen,3302763.63625,yen,,,,調査産業計,5人以上,就業形態計,35,male,income_year,持家の帰属家賃を除く総合,1990
take_home_wage,annual_main,2006,,,,nominal_take_home_yen,3187515.26,yen,,,,調査産業計,5人以上,就業形態計,35,male,income_year,持家の帰属家賃を除く総合,1990
take_home_wage,annual_main,2007,,,,nominal_take_home_yen,3224824.34,yen,,,,調査産業計,5人以上,就業形態計,35,male,income_year,持家の帰属家賃を除く総合,1990
take_home_wage,annual_main,2008,,,,nominal_take_home_yen,3208633.0779999997,yen,,,,調査産業計,5人以上,就業形態計,35,male,income_year,持家の帰属家賃を除く総合,1990
take_home_wage,annual_main,2009,,,,nominal_take_home_yen,3077917.84,yen,,,,調査産業計,5人以上,就業形態計,35,male,income_year,持家の帰属家賃を除く総合,1990
take_home_wage,annual_main,2010,,,,nominal_take_home_yen,3072300.6215,yen,,,,調査産業計,5人以上,就業形態計,35,male,income_year,持家の帰属家賃を除く総合,1990
take_home_wage,annual_main,2011,,,,nominal_take_home_yen,3054500.444,yen,,,,調査産業計,5人以上,就業形態計,35,male,income_year,持家の帰属家賃を除く総合,1990
take_home_wage,annual_main,2012,,,,nominal_take_home_yen,3021067.58625,yen,,,,調査産業計,5人以上,就業形態計,35,male,income_year,持家の帰属家賃を除く総合,1990
take_home_wage,annual_main,2013,,,,nominal_take_home_yen,3016701.115,yen,,,,調査産業計,5人以上,就業形態計,35,male,income_year,持家の帰属家賃を除く総合,1990
take_home_wage,annual_main,2014,,,,nominal_take_home_yen,3040516.39,yen,,,,調査産業計,5人以上,就業形態計,35,male,income_year,持家の帰属家賃を除く総合,1990
take_home_wage,annual_main,2015,,,,nominal_take_home_yen,3001424.7,yen,,,,調査産業計,5人以上,就業形態計,35,male,income_year,持家の帰属家賃を除く総合,1990
take_home_wage,annual_main,2016,,,,nominal_take_home_yen,3017379.8525,yen,,,,調査産業計,5人以上,就業形態計,35,male,income_year,持家の帰属家賃を除く総合,1990
take_home_wage,annual_main,2017,,,,nominal_take_home_yen,3032027.5355,yen,,,,調査産業計,5人以上,就業形態計,35,male,income_year,持家の帰属家賃を除く総合,1990
take_home_wage,annual_main,2018,,,,nominal_take_home_yen,3072635.645,yen,,,,調査産業計,5人以上,就業形態計,35,male,income_year,持家の帰属家賃を除く総合,1990
take_home_wage,annual_main,2019,,,,nominal_take_home_yen,3062870.795,yen,,,,調査産業計,5人以上,就業形態計,35,male,income_year,持家の帰属家賃を除く総合,1990
take_home_wage,annual_main,2020,,,,nominal_take_home_yen,3024651.215,yen,,,,調査産業計,5人以上,就業形態計,35,male,income_year,持家の帰属家賃を除く総合,1990
take_home_wage,annual_main,2021,,,,nominal_take_home_yen,3035081.0209999997,yen,,,,調査産業計,5人以上,就業形態計,35,male,income_year,持家の帰属家賃を除く総合,1990
take_home_wage,annual_main,2022,,,,nominal_take_home_yen,3095539.439,yen,,,,調査産業計,5人以上,就業形態計,35,male,income_year,持家の帰属家賃を除く総合,1990
take_home_wage,annual_main,2023,,,,nominal_take_home_yen,3108593.6195,yen,,,,調査産業計,5人以上,就業形態計,35,male,income_year,持家の帰属家賃を除く総合,1990
take_home_wage,annual_main,2024,,,,nominal_take_home_yen,3310242.71,yen,,,,調査産業計,5人以上,就業形態計,35,male,income_year,持家の帰属家賃を除く総合,1990
take_home_wage,annual_main,2025,,,,nominal_take_home_yen,3381643.9005,yen,,,,調査産業計,5人以上,就業形態計,35,male,income_year,持家の帰属家賃を除く総合,1990
take_home_wage,annual_main,1990,,,,effective_burden_rate,0.1698445521371539,ratio,,,,調査産業計,5人以上,就業形態計,35,male,income_year,持家の帰属家賃を除く総合,1990
take_home_wage,annual_main,1991,,,,effective_burden_rate,0.1754961949216112,ratio,,,,調査産業計,5人以上,就業形態計,35,male,income_year,持家の帰属家賃を除く総合,1990
take_home_wage,annual_main,1992,,,,effective_burden_rate,0.1741660096670959,ratio,,,,調査産業計,5人以上,就業形態計,35,male,income_year,持家の帰属家賃を除く総合,1990
take_home_wage,annual_main,1993,,,,effective_burden_rate,0.1721553783683732,ratio,,,,調査産業計,5人以上,就業形態計,35,male,income_year,持家の帰属家賃を除く総合,1990
take_home_wage,annual_main,1994,,,,effective_burden_rate,0.1600756801721607,ratio,,,,調査産業計,5人以上,就業形態計,35,male,income_year,持家の帰属家賃を除く総合,1990
take_home_wage,annual_main,1995,,,,effective_burden_rate,0.1662345562621325,ratio,,,,調査産業計,5人以上,就業形態計,35,male,income_year,持家の帰属家賃を除く総合,1990
take_home_wage,annual_main,1996,,,,effective_burden_rate,0.1707737590332818,ratio,,,,調査産業計,5人以上,就業形態計,35,male,income_year,持家の帰属家賃を除く総合,1990
take_home_wage,annual_main,1997,,,,effective_burden_rate,0.176309462908139,ratio,,,,調査産業計,5人以上,就業形態計,35,male,income_year,持家の帰属家賃を除く総合,1990
take_home_wage,annual_main,1998,,,,effective_burden_rate,0.168189407742543,ratio,,,,調査産業計,5人以上,就業形態計,35,male,income_year,持家の帰属家賃を除く総合,1990
take_home_wage,annual_main,1999,,,,effective_burden_rate,0.1681657303681956,ratio,,,,調査産業計,5人以上,就業形態計,35,male,income_year,持家の帰属家賃を除く総合,1990
take_home_wage,annual_main,2000,,,,effective_burden_rate,0.1679526173016367,ratio,,,,調査産業計,5人以上,就業形態計,35,male,income_year,持家の帰属家賃を除く総合,1990
take_home_wage,annual_main,2001,,,,effective_burden_rate,0.1696509024773105,ratio,,,,調査産業計,5人以上,就業形態計,35,male,income_year,持家の帰属家賃を除く総合,1990
take_home_wage,annual_main,2002,,,,effective_burden_rate,0.1713418715901724,ratio,,,,調査産業計,5人以上,就業形態計,35,male,income_year,持家の帰属家賃を除く総合,1990
take_home_wage,annual_main,2003,,,,effective_burden_rate,0.1776765778881228,ratio,,,,調査産業計,5人以上,就業形態計,35,male,income_year,持家の帰属家賃を除く総合,1990
take_home_wage,annual_main,2004,,,,effective_burden_rate,0.1756663150460608,ratio,,,,調査産業計,5人以上,就業形態計,35,male,income_year,持家の帰属家賃を除く総合,1990
take_home_wage,annual_main,2005,,,,effective_burden_rate,0.1796377539069971,ratio,,,,調査産業計,5人以上,就業形態計,35,male,income_year,持家の帰属家賃を除く総合,1990
take_home_wage,annual_main,2006,,,,effective_burden_rate,0.2101616069758193,ratio,,,,調査産業計,5人以上,就業形態計,35,male,income_year,持家の帰属家賃を除く総合,1990
take_home_wage,annual_main,2007,,,,effective_burden_rate,0.1869184978175451,ratio,,,,調査産業計,5人以上,就業形態計,35,male,income_year,持家の帰属家賃を除く総合,1990
take_home_wage,annual_main,2008,,,,effective_burden_rate,0.193844610540211,ratio,,,,調査産業計,5人以上,就業形態計,35,male,income_year,持家の帰属家賃を除く総合,1990
take_home_wage,annual_main,2009,,,,effective_burden_rate,0.1886859419085736,ratio,,,,調査産業計,5人以上,就業形態計,35,male,income_year,持家の帰属家賃を除く総合,1990
take_home_wage,annual_main,2010,,,,effective_burden_rate,0.1952598787769252,ratio,,,,調査産業計,5人以上,就業形態計,35,male,income_year,持家の帰属家賃を除く総合,1990
take_home_wage,annual_main,2011,,,,effective_burden_rate,0.1985569976892101,ratio,,,,調査産業計,5人以上,就業形態計,35,male,income_year,持家の帰属家賃を除く総合,1990
take_home_wage,annual_main,2012,,,,effective_burden_rate,0.2011747607940795,ratio,,,,調査産業計,5人以上,就業形態計,35,male,income_year,持家の帰属家賃を除く総合,1990
take_home_wage,annual_main,2013,,,,effective_burden_rate,0.2038755296916289,ratio,,,,調査産業計,5人以上,就業形態計,35,male,income_year,持家の帰属家賃を除く総合,1990
take_home_wage,annual_main,2014,,,,effective_burden_rate,0.2053384892182224,ratio,,,,調査産業計,5人以上,就業形態計,35,male,income_year,持家の帰属家賃を除く総合,1990
take_home_wage,annual_main,2015,,,,effective_burden_rate,0.2072436478853225,ratio,,,,調査産業計,5人以上,就業形態計,35,male,income_year,持家の帰属家賃を除く総合,1990
take_home_wage,annual_main,2016,,,,effective_burden_rate,0.2080446828876772,ratio,,,,調査産業計,5人以上,就業形態計,35,male,income_year,持家の帰属家賃を除く総合,1990
take_home_wage,annual_main,2017,,,,effective_burden_rate,0.2080356653667634,ratio,,,,調査産業計,5人以上,就業形態計,35,male,income_year,持家の帰属家賃を除く総合,1990
take_home_wage,annual_main,2018,,,,effective_burden_rate,0.2078355348388735,ratio,,,,調査産業計,5人以上,就業形態計,35,male,income_year,持家の帰属家賃を除く総合,1990
take_home_wage,annual_main,2019,,,,effective_burden_rate,0.2078922411284972,ratio,,,,調査産業計,5人以上,就業形態計,35,male,income_year,持家の帰属家賃を除く総合,1990
take_home_wage,annual_main,2020,,,,effective_burden_rate,0.2081225326245322,ratio,,,,調査産業計,5人以上,就業形態計,35,male,income_year,持家の帰属家賃を除く総合,1990
take_home_wage,annual_main,2021,,,,effective_burden_rate,0.2077560514989195,ratio,,,,調査産業計,5人以上,就業形態計,35,male,income_year,持家の帰属家賃を除く総合,1990
take_home_wage,annual_main,2022,,,,effective_burden_rate,0.2075569156577897,ratio,,,,調査産業計,5人以上,就業形態計,35,male,income_year,持家の帰属家賃を除く総合,1990
take_home_wage,annual_main,2023,,,,effective_burden_rate,0.2136127242154451,ratio,,,,調査産業計,5人以上,就業形態計,35,male,income_year,持家の帰属家賃を除く総合,1990
take_home_wage,annual_main,2024,,,,effective_burden_rate,0.2065031503829959,ratio,,,,調査産業計,5人以上,就業形態計,35,male,income_year,持家の帰属家賃を除く総合,1990
take_home_wage,annual_main,2025,,,,effective_burden_rate,0.2076068612022493,ratio,,,,調査産業計,5人以上,就業形態計,35,male,income_year,持家の帰属家賃を除く総合,1990
take_home_wage,annual_main,1990,,,,take_home_rate,0.8301554478628461,ratio,,,,調査産業計,5人以上,就業形態計,35,male,income_year,持家の帰属家賃を除く総合,1990
take_home_wage,annual_main,1991,,,,take_home_rate,0.8245038050783887,ratio,,,,調査産業計,5人以上,就業形態計,35,male,income_year,持家の帰属家賃を除く総合,1990
take_home_wage,annual_main,1992,,,,take_home_rate,0.825833990332904,ratio,,,,調査産業計,5人以上,就業形態計,35,male,income_year,持家の帰属家賃を除く総合,1990
take_home_wage,annual_main,1993,,,,take_home_rate,0.8278446216316268,ratio,,,,調査産業計,5人以上,就業形態計,35,male,income_year,持家の帰属家賃を除く総合,1990
take_home_wage,annual_main,1994,,,,take_home_rate,0.8399243198278391,ratio,,,,調査産業計,5人以上,就業形態計,35,male,income_year,持家の帰属家賃を除く総合,1990
take_home_wage,annual_main,1995,,,,take_home_rate,0.8337654437378674,ratio,,,,調査産業計,5人以上,就業形態計,35,male,income_year,持家の帰属家賃を除く総合,1990
take_home_wage,annual_main,1996,,,,take_home_rate,0.8292262409667183,ratio,,,,調査産業計,5人以上,就業形態計,35,male,income_year,持家の帰属家賃を除く総合,1990
take_home_wage,annual_main,1997,,,,take_home_rate,0.8236905370918609,ratio,,,,調査産業計,5人以上,就業形態計,35,male,income_year,持家の帰属家賃を除く総合,1990
take_home_wage,annual_main,1998,,,,take_home_rate,0.8318105922574569,ratio,,,,調査産業計,5人以上,就業形態計,35,male,income_year,持家の帰属家賃を除く総合,1990
take_home_wage,annual_main,1999,,,,take_home_rate,0.8318342696318043,ratio,,,,調査産業計,5人以上,就業形態計,35,male,income_year,持家の帰属家賃を除く総合,1990
take_home_wage,annual_main,2000,,,,take_home_rate,0.8320473826983633,ratio,,,,調査産業計,5人以上,就業形態計,35,male,income_year,持家の帰属家賃を除く総合,1990
take_home_wage,annual_main,2001,,,,take_home_rate,0.8303490975226895,ratio,,,,調査産業計,5人以上,就業形態計,35,male,income_year,持家の帰属家賃を除く総合,1990
take_home_wage,annual_main,2002,,,,take_home_rate,0.8286581284098277,ratio,,,,調査産業計,5人以上,就業形態計,35,male,income_year,持家の帰属家賃を除く総合,1990
take_home_wage,annual_main,2003,,,,take_home_rate,0.8223234221118771,ratio,,,,調査産業計,5人以上,就業形態計,35,male,income_year,持家の帰属家賃を除く総合,1990
take_home_wage,annual_main,2004,,,,take_home_rate,0.8243336849539391,ratio,,,,調査産業計,5人以上,就業形態計,35,male,income_year,持家の帰属家賃を除く総合,1990
take_home_wage,annual_main,2005,,,,take_home_rate,0.8203622460930029,ratio,,,,調査産業計,5人以上,就業形態計,35,male,income_year,持家の帰属家賃を除く総合,1990
take_home_wage,annual_main,2006,,,,take_home_rate,0.7898383930241807,ratio,,,,調査産業計,5人以上,就業形態計,35,male,income_year,持家の帰属家賃を除く総合,1990
take_home_wage,annual_main,2007,,,,take_home_rate,0.8130815021824548,ratio,,,,調査産業計,5人以上,就業形態計,35,male,income_year,持家の帰属家賃を除く総合,1990
take_home_wage,annual_main,2008,,,,take_home_rate,0.8061553894597889,ratio,,,,調査産業計,5人以上,就業形態計,35,male,income_year,持家の帰属家賃を除く総合,1990
take_home_wage,annual_main,2009,,,,take_home_rate,0.8113140580914263,ratio,,,,調査産業計,5人以上,就業形態計,35,male,income_year,持家の帰属家賃を除く総合,1990
take_home_wage,annual_main,2010,,,,take_home_rate,0.8047401212230748,ratio,,,,調査産業計,5人以上,就業形態計,35,male,income_year,持家の帰属家賃を除く総合,1990
take_home_wage,annual_main,2011,,,,take_home_rate,0.8014430023107898,ratio,,,,調査産業計,5人以上,就業形態計,35,male,income_year,持家の帰属家賃を除く総合,1990
take_home_wage,annual_main,2012,,,,take_home_rate,0.7988252392059205,ratio,,,,調査産業計,5人以上,就業形態計,35,male,income_year,持家の帰属家賃を除く総合,1990
take_home_wage,annual_main,2013,,,,take_home_rate,0.7961244703083712,ratio,,,,調査産業計,5人以上,就業形態計,35,male,income_year,持家の帰属家賃を除く総合,1990
take_home_wage,annual_main,2014,,,,take_home_rate,0.7946615107817776,ratio,,,,調査産業計,5人以上,就業形態計,35,male,income_year,持家の帰属家賃を除く総合,1990
take_home_wage,annual_main,2015,,,,take_home_rate,0.7927563521146775,ratio,,,,調査産業計,5人以上,就業形態計,35,male,income_year,持家の帰属家賃を除く総合,1990
take_home_wage,annual_main,2016,,,,take_home_rate,0.7919553171123228,ratio,,,,調査産業計,5人以上,就業形態計,35,male,income_year,持家の帰属家賃を除く総合,1990
take_home_wage,annual_main,2017,,,,take_home_rate,0.7919643346332367,ratio,,,,調査産業計,5人以上,就業形態計,35,male,income_year,持家の帰属家賃を除く総合,1990
take_home_wage,annual_main,2018,,,,take_home_rate,0.7921644651611265,ratio,,,,調査産業計,5人以上,就業形態計,35,male,income_year,持家の帰属家賃を除く総合,1990
take_home_wage,annual_main,2019,,,,take_home_rate,0.7921077588715026,ratio,,,,調査産業計,5人以上,就業形態計,35,male,income_year,持家の帰属家賃を除く総合,1990
take_home_wage,annual_main,2020,,,,take_home_rate,0.7918774673754678,ratio,,,,調査産業計,5人以上,就業形態計,35,male,income_year,持家の帰属家賃を除く総合,1990
take_home_wage,annual_main,2021,,,,take_home_rate,0.7922439485010805,ratio,,,,調査産業計,5人以上,就業形態計,35,male,income_year,持家の帰属家賃を除く総合,1990
take_home_wage,annual_main,2022,,,,take_home_rate,0.7924430843422103,ratio,,,,調査産業計,5人以上,就業形態計,35,male,income_year,持家の帰属家賃を除く総合,1990
take_home_wage,annual_main,2023,,,,take_home_rate,0.7863872757845548,ratio,,,,調査産業計,5人以上,就業形態計,35,male,income_year,持家の帰属家賃を除く総合,1990
take_home_wage,annual_main,2024,,,,take_home_rate,0.7934968496170041,ratio,,,,調査産業計,5人以上,就業形態計,35,male,income_year,持家の帰属家賃を除く総合,1990
take_home_wage,annual_main,2025,,,,take_home_rate,0.7923931387977506,ratio,,,,調査産業計,5人以上,就業形態計,35,male,income_year,持家の帰属家賃を除く総合,1990
take_home_wage,annual_main,1990,,,,cpi,89.71666666666665,index,,,,調査産業計,5人以上,就業形態計,35,male,income_year,持家の帰属家賃を除く総合,1990
take_home_wage,annual_main,1991,,,,cpi,92.675,index,,,,調査産業計,5人以上,就業形態計,35,male,income_year,持家の帰属家賃を除く総合,1990
take_home_wage,annual_main,1992,,,,cpi,94.16666666666669,index,,,,調査産業計,5人以上,就業形態計,35,male,income_year,持家の帰属家賃を除く総合,1990
take_home_wage,annual_main,1993,,,,cpi,95.25,index,,,,調査産業計,5人以上,就業形態計,35,male,income_year,持家の帰属家賃を除く総合,1990
take_home_wage,annual_main,1994,,,,cpi,95.725,index,,,,調査産業計,5人以上,就業形態計,35,male,income_year,持家の帰属家賃を除く総合,1990
take_home_wage,annual_main,1995,,,,cpi,95.46666666666664,index,,,,調査産業計,5人以上,就業形態計,35,male,income_year,持家の帰属家賃を除く総合,1990
take_home_wage,annual_main,1996,,,,cpi,95.425,index,,,,調査産業計,5人以上,就業形態計,35,male,income_year,持家の帰属家賃を除く総合,1990
take_home_wage,annual_main,1997,,,,cpi,97.03333333333336,index,,,,調査産業計,5人以上,就業形態計,35,male,income_year,持家の帰属家賃を除く総合,1990
take_home_wage,annual_main,1998,,,,cpi,97.625,index,,,,調査産業計,5人以上,就業形態計,35,male,income_year,持家の帰属家賃を除く総合,1990
take_home_wage,annual_main,1999,,,,cpi,97.26666666666668,index,,,,調査産業計,5人以上,就業形態計,35,male,income_year,持家の帰属家賃を除く総合,1990
take_home_wage,annual_main,2000,,,,cpi,96.4,index,,,,調査産業計,5人以上,就業形態計,35,male,income_year,持家の帰属家賃を除く総合,1990
take_home_wage,annual_main,2001,,,,cpi,95.475,index,,,,調査産業計,5人以上,就業形態計,35,male,income_year,持家の帰属家賃を除く総合,1990
take_home_wage,annual_main,2002,,,,cpi,94.5,index,,,,調査産業計,5人以上,就業形態計,35,male,income_year,持家の帰属家賃を除く総合,1990
take_home_wage,annual_main,2003,,,,cpi,94.18333333333334,index,,,,調査産業計,5人以上,就業形態計,35,male,income_year,持家の帰属家賃を除く総合,1990
take_home_wage,annual_main,2004,,,,cpi,94.18333333333334,index,,,,調査産業計,5人以上,就業形態計,35,male,income_year,持家の帰属家賃を除く総合,1990
take_home_wage,annual_main,2005,,,,cpi,93.8,index,,,,調査産業計,5人以上,就業形態計,35,male,income_year,持家の帰属家賃を除く総合,1990
take_home_wage,annual_main,2006,,,,cpi,94.1,index,,,,調査産業計,5人以上,就業形態計,35,male,income_year,持家の帰属家賃を除く総合,1990
take_home_wage,annual_main,2007,,,,cpi,94.175,index,,,,調査産業計,5人以上,就業形態計,35,male,income_year,持家の帰属家賃を除く総合,1990
take_home_wage,annual_main,2008,,,,cpi,95.68333333333334,index,,,,調査産業計,5人以上,就業形態計,35,male,income_year,持家の帰属家賃を除く総合,1990
take_home_wage,annual_main,2009,,,,cpi,94.25,index,,,,調査産業計,5人以上,就業形態計,35,male,income_year,持家の帰属家賃を除く総合,1990
take_home_wage,annual_main,2010,,,,cpi,93.53333333333336,index,,,,調査産業計,5人以上,就業形態計,35,male,income_year,持家の帰属家賃を除く総合,1990
take_home_wage,annual_main,2011,,,,cpi,93.25,index,,,,調査産業計,5人以上,就業形態計,35,male,income_year,持家の帰属家賃を除く総合,1990
take_home_wage,annual_main,2012,,,,cpi,93.26666666666668,index,,,,調査産業計,5人以上,就業形態計,35,male,income_year,持家の帰属家賃を除く総合,1990
take_home_wage,annual_main,2013,,,,cpi,93.71666666666664,index,,,,調査産業計,5人以上,就業形態計,35,male,income_year,持家の帰属家賃を除く総合,1990
take_home_wage,annual_main,2014,,,,cpi,96.84166666666664,index,,,,調査産業計,5人以上,就業形態計,35,male,income_year,持家の帰属家賃を除く総合,1990
take_home_wage,annual_main,2015,,,,cpi,97.8,index,,,,調査産業計,5人以上,就業形態計,35,male,income_year,持家の帰属家賃を除く総合,1990
take_home_wage,annual_main,2016,,,,cpi,97.70833333333331,index,,,,調査産業計,5人以上,就業形態計,35,male,income_year,持家の帰属家賃を除く総合,1990
take_home_wage,annual_main,2017,,,,cpi,98.30833333333334,index,,,,調査産業計,5人以上,就業形態計,35,male,income_year,持家の帰属家賃を除く総合,1990
take_home_wage,annual_main,2018,,,,cpi,99.48333333333332,index,,,,調査産業計,5人以上,就業形態計,35,male,income_year,持家の帰属家賃を除く総合,1990
take_home_wage,annual_main,2019,,,,cpi,100.04166666666669,index,,,,調査産業計,5人以上,就業形態計,35,male,income_year,持家の帰属家賃を除く総合,1990
take_home_wage,annual_main,2020,,,,cpi,100.0,index,,,,調査産業計,5人以上,就業形態計,35,male,income_year,持家の帰属家賃を除く総合,1990
take_home_wage,annual_main,2021,,,,cpi,99.69166666666666,index,,,,調査産業計,5人以上,就業形態計,35,male,income_year,持家の帰属家賃を除く総合,1990
take_home_wage,annual_main,2022,,,,cpi,102.65,index,,,,調査産業計,5人以上,就業形態計,35,male,income_year,持家の帰属家賃を除く総合,1990
take_home_wage,annual_main,2023,,,,cpi,106.58333333333331,index,,,,調査産業計,5人以上,就業形態計,35,male,income_year,持家の帰属家賃を除く総合,1990
take_home_wage,annual_main,2024,,,,cpi,109.975,index,,,,調査産業計,5人以上,就業形態計,35,male,income_year,持家の帰属家賃を除く総合,1990
take_home_wage,annual_main,2025,,,,cpi,114.025,index,,,,調査産業計,5人以上,就業形態計,35,male,income_year,持家の帰属家賃を除く総合,1990
take_home_wage,annual_main,1990,,,,real_gross_salary_yen,4390932.193943898,yen,,,,調査産業計,5人以上,就業形態計,35,male,income_year,持家の帰属家賃を除く総合,1990
take_home_wage,annual_main,1991,,,,real_gross_salary_yen,4460694.901537632,yen,,,,調査産業計,5人以上,就業形態計,35,male,income_year,持家の帰属家賃を除く総合,1990
take_home_wage,annual_main,1992,,,,real_gross_salary_yen,4480411.327433628,yen,,,,調査産業計,5人以上,就業形態計,35,male,income_year,持家の帰属家賃を除く総合,1990
take_home_wage,annual_main,1993,,,,real_gross_salary_yen,4438383.202099738,yen,,,,調査産業計,5人以上,就業形態計,35,male,income_year,持家の帰属家賃を除く総合,1990
take_home_wage,annual_main,1994,,,,real_gross_salary_yen,4488324.889004962,yen,,,,調査産業計,5人以上,就業形態計,35,male,income_year,持家の帰属家賃を除く総合,1990
take_home_wage,annual_main,1995,,,,real_gross_salary_yen,4553189.245810056,yen,,,,調査産業計,5人以上,就業形態計,35,male,income_year,持家の帰属家賃を除く総合,1990
take_home_wage,annual_main,1996,,,,real_gross_salary_yen,4595557.767880535,yen,,,,調査産業計,5人以上,就業形態計,35,male,income_year,持家の帰属家賃を除く総合,1990
take_home_wage,annual_main,1997,,,,real_gross_salary_yen,4591907.59189282,yen,,,,調査産業計,5人以上,就業形態計,35,male,income_year,持家の帰属家賃を除く総合,1990
take_home_wage,annual_main,1998,,,,real_gross_salary_yen,4503180.537772087,yen,,,,調査産業計,5人以上,就業形態計,35,male,income_year,持家の帰属家賃を除く総合,1990
take_home_wage,annual_main,1999,,,,real_gross_salary_yen,4361998.97189856,yen,,,,調査産業計,5人以上,就業形態計,35,male,income_year,持家の帰属家賃を除く総合,1990
take_home_wage,annual_main,2000,,,,real_gross_salary_yen,4422890.041493776,yen,,,,調査産業計,5人以上,就業形態計,35,male,income_year,持家の帰属家賃を除く総合,1990
take_home_wage,annual_main,2001,,,,real_gross_salary_yen,4414487.562189054,yen,,,,調査産業計,5人以上,就業形態計,35,male,income_year,持家の帰属家賃を除く総合,1990
take_home_wage,annual_main,2002,,,,real_gross_salary_yen,4358317.46031746,yen,,,,調査産業計,5人以上,就業形態計,35,male,income_year,持家の帰属家賃を除く総合,1990
take_home_wage,annual_main,2003,,,,real_gross_salary_yen,4354782.162449124,yen,,,,調査産業計,5人以上,就業形態計,35,male,income_year,持家の帰属家賃を除く総合,1990
take_home_wage,annual_main,2004,,,,real_gross_salary_yen,4245579.189523978,yen,,,,調査産業計,5人以上,就業形態計,35,male,income_year,持家の帰属家賃を除く総合,1990
take_home_wage,annual_main,2005,,,,real_gross_salary_yen,4292091.684434968,yen,,,,調査産業計,5人以上,就業形態計,35,male,income_year,持家の帰属家賃を除く総合,1990
take_home_wage,annual_main,2006,,,,real_gross_salary_yen,4288687.566418703,yen,,,,調査産業計,5人以上,就業形態計,35,male,income_year,持家の帰属家賃を除く総合,1990
take_home_wage,annual_main,2007,,,,real_gross_salary_yen,4211495.61985665,yen,,,,調査産業計,5人以上,就業形態計,35,male,income_year,持家の帰属家賃を除く総合,1990
take_home_wage,annual_main,2008,,,,real_gross_salary_yen,4159728.618707542,yen,,,,調査産業計,5人以上,就業形態計,35,male,income_year,持家の帰属家賃を除く総合,1990
take_home_wage,annual_main,2009,,,,real_gross_salary_yen,4025192.572944297,yen,,,,調査産業計,5人以上,就業形態計,35,male,income_year,持家の帰属家賃を除く総合,1990
take_home_wage,annual_main,2010,,,,real_gross_salary_yen,4081705.274411974,yen,,,,調査産業計,5人以上,就業形態計,35,male,income_year,持家の帰属家賃を除く総合,1990
take_home_wage,annual_main,2011,,,,real_gross_salary_yen,4087132.439678284,yen,,,,調査産業計,5人以上,就業形態計,35,male,income_year,持家の帰属家賃を除く総合,1990
take_home_wage,annual_main,2012,,,,real_gross_salary_yen,4054919.2280200142,yen,,,,調査産業計,5人以上,就業形態計,35,male,income_year,持家の帰属家賃を除く総合,1990
take_home_wage,annual_main,2013,,,,real_gross_salary_yen,4043286.1461853106,yen,,,,調査産業計,5人以上,就業形態計,35,male,income_year,持家の帰属家賃を除く総合,1990
take_home_wage,annual_main,2014,,,,real_gross_salary_yen,3950962.567765253,yen,,,,調査産業計,5人以上,就業形態計,35,male,income_year,持家の帰属家賃を除く総合,1990
take_home_wage,annual_main,2015,,,,real_gross_salary_yen,3871229.0388548058,yen,,,,調査産業計,5人以上,就業形態計,35,male,income_year,持家の帰属家賃を除く総合,1990
take_home_wage,annual_main,2016,,,,real_gross_salary_yen,3899399.232409382,yen,,,,調査産業計,5人以上,就業形態計,35,male,income_year,持家の帰属家賃を除く総合,1990
take_home_wage,annual_main,2017,,,,real_gross_salary_yen,3894369.7550224634,yen,,,,調査産業計,5人以上,就業形態計,35,male,income_year,持家の帰属家賃を除く総合,1990
take_home_wage,annual_main,2018,,,,real_gross_salary_yen,3898929.4689227673,yen,,,,調査産業計,5人以上,就業形態計,35,male,income_year,持家の帰属家賃を除く総合,1990
take_home_wage,annual_main,2019,,,,real_gross_salary_yen,3865124.531445231,yen,,,,調査産業計,5人以上,就業形態計,35,male,income_year,持家の帰属家賃を除く総合,1990
take_home_wage,annual_main,2020,,,,real_gross_salary_yen,3819594.999999999,yen,,,,調査産業計,5人以上,就業形態計,35,male,income_year,持家の帰属家賃を除く総合,1990
take_home_wage,annual_main,2021,,,,real_gross_salary_yen,3842841.762099808,yen,,,,調査産業計,5人以上,就業形態計,35,male,income_year,持家の帰属家賃を除く総合,1990
take_home_wage,annual_main,2022,,,,real_gross_salary_yen,3805478.811495373,yen,,,,調査産業計,5人以上,就業形態計,35,male,income_year,持家の帰属家賃を除く総合,1990
take_home_wage,annual_main,2023,,,,real_gross_salary_yen,3708840.656763096,yen,,,,調査産業計,5人以上,就業形態計,35,male,income_year,持家の帰属家賃を除く総合,1990
take_home_wage,annual_main,2024,,,,real_gross_salary_yen,3793330.302341441,yen,,,,調査産業計,5人以上,就業形態計,35,male,income_year,持家の帰属家賃を除く総合,1990
take_home_wage,annual_main,2025,,,,real_gross_salary_yen,3742717.825038369,yen,,,,調査産業計,5人以上,就業形態計,35,male,income_year,持家の帰属家賃を除く総合,1990
take_home_wage,annual_main,1990,,,,real_take_home_yen,3645156.281998886,yen,,,,調査産業計,5人以上,就業形態計,35,male,income_year,持家の帰属家賃を除く総合,1990
take_home_wage,annual_main,1991,,,,real_take_home_yen,3677859.9196115457,yen,,,,調査産業計,5人以上,就業形態計,35,male,income_year,持家の帰属家賃を除く総合,1990
take_home_wage,annual_main,1992,,,,real_take_home_yen,3700075.9648672566,yen,,,,調査産業計,5人以上,就業形態計,35,male,income_year,持家の帰属家賃を除く総合,1990
take_home_wage,annual_main,1993,,,,real_take_home_yen,3674291.6625984255,yen,,,,調査産業計,5人以上,就業形態計,35,male,income_year,持家の帰属家賃を除く総合,1990
take_home_wage,annual_main,1994,,,,real_take_home_yen,3769853.229563854,yen,,,,調査産業計,5人以上,就業形態計,35,male,income_year,持家の帰属家賃を除く総合,1990
take_home_wage,annual_main,1995,,,,real_take_home_yen,3796291.851955307,yen,,,,調査産業計,5人以上,就業形態計,35,male,income_year,持家の帰属家賃を除く総合,1990
take_home_wage,annual_main,1996,,,,real_take_home_yen,3810757.0930049783,yen,,,,調査産業計,5人以上,就業形態計,35,male,income_year,持家の帰属家賃を除く総合,1990
take_home_wage,annual_main,1997,,,,real_take_home_yen,3782310.8306423905,yen,,,,調査産業計,5人以上,就業形態計,35,male,income_year,持家の帰属家賃を除く総合,1990
take_home_wage,annual_main,1998,,,,real_take_home_yen,3745793.2701664534,yen,,,,調査産業計,5人以上,就業形態計,35,male,income_year,持家の帰属家賃を除く総合,1990
take_home_wage,annual_main,1999,,,,real_take_home_yen,3628460.228923921,yen,,,,調査産業計,5人以上,就業形態計,35,male,income_year,持家の帰属家賃を除く総合,1990
take_home_wage,annual_main,2000,,,,real_take_home_yen,3680054.082987552,yen,,,,調査産業計,5人以上,就業形態計,35,male,income_year,持家の帰属家賃を除く総合,1990
take_home_wage,annual_main,2001,,,,real_take_home_yen,3665565.763288819,yen,,,,調査産業計,5人以上,就業形態計,35,male,income_year,持家の帰属家賃を除く総合,1990
take_home_wage,annual_main,2002,,,,real_take_home_yen,3611555.189682539,yen,,,,調査産業計,5人以上,就業形態計,35,male,income_year,持家の帰属家賃を除く総合,1990
take_home_wage,annual_main,2003,,,,real_take_home_yen,3581039.3703769245,yen,,,,調査産業計,5人以上,就業形態計,35,male,income_year,持家の帰属家賃を除く総合,1990
take_home_wage,annual_main,2004,,,,real_take_home_yen,3499773.938064059,yen,,,,調査産業計,5人以上,就業形態計,35,male,income_year,持家の帰属家賃を除く総合,1990
take_home_wage,annual_main,2005,,,,real_take_home_yen,3521069.974680171,yen,,,,調査産業計,5人以上,就業形態計,35,male,income_year,持家の帰属家賃を除く総合,1990
take_home_wage,annual_main,2006,,,,real_take_home_yen,3387370.0956429327,yen,,,,調査産業計,5人以上,就業形態計,35,male,income_year,持家の帰属家賃を除く総合,1990
take_home_wage,annual_main,2007,,,,real_take_home_yen,3424289.1850278736,yen,,,,調査産業計,5人以上,就業形態計,35,male,income_year,持家の帰属家賃を除く総合,1990
take_home_wage,annual_main,2008,,,,real_take_home_yen,3353387.6446612086,yen,,,,調査産業計,5人以上,就業形態計,35,male,income_year,持家の帰属家賃を除く総合,1990
take_home_wage,annual_main,2009,,,,real_take_home_yen,3265695.3209549068,yen,,,,調査産業計,5人以上,就業形態計,35,male,income_year,持家の帰属家賃を除く総合,1990
take_home_wage,annual_main,2010,,,,real_take_home_yen,3284711.997327155,yen,,,,調査産業計,5人以上,就業形態計,35,male,income_year,持家の帰属家賃を除く総合,1990
take_home_wage,annual_main,2011,,,,real_take_home_yen,3275603.6932975873,yen,,,,調査産業計,5人以上,就業形態計,35,male,income_year,持家の帰属家賃を除く総合,1990
take_home_wage,annual_main,2012,,,,real_take_home_yen,3239171.822283774,yen,,,,調査産業計,5人以上,就業形態計,35,male,income_year,持家の帰属家賃を除く総合,1990
take_home_wage,annual_main,2013,,,,real_take_home_yen,3218959.041436956,yen,,,,調査産業計,5人以上,就業形態計,35,male,income_year,持家の帰属家賃を除く総合,1990
take_home_wage,annual_main,2014,,,,real_take_home_yen,3139677.8831425873,yen,,,,調査産業計,5人以上,就業形態計,35,male,income_year,持家の帰属家賃を除く総合,1990
take_home_wage,annual_main,2015,,,,real_take_home_yen,3068941.411042945,yen,,,,調査産業計,5人以上,就業形態計,35,male,income_year,持家の帰属家賃を除く総合,1990
take_home_wage,annual_main,2016,,,,real_take_home_yen,3088149.9556503203,yen,,,,調査産業計,5人以上,就業形態計,35,male,income_year,持家の帰属家賃を除く総合,1990
take_home_wage,annual_main,2017,,,,real_take_home_yen,3084201.9518521656,yen,,,,調査産業計,5人以上,就業形態計,35,male,income_year,持家の帰属家賃を除く総合,1990
take_home_wage,annual_main,2018,,,,real_take_home_yen,3088593.3774501593,yen,,,,調査産業計,5人以上,就業形態計,35,male,income_year,持家の帰属家賃を除く総合,1990
take_home_wage,annual_main,2019,,,,real_take_home_yen,3061595.130362349,yen,,,,調査産業計,5人以上,就業形態計,35,male,income_year,持家の帰属家賃を除く総合,1990
take_home_wage,annual_main,2020,,,,real_take_home_yen,3024651.215,yen,,,,調査産業計,5人以上,就業形態計,35,male,income_year,持家の帰属家賃を除く総合,1990
take_home_wage,annual_main,2021,,,,real_take_home_yen,3044468.1310708015,yen,,,,調査産業計,5人以上,就業形態計,35,male,income_year,持家の帰属家賃を除く総合,1990
take_home_wage,annual_main,2022,,,,real_take_home_yen,3015625.366780322,yen,,,,調査産業計,5人以上,就業形態計,35,male,income_year,持家の帰属家賃を除く総合,1990
take_home_wage,annual_main,2023,,,,real_take_home_yen,2916585.1003909307,yen,,,,調査産業計,5人以上,就業形態計,35,male,income_year,持家の帰属家賃を除く総合,1990
take_home_wage,annual_main,2024,,,,real_take_home_yen,3009995.6444646507,yen,,,,調査産業計,5人以上,就業形態計,35,male,income_year,持家の帰属家賃を除く総合,1990
take_home_wage,annual_main,2025,,,,real_take_home_yen,2965703.9250164437,yen,,,,調査産業計,5人以上,就業形態計,35,male,income_year,持家の帰属家賃を除く総合,1990
take_home_wage,annual_main,1990,,,,gross_salary_index,100.0,index,,,,調査産業計,5人以上,就業形態計,35,male,income_year,持家の帰属家賃を除く総合,1990
take_home_wage,annual_main,1991,,,,gross_salary_index,104.93859721713824,index,,,,調査産業計,5人以上,就業形態計,35,male,income_year,持家の帰属家賃を除く総合,1990
take_home_wage,annual_main,1992,,,,gross_salary_index,107.098952682618,index,,,,調査産業計,5人以上,就業形態計,35,male,income_year,持家の帰属家賃を除く総合,1990
take_home_wage,annual_main,1993,,,,gross_salary_index,107.31487399851449,index,,,,調査産業計,5人以上,就業形態計,35,male,income_year,持家の帰属家賃を除く総合,1990
take_home_wage,annual_main,1994,,,,gross_salary_index,109.06359296521956,index,,,,調査産業計,5人以上,就業形態計,35,male,income_year,持家の帰属家賃を除く総合,1990
take_home_wage,annual_main,1995,,,,gross_salary_index,110.3411739560207,index,,,,調査産業計,5人以上,就業形態計,35,male,income_year,持家の帰属家賃を除く総合,1990
take_home_wage,annual_main,1996,,,,gross_salary_index,111.31931833239494,index,,,,調査産業計,5人以上,就業形態計,35,male,income_year,持家の帰属家賃を除く総合,1990
take_home_wage,annual_main,1997,,,,gross_salary_index,113.10563187573332,index,,,,調査産業計,5人以上,就業形態計,35,male,income_year,持家の帰属家賃を除く総合,1990
take_home_wage,annual_main,1998,,,,gross_salary_index,111.59649266207678,index,,,,調査産業計,5人以上,就業形態計,35,male,income_year,持家の帰属家賃を除く総合,1990
take_home_wage,annual_main,1999,,,,gross_salary_index,107.70099898512412,index,,,,調査産業計,5人以上,就業形態計,35,male,income_year,持家の帰属家賃を除く総合,1990
take_home_wage,annual_main,2000,,,,gross_salary_index,108.23140997685434,index,,,,調査産業計,5人以上,就業形態計,35,male,income_year,持家の帰属家賃を除く総合,1990
take_home_wage,annual_main,2001,,,,gross_salary_index,106.98924048801366,index,,,,調査産業計,5人以上,就業形態計,35,male,income_year,持家の帰属家賃を除く総合,1990
take_home_wage,annual_main,2002,,,,gross_salary_index,104.5492230031086,index,,,,調査産業計,5人以上,就業形態計,35,male,income_year,持家の帰属家賃を除く総合,1990
take_home_wage,annual_main,2003,,,,gross_salary_index,104.11435960519856,index,,,,調査産業計,5人以上,就業形態計,35,male,income_year,持家の帰属家賃を除く総合,1990
take_home_wage,annual_main,2004,,,,gross_salary_index,101.5035292194391,index,,,,調査産業計,5人以上,就業形態計,35,male,income_year,持家の帰属家賃を除く総合,1990
take_home_wage,annual_main,2005,,,,gross_salary_index,102.1978992729346,index,,,,調査産業計,5人以上,就業形態計,35,male,income_year,持家の帰属家賃を除く総合,1990
take_home_wage,annual_main,2006,,,,gross_salary_index,102.4434444044496,index,,,,調査産業計,5人以上,就業形態計,35,male,income_year,持家の帰属家賃を除く総合,1990
take_home_wage,annual_main,2007,,,,gross_salary_index,100.67974853010536,index,,,,調査産業計,5人以上,就業形態計,35,male,income_year,持家の帰属家賃を除く総合,1990
take_home_wage,annual_main,2008,,,,gross_salary_index,101.03490431786786,index,,,,調査産業計,5人以上,就業形態計,35,male,income_year,持家の帰属家賃を除く総合,1990
take_home_wage,annual_main,2009,,,,gross_salary_index,96.30263304190132,index,,,,調査産業計,5人以上,就業形態計,35,male,income_year,持家の帰属家賃を除く総合,1990
take_home_wage,annual_main,2010,,,,gross_salary_index,96.91214241363782,index,,,,調査産業計,5人以上,就業形態計,35,male,income_year,持家の帰属家賃を除く総合,1990
take_home_wage,annual_main,2011,,,,gross_salary_index,96.74704104535768,index,,,,調査産業計,5人以上,就業形態計,35,male,income_year,持家の帰属家賃を除く総合,1990
take_home_wage,annual_main,2012,,,,gross_salary_index,96.00167335212132,index,,,,調査産業計,5人以上,就業形態計,35,male,income_year,持家の帰属家賃を除く総合,1990
take_home_wage,annual_main,2013,,,,gross_salary_index,96.1881231599346,index,,,,調査産業計,5人以上,就業形態計,35,male,income_year,持家の帰属家賃を除く総合,1990
take_home_wage,annual_main,2014,,,,gross_salary_index,97.12595680862913,index,,,,調査産業計,5人以上,就業形態計,35,male,income_year,持家の帰属家賃を除く総合,1990
take_home_wage,annual_main,2015,,,,gross_salary_index,96.10762862752124,index,,,,調査産業計,5人以上,就業形態計,35,male,income_year,持家の帰属家賃を除く総合,1990
take_home_wage,annual_main,2016,,,,gross_salary_index,96.7162495386351,index,,,,調査産業計,5人以上,就業形態計,35,male,income_year,持家の帰属家賃を除く総合,1990
take_home_wage,annual_main,2017,,,,gross_salary_index,97.18464597890338,index,,,,調査産業計,5人以上,就業形態計,35,male,income_year,持家の帰属家賃を除く総合,1990
take_home_wage,annual_main,2018,,,,gross_salary_index,98.46136389367106,index,,,,調査産業計,5人以上,就業形態計,35,male,income_year,持家の帰属家賃を除く総合,1990
take_home_wage,annual_main,2019,,,,gross_salary_index,98.15547959358256,index,,,,調査産業計,5人以上,就業形態計,35,male,income_year,持家の帰属家賃を除く総合,1990
take_home_wage,annual_main,2020,,,,gross_salary_index,96.9588500578007,index,,,,調査産業計,5人以上,就業形態計,35,male,income_year,持家の帰属家賃を除く総合,1990
take_home_wage,annual_main,2021,,,,gross_salary_index,97.24818360571844,index,,,,調査産業計,5人以上,就業形態計,35,male,income_year,持家の帰属家賃を除く総合,1990
take_home_wage,annual_main,2022,,,,gross_salary_index,99.16043009617206,index,,,,調査産業計,5人以上,就業形態計,35,male,income_year,持家の帰属家賃を除く総合,1990
take_home_wage,annual_main,2023,,,,gross_salary_index,100.34543349009164,index,,,,調査産業計,5人以上,就業形態計,35,male,income_year,持家の帰属家賃を除く総合,1990
take_home_wage,annual_main,2024,,,,gross_salary_index,105.89727161358158,index,,,,調査産業計,5人以上,就業形態計,35,male,income_year,持家の帰属家賃を除く総合,1990
take_home_wage,annual_main,2025,,,,gross_salary_index,108.33213602687518,index,,,,調査産業計,5人以上,就業形態計,35,male,income_year,持家の帰属家賃を除く総合,1990
take_home_wage,annual_main,1990,,,,nominal_take_home_index,100.0,index,,,,調査産業計,5人以上,就業形態計,35,male,income_year,持家の帰属家賃を除く総合,1990
take_home_wage,annual_main,1991,,,,nominal_take_home_index,104.2241822635291,index,,,,調査産業計,5人以上,就業形態計,35,male,income_year,持家の帰属家賃を除く総合,1990
take_home_wage,annual_main,1992,,,,nominal_take_home_index,106.54143833188922,index,,,,調査産業計,5人以上,就業形態計,35,male,income_year,持家の帰属家賃を除く総合,1990
take_home_wage,annual_main,1993,,,,nominal_take_home_index,107.0161516008308,index,,,,調査産業計,5人以上,就業形態計,35,male,income_year,持家の帰属家賃を除く総合,1990
take_home_wage,annual_main,1994,,,,nominal_take_home_index,110.3470011250554,index,,,,調査産業計,5人以上,就業形態計,35,male,income_year,持家の帰属家賃を除く総合,1990
take_home_wage,annual_main,1995,,,,nominal_take_home_index,110.82100117856282,index,,,,調査産業計,5人以上,就業形態計,35,male,income_year,持家の帰属家賃を除く総合,1990
take_home_wage,annual_main,1996,,,,nominal_take_home_index,111.1947167550241,index,,,,調査産業計,5人以上,就業形態計,35,male,income_year,持家の帰属家賃を除く総合,1990
take_home_wage,annual_main,1997,,,,nominal_take_home_index,112.22481151894956,index,,,,調査産業計,5人以上,就業形態計,35,male,income_year,持家の帰属家賃を除く総合,1990
take_home_wage,annual_main,1998,,,,nominal_take_home_index,111.8189911227728,index,,,,調査産業計,5人以上,就業形態計,35,male,income_year,持家の帰属家賃を除く総合,1990
take_home_wage,annual_main,1999,,,,nominal_take_home_index,107.91880250866932,index,,,,調査産業計,5人以上,就業形態計,35,male,income_year,持家の帰属家賃を除く総合,1990
take_home_wage,annual_main,2000,,,,nominal_take_home_index,108.47807073823284,index,,,,調査産業計,5人以上,就業形態計,35,male,income_year,持家の帰属家賃を除く総合,1990
take_home_wage,annual_main,2001,,,,nominal_take_home_index,107.01419777773664,index,,,,調査産業計,5人以上,就業形態計,35,male,income_year,持家の帰属家賃を除く総合,1990
take_home_wage,annual_main,2002,,,,nominal_take_home_index,104.36065159060564,index,,,,調査産業計,5人以上,就業形態計,35,male,income_year,持家の帰属家賃を除く総合,1990
take_home_wage,annual_main,2003,,,,nominal_take_home_index,103.13210218874389,index,,,,調査産業計,5人以上,就業形態計,35,male,income_year,持家の帰属家賃を除く総合,1990
take_home_wage,annual_main,2004,,,,nominal_take_home_index,100.79169930486808,index,,,,調査産業計,5人以上,就業形態計,35,male,income_year,持家の帰属家賃を除く総合,1990
take_home_wage,annual_main,2005,,,,nominal_take_home_index,100.99228814238003,index,,,,調査産業計,5人以上,就業形態計,35,male,income_year,持家の帰属家賃を除く総合,1990
take_home_wage,annual_main,2006,,,,nominal_take_home_index,97.46820997510412,index,,,,調査産業計,5人以上,就業形態計,35,male,income_year,持家の帰属家賃を除く総合,1990
take_home_wage,annual_main,2007,,,,nominal_take_home_index,98.60905133484648,index,,,,調査産業計,5人以上,就業形態計,35,male,income_year,持家の帰属家賃を除く総合,1990
take_home_wage,annual_main,2008,,,,nominal_take_home_index,98.11395305432,index,,,,調査産業計,5人以上,就業形態計,35,male,income_year,持家の帰属家賃を除く総合,1990
take_home_wage,annual_main,2009,,,,nominal_take_home_index,94.11692740107507,index,,,,調査産業計,5人以上,就業形態計,35,male,income_year,持家の帰属家賃を除く総合,1990
take_home_wage,annual_main,2010,,,,nominal_take_home_index,93.9451634446465,index,,,,調査産業計,5人以上,就業形態計,35,male,income_year,持家の帰属家賃を除く総合,1990
take_home_wage,annual_main,2011,,,,nominal_take_home_index,93.40086756003194,index,,,,調査産業計,5人以上,就業形態計,35,male,income_year,持家の帰属家賃を除く総合,1990
take_home_wage,annual_main,2012,,,,nominal_take_home_index,92.37855377219309,index,,,,調査産業計,5人以上,就業形態計,35,male,income_year,持家の帰属家賃を除く総合,1990
take_home_wage,annual_main,2013,,,,nominal_take_home_index,92.24503530971354,index,,,,調査産業計,5人以上,就業形態計,35,male,income_year,持家の帰属家賃を除く総合,1990
take_home_wage,annual_main,2014,,,,nominal_take_home_index,92.97326154079826,index,,,,調査産業計,5人以上,就業形態計,35,male,income_year,持家の帰属家賃を除く総合,1990
take_home_wage,annual_main,2015,,,,nominal_take_home_index,91.77791132647435,index,,,,調査産業計,5人以上,就業形態計,35,male,income_year,持家の帰属家賃を除く総合,1990
take_home_wage,annual_main,2016,,,,nominal_take_home_index,92.26578982342464,index,,,,調査産業計,5人以上,就業形態計,35,male,income_year,持家の帰属家賃を除く総合,1990
take_home_wage,annual_main,2017,,,,nominal_take_home_index,92.71368836691045,index,,,,調査産業計,5人以上,就業形態計,35,male,income_year,持家の帰属家賃を除く総合,1990
take_home_wage,annual_main,2018,,,,nominal_take_home_index,93.9554078319454,index,,,,調査産業計,5人以上,就業形態計,35,male,income_year,持家の帰属家賃を除く総合,1990
take_home_wage,annual_main,2019,,,,nominal_take_home_index,93.65681712020228,index,,,,調査産業計,5人以上,就業形態計,35,male,income_year,持家の帰属家賃を除く総合,1990
take_home_wage,annual_main,2020,,,,nominal_take_home_index,92.48813438624094,index,,,,調査産業計,5人以上,就業形態計,35,male,income_year,持家の帰属家賃を除く総合,1990
take_home_wage,annual_main,2021,,,,nominal_take_home_index,92.80705819939551,index,,,,調査産業計,5人以上,就業形態計,35,male,income_year,持家の帰属家賃を除く総合,1990
take_home_wage,annual_main,2022,,,,nominal_take_home_index,94.6557626916798,index,,,,調査産業計,5人以上,就業形態計,35,male,income_year,持家の帰属家賃を除く総合,1990
take_home_wage,annual_main,2023,,,,nominal_take_home_index,95.05493493157266,index,,,,調査産業計,5人以上,就業形態計,35,male,income_year,持家の帰属家賃を除く総合,1990
take_home_wage,annual_main,2024,,,,nominal_take_home_index,101.22098412380234,index,,,,調査産業計,5人以上,就業形態計,35,male,income_year,持家の帰属家賃を除く総合,1990
take_home_wage,annual_main,2025,,,,nominal_take_home_index,103.40429797815747,index,,,,調査産業計,5人以上,就業形態計,35,male,income_year,持家の帰属家賃を除く総合,1990
take_home_wage,annual_main,1990,,,,real_gross_salary_index,100.0,index,,,,調査産業計,5人以上,就業形態計,35,male,income_year,持家の帰属家賃を除く総合,1990
take_home_wage,annual_main,1991,,,,real_gross_salary_index,101.58879036414984,index,,,,調査産業計,5人以上,就業形態計,35,male,income_year,持家の帰属家賃を除く総合,1990
take_home_wage,annual_main,1992,,,,real_gross_salary_index,102.03781633460753,index,,,,調査産業計,5人以上,就業形態計,35,male,income_year,持家の帰属家賃を除く総合,1990
take_home_wage,annual_main,1993,,,,real_gross_salary_index,101.08065909606358,index,,,,調査産業計,5人以上,就業形態計,35,male,income_year,持家の帰属家賃を除く総合,1990
take_home_wage,annual_main,1994,,,,real_gross_salary_index,102.21804142626914,index,,,,調査産業計,5人以上,就業形態計,35,male,income_year,持家の帰属家賃を除く総合,1990
take_home_wage,annual_main,1995,,,,real_gross_salary_index,103.6952757341584,index,,,,調査産業計,5人以上,就業形態計,35,male,income_year,持家の帰属家賃を除く総合,1990
take_home_wage,annual_main,1996,,,,real_gross_salary_index,104.6601852385437,index,,,,調査産業計,5人以上,就業形態計,35,male,income_year,持家の帰属家賃を除く総合,1990
take_home_wage,annual_main,1997,,,,real_gross_salary_index,104.57705537393888,index,,,,調査産業計,5人以上,就業形態計,35,male,income_year,持家の帰属家賃を除く総合,1990
take_home_wage,annual_main,1998,,,,real_gross_salary_index,102.55636705078264,index,,,,調査産業計,5人以上,就業形態計,35,male,income_year,持家の帰属家賃を除く総合,1990
take_home_wage,annual_main,1999,,,,real_gross_salary_index,99.34106880344808,index,,,,調査産業計,5人以上,就業形態計,35,male,income_year,持家の帰属家賃を除く総合,1990
take_home_wage,annual_main,2000,,,,real_gross_salary_index,100.72781464477988,index,,,,調査産業計,5人以上,就業形態計,35,male,income_year,持家の帰属家賃を除く総合,1990
take_home_wage,annual_main,2001,,,,real_gross_salary_index,100.53645483930823,index,,,,調査産業計,5人以上,就業形態計,35,male,income_year,持家の帰属家賃を除く総合,1990
take_home_wage,annual_main,2002,,,,real_gross_salary_index,99.25722529554382,index,,,,調査産業計,5人以上,就業形態計,35,male,income_year,持家の帰属家賃を除く総合,1990
take_home_wage,annual_main,2003,,,,real_gross_salary_index,99.17671168904332,index,,,,調査産業計,5人以上,就業形態計,35,male,income_year,持家の帰属家賃を除く総合,1990
take_home_wage,annual_main,2004,,,,real_gross_salary_index,96.68970054649454,index,,,,調査産業計,5人以上,就業形態計,35,male,income_year,持家の帰属家賃を除く総合,1990
take_home_wage,annual_main,2005,,,,real_gross_salary_index,97.7489857473715,index,,,,調査産業計,5人以上,就業形態計,35,male,income_year,持家の帰属家賃を除く総合,1990
take_home_wage,annual_main,2006,,,,real_gross_salary_index,97.6714596580149,index,,,,調査産業計,5人以上,就業形態計,35,male,income_year,持家の帰属家賃を除く総合,1990
take_home_wage,annual_main,2007,,,,real_gross_salary_index,95.91347426556185,index,,,,調査産業計,5人以上,就業形態計,35,male,income_year,持家の帰属家賃を除く総合,1990
take_home_wage,annual_main,2008,,,,real_gross_salary_index,94.73452185038887,index,,,,調査産業計,5人以上,就業形態計,35,male,income_year,持家の帰属家賃を除く総合,1990
take_home_wage,annual_main,2009,,,,real_gross_salary_index,91.67057005562418,index,,,,調査産業計,5人以上,就業形態計,35,male,income_year,持家の帰属家賃を除く総合,1990
take_home_wage,annual_main,2010,,,,real_gross_salary_index,92.95760203360874,index,,,,調査産業計,5人以上,就業形態計,35,male,income_year,持家の帰属家賃を除く総合,1990
take_home_wage,annual_main,2011,,,,real_gross_salary_index,93.081201420404,index,,,,調査産業計,5人以上,就業形態計,35,male,income_year,持家の帰属家賃を除く総合,1990
take_home_wage,annual_main,2012,,,,real_gross_salary_index,92.34757106048409,index,,,,調査産業計,5人以上,就業形態計,35,male,income_year,持家の帰属家賃を除く総合,1990
take_home_wage,annual_main,2013,,,,real_gross_salary_index,92.08263684330925,index,,,,調査産業計,5人以上,就業形態計,35,male,income_year,持家の帰属家賃を除く総合,1990
take_home_wage,annual_main,2014,,,,real_gross_salary_index,89.98004053022126,index,,,,調査産業計,5人以上,就業形態計,35,male,income_year,持家の帰属家賃を除く総合,1990
take_home_wage,annual_main,2015,,,,real_gross_salary_index,88.16417261451038,index,,,,調査産業計,5人以上,就業形態計,35,male,income_year,持家の帰属家賃を除く総合,1990
take_home_wage,annual_main,2016,,,,real_gross_salary_index,88.80572644204223,index,,,,調査産業計,5人以上,就業形態計,35,male,income_year,持家の帰属家賃を除く総合,1990
take_home_wage,annual_main,2017,,,,real_gross_salary_index,88.69118408145067,index,,,,調査産業計,5人以上,就業形態計,35,male,income_year,持家の帰属家賃を除く総合,1990
take_home_wage,annual_main,2018,,,,real_gross_salary_index,88.7950279510188,index,,,,調査産業計,5人以上,就業形態計,35,male,income_year,持家の帰属家賃を除く総合,1990
take_home_wage,annual_main,2019,,,,real_gross_salary_index,88.02514729733525,index,,,,調査産業計,5人以上,就業形態計,35,male,income_year,持家の帰属家賃を除く総合,1990
take_home_wage,annual_main,2020,,,,real_gross_salary_index,86.98824831019017,index,,,,調査産業計,5人以上,就業形態計,35,male,income_year,持家の帰属家賃を除く総合,1990
take_home_wage,annual_main,2021,,,,real_gross_salary_index,87.51767488917199,index,,,,調査産業計,5人以上,就業形態計,35,male,income_year,持家の帰属家賃を除く総合,1990
take_home_wage,annual_main,2022,,,,real_gross_salary_index,86.6667633069807,index,,,,調査産業計,5人以上,就業形態計,35,male,income_year,持家の帰属家賃を除く総合,1990
take_home_wage,annual_main,2023,,,,real_gross_salary_index,84.46590593857127,index,,,,調査産業計,5人以上,就業形態計,35,male,income_year,持家の帰属家賃を除く総合,1990
take_home_wage,annual_main,2024,,,,real_gross_salary_index,86.39009064119261,index,,,,調査産業計,5人以上,就業形態計,35,male,income_year,持家の帰属家賃を除く総合,1990
take_home_wage,annual_main,2025,,,,real_gross_salary_index,85.23743159141547,index,,,,調査産業計,5人以上,就業形態計,35,male,income_year,持家の帰属家賃を除く総合,1990
take_home_wage,annual_main,1990,,,,real_take_home_index,100.0,index,,,,調査産業計,5人以上,就業形態計,35,male,income_year,持家の帰属家賃を除く総合,1990
take_home_wage,annual_main,1991,,,,real_take_home_index,100.89718067162616,index,,,,調査産業計,5人以上,就業形態計,35,male,income_year,持家の帰属家賃を除く総合,1990
take_home_wage,annual_main,1992,,,,real_take_home_index,101.5066482372672,index,,,,調査産業計,5人以上,就業形態計,35,male,income_year,持家の帰属家賃を除く総合,1990
take_home_wage,annual_main,1993,,,,real_take_home_index,100.79929030048508,index,,,,調査産業計,5人以上,就業形態計,35,male,income_year,持家の帰属家賃を除く総合,1990
take_home_wage,annual_main,1994,,,,real_take_home_index,103.4208944121482,index,,,,調査産業計,5人以上,就業形態計,35,male,income_year,持家の帰属家賃を除く総合,1990
take_home_wage,annual_main,1995,,,,real_take_home_index,104.1462027486389,index,,,,調査産業計,5人以上,就業形態計,35,male,income_year,持家の帰属家賃を除く総合,1990
take_home_wage,annual_main,1996,,,,real_take_home_index,104.54303734037111,index,,,,調査産業計,5人以上,就業形態計,35,male,income_year,持家の帰属家賃を除く総合,1990
take_home_wage,annual_main,1997,,,,real_take_home_index,103.76265207944098,index,,,,調査産業計,5人以上,就業形態計,35,male,income_year,持家の帰属家賃を除く総合,1990
take_home_wage,annual_main,1998,,,,real_take_home_index,102.76084152179016,index,,,,調査産業計,5人以上,就業形態計,35,male,income_year,持家の帰属家賃を除く総合,1990
take_home_wage,annual_main,1999,,,,real_take_home_index,99.54196605623147,index,,,,調査産業計,5人以上,就業形態計,35,male,income_year,持家の帰属家賃を除く総合,1990
take_home_wage,annual_main,2000,,,,real_take_home_index,100.95737461685812,index,,,,調査産業計,5人以上,就業形態計,35,male,income_year,持家の帰属家賃を除く総合,1990
take_home_wage,annual_main,2001,,,,real_take_home_index,100.55990689317554,index,,,,調査産業計,5人以上,就業形態計,35,male,income_year,持家の帰属家賃を除く総合,1990
take_home_wage,annual_main,2002,,,,real_take_home_index,99.0781988557725,index,,,,調査産業計,5人以上,就業形態計,35,male,income_year,持家の帰属家賃を除く総合,1990
take_home_wage,annual_main,2003,,,,real_take_home_index,98.24103806087562,index,,,,調査産業計,5人以上,就業形態計,35,male,income_year,持家の帰属家賃を除く総合,1990
take_home_wage,annual_main,2004,,,,real_take_home_index,96.01162933252606,index,,,,調査産業計,5人以上,就業形態計,35,male,income_year,持家の帰属家賃を除く総合,1990
take_home_wage,annual_main,2005,,,,real_take_home_index,96.59585768842072,index,,,,調査産業計,5人以上,就業形態計,35,male,income_year,持家の帰属家賃を除く総合,1990
take_home_wage,annual_main,2006,,,,real_take_home_index,92.92797986113804,index,,,,調査産業計,5人以上,就業形態計,35,male,income_year,持家の帰属家賃を除く総合,1990
take_home_wage,annual_main,2007,,,,real_take_home_index,93.94080582877244,index,,,,調査産業計,5人以上,就業形態計,35,male,income_year,持家の帰属家賃を除く総合,1990
take_home_wage,annual_main,2008,,,,real_take_home_index,91.99571665065396,index,,,,調査産業計,5人以上,就業形態計,35,male,income_year,持家の帰属家賃を除く総合,1990
take_home_wage,annual_main,2009,,,,real_take_home_index,89.58999473032485,index,,,,調査産業計,5人以上,就業形態計,35,male,income_year,持家の帰属家賃を除く総合,1990
take_home_wage,annual_main,2010,,,,real_take_home_index,90.11169187856947,index,,,,調査産業計,5人以上,就業形態計,35,male,income_year,持家の帰属家賃を除く総合,1990
take_home_wage,annual_main,2011,,,,real_take_home_index,89.8618177078913,index,,,,調査産業計,5人以上,就業形態計,35,male,income_year,持家の帰属家賃を除く総合,1990
take_home_wage,annual_main,2012,,,,real_take_home_index,88.8623579263251,index,,,,調査産業計,5人以上,就業形態計,35,male,income_year,持家の帰属家賃を除く総合,1990
take_home_wage,annual_main,2013,,,,real_take_home_index,88.30784724741028,index,,,,調査産業計,5人以上,就業形態計,35,male,income_year,持家の帰属家賃を除く総合,1990
take_home_wage,annual_main,2014,,,,real_take_home_index,86.13287442975941,index,,,,調査産業計,5人以上,就業形態計,35,male,income_year,持家の帰属家賃を除く総合,1990
take_home_wage,annual_main,2015,,,,real_take_home_index,84.19231367934756,index,,,,調査産業計,5人以上,就業形態計,35,male,income_year,持家の帰属家賃を除く総合,1990
take_home_wage,annual_main,2016,,,,real_take_home_index,84.71927447667288,index,,,,調査産業計,5人以上,就業形態計,35,male,income_year,持家の帰属家賃を除く総合,1990
take_home_wage,annual_main,2017,,,,real_take_home_index,84.61096625906225,index,,,,調査産業計,5人以上,就業形態計,35,male,income_year,持家の帰属家賃を除く総合,1990
take_home_wage,annual_main,2018,,,,real_take_home_index,84.73143916223187,index,,,,調査産業計,5人以上,就業形態計,35,male,income_year,持家の帰属家賃を除く総合,1990
take_home_wage,annual_main,2019,,,,real_take_home_index,83.99077826872951,index,,,,調査産業計,5人以上,就業形態計,35,male,income_year,持家の帰属家賃を除く総合,1990
take_home_wage,annual_main,2020,,,,real_take_home_index,82.9772712335225,index,,,,調査産業計,5人以上,就業形態計,35,male,income_year,持家の帰属家賃を除く総合,1990
take_home_wage,annual_main,2021,,,,real_take_home_index,83.52092189038638,index,,,,調査産業計,5人以上,就業形態計,35,male,income_year,持家の帰属家賃を除く総合,1990
take_home_wage,annual_main,2022,,,,real_take_home_index,82.72965912799356,index,,,,調査産業計,5人以上,就業形態計,35,male,income_year,持家の帰属家賃を除く総合,1990
take_home_wage,annual_main,2023,,,,real_take_home_index,80.01262153817915,index,,,,調査産業計,5人以上,就業形態計,35,male,income_year,持家の帰属家賃を除く総合,1990
take_home_wage,annual_main,2024,,,,real_take_home_index,82.57521520624806,index,,,,調査産業計,5人以上,就業形態計,35,male,income_year,持家の帰属家賃を除く総合,1990
take_home_wage,annual_main,2025,,,,real_take_home_index,81.36013096783185,index,,,,調査産業計,5人以上,就業形態計,35,male,income_year,持家の帰属家賃を除く総合,1990
take_home_wage,annual_main,1990,,,,income_tax_rate,0.0496268719230704,ratio,,,,調査産業計,5人以上,就業形態計,35,male,income_year,持家の帰属家賃を除く総合,1990
take_home_wage,annual_main,1991,,,,income_tax_rate,0.0502908961866728,ratio,,,,調査産業計,5人以上,就業形態計,35,male,income_year,持家の帰属家賃を除く総合,1990
take_home_wage,annual_main,1992,,,,income_tax_rate,0.051006694865721,ratio,,,,調査産業計,5人以上,就業形態計,35,male,income_year,持家の帰属家賃を除く総合,1990
take_home_wage,annual_main,1993,,,,income_tax_rate,0.0505019443839945,ratio,,,,調査産業計,5人以上,就業形態計,35,male,income_year,持家の帰属家賃を除く総合,1990
take_home_wage,annual_main,1994,,,,income_tax_rate,0.0406847608338886,ratio,,,,調査産業計,5人以上,就業形態計,35,male,income_year,持家の帰属家賃を除く総合,1990
take_home_wage,annual_main,1995,,,,income_tax_rate,0.041386976744614,ratio,,,,調査産業計,5人以上,就業形態計,35,male,income_year,持家の帰属家賃を除く総合,1990
take_home_wage,annual_main,1996,,,,income_tax_rate,0.0415477944437692,ratio,,,,調査産業計,5人以上,就業形態計,35,male,income_year,持家の帰属家賃を除く総合,1990
take_home_wage,annual_main,1997,,,,income_tax_rate,0.0490834061055986,ratio,,,,調査産業計,5人以上,就業形態計,35,male,income_year,持家の帰属家賃を除く総合,1990
take_home_wage,annual_main,1998,,,,income_tax_rate,0.03996606183025,ratio,,,,調査産業計,5人以上,就業形態計,35,male,income_year,持家の帰属家賃を除く総合,1990
take_home_wage,annual_main,1999,,,,income_tax_rate,0.0379940373873584,ratio,,,,調査産業計,5人以上,就業形態計,35,male,income_year,持家の帰属家賃を除く総合,1990
take_home_wage,annual_main,2000,,,,income_tax_rate,0.0381127414764665,ratio,,,,調査産業計,5人以上,就業形態計,35,male,income_year,持家の帰属家賃を除く総合,1990
take_home_wage,annual_main,2001,,,,income_tax_rate,0.0377010922639921,ratio,,,,調査産業計,5人以上,就業形態計,35,male,income_year,持家の帰属家賃を除く総合,1990
take_home_wage,annual_main,2002,,,,income_tax_rate,0.0370513352805922,ratio,,,,調査産業計,5人以上,就業形態計,35,male,income_year,持家の帰属家賃を除く総合,1990
take_home_wage,annual_main,2003,,,,income_tax_rate,0.0364015029700261,ratio,,,,調査産業計,5人以上,就業形態計,35,male,income_year,持家の帰属家賃を除く総合,1990
take_home_wage,annual_main,2004,,,,income_tax_rate,0.0360623693927016,ratio,,,,調査産業計,5人以上,就業形態計,35,male,income_year,持家の帰属家賃を除く総合,1990
take_home_wage,annual_main,2005,,,,income_tax_rate,0.0359912190367468,ratio,,,,調査産業計,5人以上,就業形態計,35,male,income_year,持家の帰属家賃を除く総合,1990
take_home_wage,annual_main,2006,,,,income_tax_rate,0.0403651947453387,ratio,,,,調査産業計,5人以上,就業形態計,35,male,income_year,持家の帰属家賃を除く総合,1990
take_home_wage,annual_main,2007,,,,income_tax_rate,0.0224901769361722,ratio,,,,調査産業計,5人以上,就業形態計,35,male,income_year,持家の帰属家賃を除く総合,1990
take_home_wage,annual_main,2008,,,,income_tax_rate,0.0221347496223148,ratio,,,,調査産業計,5人以上,就業形態計,35,male,income_year,持家の帰属家賃を除く総合,1990
take_home_wage,annual_main,2009,,,,income_tax_rate,0.0217726868233597,ratio,,,,調査産業計,5人以上,就業形態計,35,male,income_year,持家の帰属家賃を除く総合,1990
take_home_wage,annual_main,2010,,,,income_tax_rate,0.0214785914758804,ratio,,,,調査産業計,5人以上,就業形態計,35,male,income_year,持家の帰属家賃を除く総合,1990
take_home_wage,annual_main,2011,,,,income_tax_rate,0.0212528642170248,ratio,,,,調査産業計,5人以上,就業形態計,35,male,income_year,持家の帰属家賃を除く総合,1990
take_home_wage,annual_main,2012,,,,income_tax_rate,0.0209948047112976,ratio,,,,調査産業計,5人以上,就業形態計,35,male,income_year,持家の帰属家賃を除く総合,1990
take_home_wage,annual_main,2013,,,,income_tax_rate,0.0213499671305512,ratio,,,,調査産業計,5人以上,就業形態計,35,male,income_year,持家の帰属家賃を除く総合,1990
take_home_wage,annual_main,2014,,,,income_tax_rate,0.0214051724723732,ratio,,,,調査産業計,5人以上,就業形態計,35,male,income_year,持家の帰属家賃を除く総合,1990
take_home_wage,annual_main,2015,,,,income_tax_rate,0.021130134688761,ratio,,,,調査産業計,5人以上,就業形態計,35,male,income_year,持家の帰属家賃を除く総合,1990
take_home_wage,annual_main,2016,,,,income_tax_rate,0.0211808911092225,ratio,,,,調査産業計,5人以上,就業形態計,35,male,income_year,持家の帰属家賃を除く総合,1990
take_home_wage,annual_main,2017,,,,income_tax_rate,0.0212355262779842,ratio,,,,調査産業計,5人以上,就業形態計,35,male,income_year,持家の帰属家賃を除く総合,1990
take_home_wage,annual_main,2018,,,,income_tax_rate,0.0214500159199336,ratio,,,,調査産業計,5人以上,就業形態計,35,male,income_year,持家の帰属家賃を除く総合,1990
take_home_wage,annual_main,2019,,,,income_tax_rate,0.0213875530647949,ratio,,,,調査産業計,5人以上,就業形態計,35,male,income_year,持家の帰属家賃を除く総合,1990
take_home_wage,annual_main,2020,,,,income_tax_rate,0.0212064368080909,ratio,,,,調査産業計,5人以上,就業形態計,35,male,income_year,持家の帰属家賃を除く総合,1990
take_home_wage,annual_main,2021,,,,income_tax_rate,0.0212738577178292,ratio,,,,調査産業計,5人以上,就業形態計,35,male,income_year,持家の帰属家賃を除く総合,1990
take_home_wage,annual_main,2022,,,,income_tax_rate,0.0215547916660266,ratio,,,,調査産業計,5人以上,就業形態計,35,male,income_year,持家の帰属家賃を除く総合,1990
take_home_wage,annual_main,2023,,,,income_tax_rate,0.0211990571226049,ratio,,,,調査産業計,5人以上,就業形態計,35,male,income_year,持家の帰属家賃を除く総合,1990
take_home_wage,annual_main,2024,,,,income_tax_rate,0.0147421384250841,ratio,,,,調査産業計,5人以上,就業形態計,35,male,income_year,持家の帰属家賃を除く総合,1990
take_home_wage,annual_main,2025,,,,income_tax_rate,0.0176913015502266,ratio,,,,調査産業計,5人以上,就業形態計,35,male,income_year,持家の帰属家賃を除く総合,1990
take_home_wage,annual_main,1990,,,,resident_tax_rate,0.0310199680255714,ratio,,,,調査産業計,5人以上,就業形態計,35,male,income_year,持家の帰属家賃を除く総合,1990
take_home_wage,annual_main,1991,,,,resident_tax_rate,0.0325596663142191,ratio,,,,調査産業計,5人以上,就業形態計,35,male,income_year,持家の帰属家賃を除く総合,1990
take_home_wage,annual_main,1992,,,,resident_tax_rate,0.0336331319769787,ratio,,,,調査産業計,5人以上,就業形態計,35,male,income_year,持家の帰属家賃を除く総合,1990
take_home_wage,annual_main,1993,,,,resident_tax_rate,0.0266584034289282,ratio,,,,調査産業計,5人以上,就業形態計,35,male,income_year,持家の帰属家賃を除く総合,1990
take_home_wage,annual_main,1994,,,,resident_tax_rate,0.0246482618553135,ratio,,,,調査産業計,5人以上,就業形態計,35,male,income_year,持家の帰属家賃を除く総合,1990
take_home_wage,annual_main,1995,,,,resident_tax_rate,0.0236036899054886,ratio,,,,調査産業計,5人以上,就業形態計,35,male,income_year,持家の帰属家賃を除く総合,1990
take_home_wage,annual_main,1996,,,,resident_tax_rate,0.0280253783597104,ratio,,,,調査産業計,5人以上,就業形態計,35,male,income_year,持家の帰属家賃を除く総合,1990
take_home_wage,annual_main,1997,,,,resident_tax_rate,0.0247324707491402,ratio,,,,調査産業計,5人以上,就業形態計,35,male,income_year,持家の帰属家賃を除く総合,1990
take_home_wage,annual_main,1998,,,,resident_tax_rate,0.0237248733573994,ratio,,,,調査産業計,5人以上,就業形態計,35,male,income_year,持家の帰属家賃を除く総合,1990
take_home_wage,annual_main,1999,,,,resident_tax_rate,0.0221789014773599,ratio,,,,調査産業計,5人以上,就業形態計,35,male,income_year,持家の帰属家賃を除く総合,1990
take_home_wage,annual_main,2000,,,,resident_tax_rate,0.0223751109960301,ratio,,,,調査産業計,5人以上,就業形態計,35,male,income_year,持家の帰属家賃を除く総合,1990
take_home_wage,annual_main,2001,,,,resident_tax_rate,0.0217332917015838,ratio,,,,調査産業計,5人以上,就業形態計,35,male,income_year,持家の帰属家賃を除く総合,1990
take_home_wage,annual_main,2002,,,,resident_tax_rate,0.0210507914077807,ratio,,,,調査産業計,5人以上,就業形態計,35,male,income_year,持家の帰属家賃を除く総合,1990
take_home_wage,annual_main,2003,,,,resident_tax_rate,0.0208217572246499,ratio,,,,調査産業計,5人以上,就業形態計,35,male,income_year,持家の帰属家賃を除く総合,1990
take_home_wage,annual_main,2004,,,,resident_tax_rate,0.0206820939582276,ratio,,,,調査産業計,5人以上,就業形態計,35,male,income_year,持家の帰属家賃を除く総合,1990
take_home_wage,annual_main,2005,,,,resident_tax_rate,0.0223796330932428,ratio,,,,調査産業計,5人以上,就業形態計,35,male,income_year,持家の帰属家賃を除く総合,1990
take_home_wage,annual_main,2006,,,,resident_tax_rate,0.0464608595135114,ratio,,,,調査産業計,5人以上,就業形態計,35,male,income_year,持家の帰属家賃を除く総合,1990
take_home_wage,annual_main,2007,,,,resident_tax_rate,0.0466444252599985,ratio,,,,調査産業計,5人以上,就業形態計,35,male,income_year,持家の帰属家賃を除く総合,1990
take_home_wage,annual_main,2008,,,,resident_tax_rate,0.0459277211232594,ratio,,,,調査産業計,5人以上,就業形態計,35,male,income_year,持家の帰属家賃を除く総合,1990
take_home_wage,annual_main,2009,,,,resident_tax_rate,0.0452850798577869,ratio,,,,調査産業計,5人以上,就業形態計,35,male,income_year,持家の帰属家賃を除く総合,1990
take_home_wage,annual_main,2010,,,,resident_tax_rate,0.0446859476315269,ratio,,,,調査産業計,5人以上,就業形態計,35,male,income_year,持家の帰属家賃を除く総合,1990
take_home_wage,annual_main,2011,,,,resident_tax_rate,0.0442374432961775,ratio,,,,調査産業計,5人以上,就業形態計,35,male,income_year,持家の帰属家賃を除く総合,1990
take_home_wage,annual_main,2012,,,,resident_tax_rate,0.0437347695119474,ratio,,,,調査産業計,5人以上,就業形態計,35,male,income_year,持家の帰属家賃を除く総合,1990
take_home_wage,annual_main,2013,,,,resident_tax_rate,0.0438083379934672,ratio,,,,調査産業計,5人以上,就業形態計,35,male,income_year,持家の帰属家賃を除く総合,1990
take_home_wage,annual_main,2014,,,,resident_tax_rate,0.0439080460971758,ratio,,,,調査産業計,5人以上,就業形態計,35,male,income_year,持家の帰属家賃を除く総合,1990
take_home_wage,annual_main,2015,,,,resident_tax_rate,0.0433960141170429,ratio,,,,調査産業計,5人以上,就業形態計,35,male,income_year,持家の帰属家賃を除く総合,1990
take_home_wage,annual_main,2016,,,,resident_tax_rate,0.0434641334285904,ratio,,,,調査産業計,5人以上,就業形態計,35,male,income_year,持家の帰属家賃を除く総合,1990
take_home_wage,annual_main,2017,,,,resident_tax_rate,0.0435942107723932,ratio,,,,調査産業計,5人以上,就業形態計,35,male,income_year,持家の帰属家賃を除く総合,1990
take_home_wage,annual_main,2018,,,,resident_tax_rate,0.0439570638743833,ratio,,,,調査産業計,5人以上,就業形態計,35,male,income_year,持家の帰属家賃を除く総合,1990
take_home_wage,annual_main,2019,,,,resident_tax_rate,0.0438612938305831,ratio,,,,調査産業計,5人以上,就業形態計,35,male,income_year,持家の帰属家賃を除く総合,1990
take_home_wage,annual_main,2020,,,,resident_tax_rate,0.0435124666358606,ratio,,,,調査産業計,5人以上,就業形態計,35,male,income_year,持家の帰属家賃を除く総合,1990
take_home_wage,annual_main,2021,,,,resident_tax_rate,0.0436440369376816,ratio,,,,調査産業計,5人以上,就業形態計,35,male,income_year,持家の帰属家賃を除く総合,1990
take_home_wage,annual_main,2022,,,,resident_tax_rate,0.0441847629638504,ratio,,,,調査産業計,5人以上,就業形態計,35,male,income_year,持家の帰属家賃を除く総合,1990
take_home_wage,annual_main,2023,,,,resident_tax_rate,0.0409308764014018,ratio,,,,調査産業計,5人以上,就業形態計,35,male,income_year,持家の帰属家賃を除く総合,1990
take_home_wage,annual_main,2024,,,,resident_tax_rate,0.0450653987628589,ratio,,,,調査産業計,5人以上,就業形態計,35,male,income_year,持家の帰属家賃を除く総合,1990
take_home_wage,annual_main,2025,,,,resident_tax_rate,0.0457864943432356,ratio,,,,調査産業計,5人以上,就業形態計,35,male,income_year,持家の帰属家賃を除く総合,1990
take_home_wage,annual_main,1990,,,,pension_rate_effective,0.0522719461196863,ratio,,,,調査産業計,5人以上,就業形態計,35,male,income_year,持家の帰属家賃を除く総合,1990
take_home_wage,annual_main,1991,,,,pension_rate_effective,0.0547176561684723,ratio,,,,調査産業計,5人以上,就業形態計,35,male,income_year,持家の帰属家賃を除く総合,1990
take_home_wage,annual_main,1992,,,,pension_rate_effective,0.0536139143988202,ratio,,,,調査産業計,5人以上,就業形態計,35,male,income_year,持家の帰属家賃を除く総合,1990
take_home_wage,annual_main,1993,,,,pension_rate_effective,0.0576218906414101,ratio,,,,調査産業計,5人以上,就業形態計,35,male,income_year,持家の帰属家賃を除く総合,1990
take_home_wage,annual_main,1994,,,,pension_rate_effective,0.0580013867265735,ratio,,,,調査産業計,5人以上,就業形態計,35,male,income_year,持家の帰属家賃を除く総合,1990
take_home_wage,annual_main,1995,,,,pension_rate_effective,0.0648839209179764,ratio,,,,調査産業計,5人以上,就業形態計,35,male,income_year,持家の帰属家賃を除く総合,1990
take_home_wage,annual_main,1996,,,,pension_rate_effective,0.0651260537736092,ratio,,,,調査産業計,5人以上,就業形態計,35,male,income_year,持家の帰属家賃を除く総合,1990
take_home_wage,annual_main,1997,,,,pension_rate_effective,0.0665307951803551,ratio,,,,調査産業計,5人以上,就業形態計,35,male,income_year,持家の帰属家賃を除く総合,1990
take_home_wage,annual_main,1998,,,,pension_rate_effective,0.0673734085796239,ratio,,,,調査産業計,5人以上,就業形態計,35,male,income_year,持家の帰属家賃を除く総合,1990
take_home_wage,annual_main,1999,,,,pension_rate_effective,0.0697223583360968,ratio,,,,調査産業計,5人以上,就業形態計,35,male,income_year,持家の帰属家賃を除く総合,1990
take_home_wage,annual_main,2000,,,,pension_rate_effective,0.0693691766662773,ratio,,,,調査産業計,5人以上,就業形態計,35,male,income_year,持家の帰属家賃を除く総合,1990
take_home_wage,annual_main,2001,,,,pension_rate_effective,0.0701444362298717,ratio,,,,調査産業計,5人以上,就業形態計,35,male,income_year,持家の帰属家賃を除く総合,1990
take_home_wage,annual_main,2002,,,,pension_rate_effective,0.0717086589893192,ratio,,,,調査産業計,5人以上,就業形態計,35,male,income_year,持家の帰属家賃を除く総合,1990
take_home_wage,annual_main,2003,,,,pension_rate_effective,0.0720009538022747,ratio,,,,調査産業計,5人以上,就業形態計,35,male,income_year,持家の帰属家賃を除く総合,1990
take_home_wage,annual_main,2004,,,,pension_rate_effective,0.0699849673437989,ratio,,,,調査産業計,5人以上,就業形態計,35,male,income_year,持家の帰属家賃を除く総合,1990
take_home_wage,annual_main,2005,,,,pension_rate_effective,0.0716760581641944,ratio,,,,調査産業計,5人以上,就業形態計,35,male,income_year,持家の帰属家賃を除く総合,1990
take_home_wage,annual_main,2006,,,,pension_rate_effective,0.0735192924073043,ratio,,,,調査産業計,5人以上,就業形態計,35,male,income_year,持家の帰属家賃を除く総合,1990
take_home_wage,annual_main,2007,,,,pension_rate_effective,0.0716178429802409,ratio,,,,調査産業計,5人以上,就業形態計,35,male,income_year,持家の帰属家賃を除く総合,1990
take_home_wage,annual_main,2008,,,,pension_rate_effective,0.0776713439410959,ratio,,,,調査産業計,5人以上,就業形態計,35,male,income_year,持家の帰属家賃を除く総合,1990
take_home_wage,annual_main,2009,,,,pension_rate_effective,0.076619998608235,ratio,,,,調査産業計,5人以上,就業形態計,35,male,income_year,持家の帰属家賃を除く総合,1990
take_home_wage,annual_main,2010,,,,pension_rate_effective,0.0781706657446588,ratio,,,,調査産業計,5人以上,就業形態計,35,male,income_year,持家の帰属家賃を除く総合,1990
take_home_wage,annual_main,2011,,,,pension_rate_effective,0.0801401036037773,ratio,,,,調査産業計,5人以上,就業形態計,35,male,income_year,持家の帰属家賃を除く総合,1990
take_home_wage,annual_main,2012,,,,pension_rate_effective,0.0820022565448791,ratio,,,,調査産業計,5人以上,就業形態計,35,male,income_year,持家の帰属家賃を除く総合,1990
take_home_wage,annual_main,2013,,,,pension_rate_effective,0.0839974000015306,ratio,,,,調査産業計,5人以上,就業形態計,35,male,income_year,持家の帰属家賃を除く総合,1990
take_home_wage,annual_main,2014,,,,pension_rate_effective,0.0854719043390035,ratio,,,,調査産業計,5人以上,就業形態計,35,male,income_year,持家の帰属家賃を除く総合,1990
take_home_wage,annual_main,2015,,,,pension_rate_effective,0.0878239685456815,ratio,,,,調査産業計,5人以上,就業形態計,35,male,income_year,持家の帰属家賃を除く総合,1990
take_home_wage,annual_main,2016,,,,pension_rate_effective,0.0894044757558848,ratio,,,,調査産業計,5人以上,就業形態計,35,male,income_year,持家の帰属家賃を除く総合,1990
take_home_wage,annual_main,2017,,,,pension_rate_effective,0.0903985095951667,ratio,,,,調査産業計,5人以上,就業形態計,35,male,income_year,持家の帰属家賃を除く総合,1990
take_home_wage,annual_main,2018,,,,pension_rate_effective,0.0901604497284587,ratio,,,,調査産業計,5人以上,就業形態計,35,male,income_year,持家の帰属家賃を除く総合,1990
take_home_wage,annual_main,2019,,,,pension_rate_effective,0.0902994386737131,ratio,,,,調査産業計,5人以上,就業形態計,35,male,income_year,持家の帰属家賃を除く総合,1990
take_home_wage,annual_main,2020,,,,pension_rate_effective,0.090791039364121,ratio,,,,調査産業計,5人以上,就業形態計,35,male,income_year,持家の帰属家賃を除く総合,1990
take_home_wage,annual_main,2021,,,,pension_rate_effective,0.0904253805736528,ratio,,,,調査産業計,5人以上,就業形態計,35,male,income_year,持家の帰属家賃を除く総合,1990
take_home_wage,annual_main,2022,,,,pension_rate_effective,0.0893842907039969,ratio,,,,調査産業計,5人以上,就業形態計,35,male,income_year,持家の帰属家賃を除く総合,1990
take_home_wage,annual_main,2023,,,,pension_rate_effective,0.0942080533143638,ratio,,,,調査産業計,5人以上,就業形態計,35,male,income_year,持家の帰属家賃を除く総合,1990
take_home_wage,annual_main,2024,,,,pension_rate_effective,0.0909798488151755,ratio,,,,調査産業計,5人以上,就業形態計,35,male,income_year,持家の帰属家賃を除く総合,1990
take_home_wage,annual_main,2025,,,,pension_rate_effective,0.0895782065659801,ratio,,,,調査産業計,5人以上,就業形態計,35,male,income_year,持家の帰属家賃を除く総合,1990
take_home_wage,annual_main,1990,,,,health_insurance_rate_effective,0.0314257660688257,ratio,,,,調査産業計,5人以上,就業形態計,35,male,income_year,持家の帰属家賃を除く総合,1990
take_home_wage,annual_main,1991,,,,health_insurance_rate_effective,0.0324279762522469,ratio,,,,調査産業計,5人以上,就業形態計,35,male,income_year,持家の帰属家賃を除く総合,1990
take_home_wage,annual_main,1992,,,,health_insurance_rate_effective,0.0312220701607516,ratio,,,,調査産業計,5人以上,就業形態計,35,male,income_year,持家の帰属家賃を除く総合,1990
take_home_wage,annual_main,1993,,,,health_insurance_rate_effective,0.0332769256970924,ratio,,,,調査産業計,5人以上,就業形態計,35,male,income_year,持家の帰属家賃を除く総合,1990
take_home_wage,annual_main,1994,,,,health_insurance_rate_effective,0.0327412707563851,ratio,,,,調査産業計,5人以上,就業形態計,35,male,income_year,持家の帰属家賃を除く総合,1990
take_home_wage,annual_main,1995,,,,health_insurance_rate_effective,0.0323599686940533,ratio,,,,調査産業計,5人以上,就業形態計,35,male,income_year,持家の帰属家賃を除く総合,1990
take_home_wage,annual_main,1996,,,,health_insurance_rate_effective,0.0320745324561929,ratio,,,,調査産業計,5人以上,就業形態計,35,male,income_year,持家の帰属家賃を除く総合,1990
take_home_wage,annual_main,1997,,,,health_insurance_rate_effective,0.0319627908730449,ratio,,,,調査産業計,5人以上,就業形態計,35,male,income_year,持家の帰属家賃を除く総合,1990
take_home_wage,annual_main,1998,,,,health_insurance_rate_effective,0.0331250639752697,ratio,,,,調査産業計,5人以上,就業形態計,35,male,income_year,持家の帰属家賃を除く総合,1990
take_home_wage,annual_main,1999,,,,health_insurance_rate_effective,0.0342704331673804,ratio,,,,調査産業計,5人以上,就業形態計,35,male,income_year,持家の帰属家賃を除く総合,1990
take_home_wage,annual_main,2000,,,,health_insurance_rate_effective,0.0340955881628626,ratio,,,,調査産業計,5人以上,就業形態計,35,male,income_year,持家の帰属家賃を除く総合,1990
take_home_wage,annual_main,2001,,,,health_insurance_rate_effective,0.0344733662780931,ratio,,,,調査産業計,5人以上,就業形態計,35,male,income_year,持家の帰属家賃を除く総合,1990
take_home_wage,annual_main,2002,,,,health_insurance_rate_effective,0.0352342173694523,ratio,,,,調査産業計,5人以上,就業形態計,35,male,income_year,持家の帰属家賃を除く総合,1990
take_home_wage,annual_main,2003,,,,health_insurance_rate_effective,0.0414523638911719,ratio,,,,調査産業計,5人以上,就業形態計,35,male,income_year,持家の帰属家賃を除く総合,1990
take_home_wage,annual_main,2004,,,,health_insurance_rate_effective,0.0419368843513325,ratio,,,,調査産業計,5人以上,就業形態計,35,male,income_year,持家の帰属家賃を除く総合,1990
take_home_wage,annual_main,2005,,,,health_insurance_rate_effective,0.0417945236714918,ratio,,,,調査産業計,5人以上,就業形態計,35,male,income_year,持家の帰属家賃を除く総合,1990
take_home_wage,annual_main,2006,,,,health_insurance_rate_effective,0.0418162603096647,ratio,,,,調査産業計,5人以上,就業形態計,35,male,income_year,持家の帰属家賃を除く総合,1990
take_home_wage,annual_main,2007,,,,health_insurance_rate_effective,0.0397576910353953,ratio,,,,調査産業計,5人以上,就業形態計,35,male,income_year,持家の帰属家賃を除く総合,1990
take_home_wage,annual_main,2008,,,,health_insurance_rate_effective,0.0421107958535408,ratio,,,,調査産業計,5人以上,就業形態計,35,male,income_year,持家の帰属家賃を除く総合,1990
take_home_wage,annual_main,2009,,,,health_insurance_rate_effective,0.0405920905575073,ratio,,,,調査産業計,5人以上,就業形態計,35,male,income_year,持家の帰属家賃を除く総合,1990
take_home_wage,annual_main,2010,,,,health_insurance_rate_effective,0.0453394730672869,ratio,,,,調査産業計,5人以上,就業形態計,35,male,income_year,持家の帰属家賃を除く総合,1990
take_home_wage,annual_main,2011,,,,health_insurance_rate_effective,0.0469265865722304,ratio,,,,調査産業計,5人以上,就業形態計,35,male,income_year,持家の帰属家賃を除く総合,1990
take_home_wage,annual_main,2012,,,,health_insurance_rate_effective,0.0492346679753604,ratio,,,,調査産業計,5人以上,就業形態計,35,male,income_year,持家の帰属家賃を除く総合,1990
take_home_wage,annual_main,2013,,,,health_insurance_rate_effective,0.0497198245660797,ratio,,,,調査産業計,5人以上,就業形態計,35,male,income_year,持家の帰属家賃を除く総合,1990
take_home_wage,annual_main,2014,,,,health_insurance_rate_effective,0.0495533663096698,ratio,,,,調査産業計,5人以上,就業形態計,35,male,income_year,持家の帰属家賃を除く総合,1990
take_home_wage,annual_main,2015,,,,health_insurance_rate_effective,0.049893530533837,ratio,,,,調査産業計,5人以上,就業形態計,35,male,income_year,持家の帰属家賃を除く総合,1990
take_home_wage,annual_main,2016,,,,health_insurance_rate_effective,0.0497895296582343,ratio,,,,調査産業計,5人以上,就業形態計,35,male,income_year,持家の帰属家賃を除く総合,1990
take_home_wage,annual_main,2017,,,,health_insurance_rate_effective,0.0496018012323396,ratio,,,,調査産業計,5人以上,就業形態計,35,male,income_year,持家の帰属家賃を除く総合,1990
take_home_wage,annual_main,2018,,,,health_insurance_rate_effective,0.0492680053160976,ratio,,,,調査産業計,5人以上,就業形態計,35,male,income_year,持家の帰属家賃を除く総合,1990
take_home_wage,annual_main,2019,,,,health_insurance_rate_effective,0.049343955559406,ratio,,,,調査産業計,5人以上,就業形態計,35,male,income_year,持家の帰属家賃を除く総合,1990
take_home_wage,annual_main,2020,,,,health_insurance_rate_effective,0.0496125898164596,ratio,,,,調査産業計,5人以上,就業形態計,35,male,income_year,持家の帰属家賃を除く総合,1990
take_home_wage,annual_main,2021,,,,health_insurance_rate_effective,0.0494127762697556,ratio,,,,調査産業計,5人以上,就業形態計,35,male,income_year,持家の帰属家賃を除く総合,1990
take_home_wage,annual_main,2022,,,,health_insurance_rate_effective,0.0488438747016376,ratio,,,,調査産業計,5人以上,就業形態計,35,male,income_year,持家の帰属家賃を除く総合,1990
take_home_wage,annual_main,2023,,,,health_insurance_rate_effective,0.0514798105542971,ratio,,,,調査産業計,5人以上,就業形態計,35,male,income_year,持家の帰属家賃を除く総合,1990
take_home_wage,annual_main,2024,,,,health_insurance_rate_effective,0.0497157643798773,ratio,,,,調査産業計,5人以上,就業形態計,35,male,income_year,持家の帰属家賃を除く総合,1990
take_home_wage,annual_main,2025,,,,health_insurance_rate_effective,0.048949839653541,ratio,,,,調査産業計,5人以上,就業形態計,35,male,income_year,持家の帰属家賃を除く総合,1990
take_home_wage,annual_main,1990,,,,employment_insurance_rate_effective,0.0055,ratio,,,,調査産業計,5人以上,就業形態計,35,male,income_year,持家の帰属家賃を除く総合,1990
take_home_wage,annual_main,1991,,,,employment_insurance_rate_effective,0.0055,ratio,,,,調査産業計,5人以上,就業形態計,35,male,income_year,持家の帰属家賃を除く総合,1990
take_home_wage,annual_main,1992,,,,employment_insurance_rate_effective,0.0046901982648242,ratio,,,,調査産業計,5人以上,就業形態計,35,male,income_year,持家の帰属家賃を除く総合,1990
take_home_wage,annual_main,1993,,,,employment_insurance_rate_effective,0.0040962142169478,ratio,,,,調査産業計,5人以上,就業形態計,35,male,income_year,持家の帰属家賃を除く総合,1990
take_home_wage,annual_main,1994,,,,employment_insurance_rate_effective,0.0039999999999999,ratio,,,,調査産業計,5人以上,就業形態計,35,male,income_year,持家の帰属家賃を除く総合,1990
take_home_wage,annual_main,1995,,,,employment_insurance_rate_effective,0.004,ratio,,,,調査産業計,5人以上,就業形態計,35,male,income_year,持家の帰属家賃を除く総合,1990
take_home_wage,annual_main,1996,,,,employment_insurance_rate_effective,0.004,ratio,,,,調査産業計,5人以上,就業形態計,35,male,income_year,持家の帰属家賃を除く総合,1990
take_home_wage,annual_main,1997,,,,employment_insurance_rate_effective,0.0039999999999999,ratio,,,,調査産業計,5人以上,就業形態計,35,male,income_year,持家の帰属家賃を除く総合,1990
take_home_wage,annual_main,1998,,,,employment_insurance_rate_effective,0.0039999999999999,ratio,,,,調査産業計,5人以上,就業形態計,35,male,income_year,持家の帰属家賃を除く総合,1990
take_home_wage,annual_main,1999,,,,employment_insurance_rate_effective,0.004,ratio,,,,調査産業計,5人以上,就業形態計,35,male,income_year,持家の帰属家賃を除く総合,1990
take_home_wage,annual_main,2000,,,,employment_insurance_rate_effective,0.004,ratio,,,,調査産業計,5人以上,就業形態計,35,male,income_year,持家の帰属家賃を除く総合,1990
take_home_wage,annual_main,2001,,,,employment_insurance_rate_effective,0.0055987160037696,ratio,,,,調査産業計,5人以上,就業形態計,35,male,income_year,持家の帰属家賃を除く総合,1990
take_home_wage,annual_main,2002,,,,employment_insurance_rate_effective,0.0062968685430278,ratio,,,,調査産業計,5人以上,就業形態計,35,male,income_year,持家の帰属家賃を除く総合,1990
take_home_wage,annual_main,2003,,,,employment_insurance_rate_effective,0.007,ratio,,,,調査産業計,5人以上,就業形態計,35,male,income_year,持家の帰属家賃を除く総合,1990
take_home_wage,annual_main,2004,,,,employment_insurance_rate_effective,0.007,ratio,,,,調査産業計,5人以上,就業形態計,35,male,income_year,持家の帰属家賃を除く総合,1990
take_home_wage,annual_main,2005,,,,employment_insurance_rate_effective,0.0077963199413211,ratio,,,,調査産業計,5人以上,就業形態計,35,male,income_year,持家の帰属家賃を除く総合,1990
take_home_wage,annual_main,2006,,,,employment_insurance_rate_effective,0.008,ratio,,,,調査産業計,5人以上,就業形態計,35,male,income_year,持家の帰属家賃を除く総合,1990
take_home_wage,annual_main,2007,,,,employment_insurance_rate_effective,0.0064083616057381,ratio,,,,調査産業計,5人以上,就業形態計,35,male,income_year,持家の帰属家賃を除く総合,1990
take_home_wage,annual_main,2008,,,,employment_insurance_rate_effective,0.006,ratio,,,,調査産業計,5人以上,就業形態計,35,male,income_year,持家の帰属家賃を除く総合,1990
take_home_wage,annual_main,2009,,,,employment_insurance_rate_effective,0.0044160860616847,ratio,,,,調査産業計,5人以上,就業形態計,35,male,income_year,持家の帰属家賃を除く総合,1990
take_home_wage,annual_main,2010,,,,employment_insurance_rate_effective,0.005585200857572,ratio,,,,調査産業計,5人以上,就業形態計,35,male,income_year,持家の帰属家賃を除く総合,1990
take_home_wage,annual_main,2011,,,,employment_insurance_rate_effective,0.006,ratio,,,,調査産業計,5人以上,就業形態計,35,male,income_year,持家の帰属家賃を除く総合,1990
take_home_wage,annual_main,2012,,,,employment_insurance_rate_effective,0.0052082620505948,ratio,,,,調査産業計,5人以上,就業形態計,35,male,income_year,持家の帰属家賃を除く総合,1990
take_home_wage,annual_main,2013,,,,employment_insurance_rate_effective,0.005,ratio,,,,調査産業計,5人以上,就業形態計,35,male,income_year,持家の帰属家賃を除く総合,1990
take_home_wage,annual_main,2014,,,,employment_insurance_rate_effective,0.005,ratio,,,,調査産業計,5人以上,就業形態計,35,male,income_year,持家の帰属家賃を除く総合,1990
take_home_wage,annual_main,2015,,,,employment_insurance_rate_effective,0.005,ratio,,,,調査産業計,5人以上,就業形態計,35,male,income_year,持家の帰属家賃を除く総合,1990
take_home_wage,annual_main,2016,,,,employment_insurance_rate_effective,0.0042056529357449,ratio,,,,調査産業計,5人以上,就業形態計,35,male,income_year,持家の帰属家賃を除く総合,1990
take_home_wage,annual_main,2017,,,,employment_insurance_rate_effective,0.0032056174888794,ratio,,,,調査産業計,5人以上,就業形態計,35,male,income_year,持家の帰属家賃を除く総合,1990
take_home_wage,annual_main,2018,,,,employment_insurance_rate_effective,0.003,ratio,,,,調査産業計,5人以上,就業形態計,35,male,income_year,持家の帰属家賃を除く総合,1990
take_home_wage,annual_main,2019,,,,employment_insurance_rate_effective,0.003,ratio,,,,調査産業計,5人以上,就業形態計,35,male,income_year,持家の帰属家賃を除く総合,1990
take_home_wage,annual_main,2020,,,,employment_insurance_rate_effective,0.003,ratio,,,,調査産業計,5人以上,就業形態計,35,male,income_year,持家の帰属家賃を除く総合,1990
take_home_wage,annual_main,2021,,,,employment_insurance_rate_effective,0.0029999999999999,ratio,,,,調査産業計,5人以上,就業形態計,35,male,income_year,持家の帰属家賃を除く総合,1990
take_home_wage,annual_main,2022,,,,employment_insurance_rate_effective,0.0035891956222781,ratio,,,,調査産業計,5人以上,就業形態計,35,male,income_year,持家の帰属家賃を除く総合,1990
take_home_wage,annual_main,2023,,,,employment_insurance_rate_effective,0.0057949268227774,ratio,,,,調査産業計,5人以上,就業形態計,35,male,income_year,持家の帰属家賃を除く総合,1990
take_home_wage,annual_main,2024,,,,employment_insurance_rate_effective,0.006,ratio,,,,調査産業計,5人以上,就業形態計,35,male,income_year,持家の帰属家賃を除く総合,1990
take_home_wage,annual_main,2025,,,,employment_insurance_rate_effective,0.0056010190892658,ratio,,,,調査産業計,5人以上,就業形態計,35,male,income_year,持家の帰属家賃を除く総合,1990
take_home_wage,annual_main,1990,,,,component_burden_rate_sum,0.1698445521371539,value,,,,調査産業計,5人以上,就業形態計,35,male,income_year,持家の帰属家賃を除く総合,1990
take_home_wage,annual_main,1991,,,,component_burden_rate_sum,0.1754961949216112,value,,,,調査産業計,5人以上,就業形態計,35,male,income_year,持家の帰属家賃を除く総合,1990
take_home_wage,annual_main,1992,,,,component_burden_rate_sum,0.174166009667096,value,,,,調査産業計,5人以上,就業形態計,35,male,income_year,持家の帰属家賃を除く総合,1990
take_home_wage,annual_main,1993,,,,component_burden_rate_sum,0.1721553783683732,value,,,,調査産業計,5人以上,就業形態計,35,male,income_year,持家の帰属家賃を除く総合,1990
take_home_wage,annual_main,1994,,,,component_burden_rate_sum,0.1600756801721608,value,,,,調査産業計,5人以上,就業形態計,35,male,income_year,持家の帰属家賃を除く総合,1990
take_home_wage,annual_main,1995,,,,component_burden_rate_sum,0.1662345562621325,value,,,,調査産業計,5人以上,就業形態計,35,male,income_year,持家の帰属家賃を除く総合,1990
take_home_wage,annual_main,1996,,,,component_burden_rate_sum,0.1707737590332818,value,,,,調査産業計,5人以上,就業形態計,35,male,income_year,持家の帰属家賃を除く総合,1990
take_home_wage,annual_main,1997,,,,component_burden_rate_sum,0.176309462908139,value,,,,調査産業計,5人以上,就業形態計,35,male,income_year,持家の帰属家賃を除く総合,1990
take_home_wage,annual_main,1998,,,,component_burden_rate_sum,0.168189407742543,value,,,,調査産業計,5人以上,就業形態計,35,male,income_year,持家の帰属家賃を除く総合,1990
take_home_wage,annual_main,1999,,,,component_burden_rate_sum,0.1681657303681957,value,,,,調査産業計,5人以上,就業形態計,35,male,income_year,持家の帰属家賃を除く総合,1990
take_home_wage,annual_main,2000,,,,component_burden_rate_sum,0.1679526173016367,value,,,,調査産業計,5人以上,就業形態計,35,male,income_year,持家の帰属家賃を除く総合,1990
take_home_wage,annual_main,2001,,,,component_burden_rate_sum,0.1696509024773105,value,,,,調査産業計,5人以上,就業形態計,35,male,income_year,持家の帰属家賃を除く総合,1990
take_home_wage,annual_main,2002,,,,component_burden_rate_sum,0.1713418715901724,value,,,,調査産業計,5人以上,就業形態計,35,male,income_year,持家の帰属家賃を除く総合,1990
take_home_wage,annual_main,2003,,,,component_burden_rate_sum,0.1776765778881228,value,,,,調査産業計,5人以上,就業形態計,35,male,income_year,持家の帰属家賃を除く総合,1990
take_home_wage,annual_main,2004,,,,component_burden_rate_sum,0.1756663150460607,value,,,,調査産業計,5人以上,就業形態計,35,male,income_year,持家の帰属家賃を除く総合,1990
take_home_wage,annual_main,2005,,,,component_burden_rate_sum,0.1796377539069971,value,,,,調査産業計,5人以上,就業形態計,35,male,income_year,持家の帰属家賃を除く総合,1990
take_home_wage,annual_main,2006,,,,component_burden_rate_sum,0.2101616069758193,value,,,,調査産業計,5人以上,就業形態計,35,male,income_year,持家の帰属家賃を除く総合,1990
take_home_wage,annual_main,2007,,,,component_burden_rate_sum,0.1869184978175451,value,,,,調査産業計,5人以上,就業形態計,35,male,income_year,持家の帰属家賃を除く総合,1990
take_home_wage,annual_main,2008,,,,component_burden_rate_sum,0.193844610540211,value,,,,調査産業計,5人以上,就業形態計,35,male,income_year,持家の帰属家賃を除く総合,1990
take_home_wage,annual_main,2009,,,,component_burden_rate_sum,0.1886859419085736,value,,,,調査産業計,5人以上,就業形態計,35,male,income_year,持家の帰属家賃を除く総合,1990
take_home_wage,annual_main,2010,,,,component_burden_rate_sum,0.1952598787769251,value,,,,調査産業計,5人以上,就業形態計,35,male,income_year,持家の帰属家賃を除く総合,1990
take_home_wage,annual_main,2011,,,,component_burden_rate_sum,0.1985569976892102,value,,,,調査産業計,5人以上,就業形態計,35,male,income_year,持家の帰属家賃を除く総合,1990
take_home_wage,annual_main,2012,,,,component_burden_rate_sum,0.2011747607940795,value,,,,調査産業計,5人以上,就業形態計,35,male,income_year,持家の帰属家賃を除く総合,1990
take_home_wage,annual_main,2013,,,,component_burden_rate_sum,0.2038755296916289,value,,,,調査産業計,5人以上,就業形態計,35,male,income_year,持家の帰属家賃を除く総合,1990
take_home_wage,annual_main,2014,,,,component_burden_rate_sum,0.2053384892182224,value,,,,調査産業計,5人以上,就業形態計,35,male,income_year,持家の帰属家賃を除く総合,1990
take_home_wage,annual_main,2015,,,,component_burden_rate_sum,0.2072436478853225,value,,,,調査産業計,5人以上,就業形態計,35,male,income_year,持家の帰属家賃を除く総合,1990
take_home_wage,annual_main,2016,,,,component_burden_rate_sum,0.2080446828876772,value,,,,調査産業計,5人以上,就業形態計,35,male,income_year,持家の帰属家賃を除く総合,1990
take_home_wage,annual_main,2017,,,,component_burden_rate_sum,0.2080356653667633,value,,,,調査産業計,5人以上,就業形態計,35,male,income_year,持家の帰属家賃を除く総合,1990
take_home_wage,annual_main,2018,,,,component_burden_rate_sum,0.2078355348388735,value,,,,調査産業計,5人以上,就業形態計,35,male,income_year,持家の帰属家賃を除く総合,1990
take_home_wage,annual_main,2019,,,,component_burden_rate_sum,0.2078922411284973,value,,,,調査産業計,5人以上,就業形態計,35,male,income_year,持家の帰属家賃を除く総合,1990
take_home_wage,annual_main,2020,,,,component_burden_rate_sum,0.2081225326245321,value,,,,調査産業計,5人以上,就業形態計,35,male,income_year,持家の帰属家賃を除く総合,1990
take_home_wage,annual_main,2021,,,,component_burden_rate_sum,0.2077560514989194,value,,,,調査産業計,5人以上,就業形態計,35,male,income_year,持家の帰属家賃を除く総合,1990
take_home_wage,annual_main,2022,,,,component_burden_rate_sum,0.2075569156577897,value,,,,調査産業計,5人以上,就業形態計,35,male,income_year,持家の帰属家賃を除く総合,1990
take_home_wage,annual_main,2023,,,,component_burden_rate_sum,0.2136127242154451,value,,,,調査産業計,5人以上,就業形態計,35,male,income_year,持家の帰属家賃を除く総合,1990
take_home_wage,annual_main,2024,,,,component_burden_rate_sum,0.206503150382996,value,,,,調査産業計,5人以上,就業形態計,35,male,income_year,持家の帰属家賃を除く総合,1990
take_home_wage,annual_main,2025,,,,component_burden_rate_sum,0.2076068612022493,value,,,,調査産業計,5人以上,就業形態計,35,male,income_year,持家の帰属家賃を除く総合,1990
take_home_wage,annual_main,1990,,,,component_burden_rate_error,-2.7755575615628914e-17,value,,,,調査産業計,5人以上,就業形態計,35,male,income_year,持家の帰属家賃を除く総合,1990
take_home_wage,annual_main,1991,,,,component_burden_rate_error,0.0,value,,,,調査産業計,5人以上,就業形態計,35,male,income_year,持家の帰属家賃を除く総合,1990
take_home_wage,annual_main,1992,,,,component_burden_rate_error,-2.7755575615628914e-17,value,,,,調査産業計,5人以上,就業形態計,35,male,income_year,持家の帰属家賃を除く総合,1990
take_home_wage,annual_main,1993,,,,component_burden_rate_error,-5.551115123125783e-17,value,,,,調査産業計,5人以上,就業形態計,35,male,income_year,持家の帰属家賃を除く総合,1990
take_home_wage,annual_main,1994,,,,component_burden_rate_error,-2.7755575615628914e-17,value,,,,調査産業計,5人以上,就業形態計,35,male,income_year,持家の帰属家賃を除く総合,1990
take_home_wage,annual_main,1995,,,,component_burden_rate_error,2.7755575615628914e-17,value,,,,調査産業計,5人以上,就業形態計,35,male,income_year,持家の帰属家賃を除く総合,1990
take_home_wage,annual_main,1996,,,,component_burden_rate_error,0.0,value,,,,調査産業計,5人以上,就業形態計,35,male,income_year,持家の帰属家賃を除く総合,1990
take_home_wage,annual_main,1997,,,,component_burden_rate_error,0.0,value,,,,調査産業計,5人以上,就業形態計,35,male,income_year,持家の帰属家賃を除く総合,1990
take_home_wage,annual_main,1998,,,,component_burden_rate_error,2.7755575615628914e-17,value,,,,調査産業計,5人以上,就業形態計,35,male,income_year,持家の帰属家賃を除く総合,1990
take_home_wage,annual_main,1999,,,,component_burden_rate_error,-2.7755575615628914e-17,value,,,,調査産業計,5人以上,就業形態計,35,male,income_year,持家の帰属家賃を除く総合,1990
take_home_wage,annual_main,2000,,,,component_burden_rate_error,0.0,value,,,,調査産業計,5人以上,就業形態計,35,male,income_year,持家の帰属家賃を除く総合,1990
take_home_wage,annual_main,2001,,,,component_burden_rate_error,0.0,value,,,,調査産業計,5人以上,就業形態計,35,male,income_year,持家の帰属家賃を除く総合,1990
take_home_wage,annual_main,2002,,,,component_burden_rate_error,0.0,value,,,,調査産業計,5人以上,就業形態計,35,male,income_year,持家の帰属家賃を除く総合,1990
take_home_wage,annual_main,2003,,,,component_burden_rate_error,0.0,value,,,,調査産業計,5人以上,就業形態計,35,male,income_year,持家の帰属家賃を除く総合,1990
take_home_wage,annual_main,2004,,,,component_burden_rate_error,2.7755575615628914e-17,value,,,,調査産業計,5人以上,就業形態計,35,male,income_year,持家の帰属家賃を除く総合,1990
take_home_wage,annual_main,2005,,,,component_burden_rate_error,-2.7755575615628914e-17,value,,,,調査産業計,5人以上,就業形態計,35,male,income_year,持家の帰属家賃を除く総合,1990
take_home_wage,annual_main,2006,,,,component_burden_rate_error,-2.7755575615628914e-17,value,,,,調査産業計,5人以上,就業形態計,35,male,income_year,持家の帰属家賃を除く総合,1990
take_home_wage,annual_main,2007,,,,component_burden_rate_error,-2.7755575615628914e-17,value,,,,調査産業計,5人以上,就業形態計,35,male,income_year,持家の帰属家賃を除く総合,1990
take_home_wage,annual_main,2008,,,,component_burden_rate_error,0.0,value,,,,調査産業計,5人以上,就業形態計,35,male,income_year,持家の帰属家賃を除く総合,1990
take_home_wage,annual_main,2009,,,,component_burden_rate_error,0.0,value,,,,調査産業計,5人以上,就業形態計,35,male,income_year,持家の帰属家賃を除く総合,1990
take_home_wage,annual_main,2010,,,,component_burden_rate_error,2.7755575615628914e-17,value,,,,調査産業計,5人以上,就業形態計,35,male,income_year,持家の帰属家賃を除く総合,1990
take_home_wage,annual_main,2011,,,,component_burden_rate_error,-2.7755575615628914e-17,value,,,,調査産業計,5人以上,就業形態計,35,male,income_year,持家の帰属家賃を除く総合,1990
take_home_wage,annual_main,2012,,,,component_burden_rate_error,0.0,value,,,,調査産業計,5人以上,就業形態計,35,male,income_year,持家の帰属家賃を除く総合,1990
take_home_wage,annual_main,2013,,,,component_burden_rate_error,0.0,value,,,,調査産業計,5人以上,就業形態計,35,male,income_year,持家の帰属家賃を除く総合,1990
take_home_wage,annual_main,2014,,,,component_burden_rate_error,-2.7755575615628914e-17,value,,,,調査産業計,5人以上,就業形態計,35,male,income_year,持家の帰属家賃を除く総合,1990
take_home_wage,annual_main,2015,,,,component_burden_rate_error,2.7755575615628914e-17,value,,,,調査産業計,5人以上,就業形態計,35,male,income_year,持家の帰属家賃を除く総合,1990
take_home_wage,annual_main,2016,,,,component_burden_rate_error,0.0,value,,,,調査産業計,5人以上,就業形態計,35,male,income_year,持家の帰属家賃を除く総合,1990
take_home_wage,annual_main,2017,,,,component_burden_rate_error,2.7755575615628914e-17,value,,,,調査産業計,5人以上,就業形態計,35,male,income_year,持家の帰属家賃を除く総合,1990
take_home_wage,annual_main,2018,,,,component_burden_rate_error,0.0,value,,,,調査産業計,5人以上,就業形態計,35,male,income_year,持家の帰属家賃を除く総合,1990
take_home_wage,annual_main,2019,,,,component_burden_rate_error,-2.7755575615628914e-17,value,,,,調査産業計,5人以上,就業形態計,35,male,income_year,持家の帰属家賃を除く総合,1990
take_home_wage,annual_main,2020,,,,component_burden_rate_error,2.7755575615628914e-17,value,,,,調査産業計,5人以上,就業形態計,35,male,income_year,持家の帰属家賃を除く総合,1990
take_home_wage,annual_main,2021,,,,component_burden_rate_error,2.7755575615628914e-17,value,,,,調査産業計,5人以上,就業形態計,35,male,income_year,持家の帰属家賃を除く総合,1990
take_home_wage,annual_main,2022,,,,component_burden_rate_error,0.0,value,,,,調査産業計,5人以上,就業形態計,35,male,income_year,持家の帰属家賃を除く総合,1990
take_home_wage,annual_main,2023,,,,component_burden_rate_error,0.0,value,,,,調査産業計,5人以上,就業形態計,35,male,income_year,持家の帰属家賃を除く総合,1990
take_home_wage,annual_main,2024,,,,component_burden_rate_error,-2.7755575615628914e-17,value,,,,調査産業計,5人以上,就業形態計,35,male,income_year,持家の帰属家賃を除く総合,1990
take_home_wage,annual_main,2025,,,,component_burden_rate_error,0.0,value,,,,調査産業計,5人以上,就業形態計,35,male,income_year,持家の帰属家賃を除く総合,1990
take_home_wage,period_log_decomposition,,1990→2000,1990,2000,wage_log_contribution_pt,7.910143383139199,pt,,,,調査産業計,5人以上,就業形態計,35,male,income_year,持家の帰属家賃を除く総合,1990
take_home_wage,period_log_decomposition,,2000→2010,2000,2010,wage_log_contribution_pt,-11.046680006697022,pt,,,,調査産業計,5人以上,就業形態計,35,male,income_year,持家の帰属家賃を除く総合,1990
take_home_wage,period_log_decomposition,,2010→2020,2010,2020,wage_log_contribution_pt,0.0481842533234644,pt,,,,調査産業計,5人以上,就業形態計,35,male,income_year,持家の帰属家賃を除く総合,1990
take_home_wage,period_log_decomposition,,2020→2025,2020,2025,wage_log_contribution_pt,11.091517925519176,pt,,,,調査産業計,5人以上,就業形態計,35,male,income_year,持家の帰属家賃を除く総合,1990
take_home_wage,period_log_decomposition,,2015→2025,2015,2025,wage_log_contribution_pt,11.973314653504923,pt,,,,調査産業計,5人以上,就業形態計,35,male,income_year,持家の帰属家賃を除く総合,1990
take_home_wage,period_log_decomposition,,1990→2025,1990,2025,wage_log_contribution_pt,8.003165555284815,pt,,,,調査産業計,5人以上,就業形態計,35,male,income_year,持家の帰属家賃を除く総合,1990
take_home_wage,period_log_decomposition,,1990→2000,1990,2000,burden_log_contribution_pt,0.227641972176476,pt,,,,調査産業計,5人以上,就業形態計,35,male,income_year,持家の帰属家賃を除く総合,1990
take_home_wage,period_log_decomposition,,2000→2010,2000,2010,burden_log_contribution_pt,-3.3369995039507607,pt,,,,調査産業計,5人以上,就業形態計,35,male,income_year,持家の帰属家賃を除く総合,1990
take_home_wage,period_log_decomposition,,2010→2020,2010,2020,burden_log_contribution_pt,-1.6112727583314408,pt,,,,調査産業計,5人以上,就業形態計,35,male,income_year,持家の帰属家賃を除く総合,1990
take_home_wage,period_log_decomposition,,2020→2025,2020,2025,burden_log_contribution_pt,0.0650989090480722,pt,,,,調査産業計,5人以上,就業形態計,35,male,income_year,持家の帰属家賃を除く総合,1990
take_home_wage,period_log_decomposition,,2015→2025,2015,2025,burden_log_contribution_pt,-0.0458270119462866,pt,,,,調査産業計,5人以上,就業形態計,35,male,income_year,持家の帰属家賃を除く総合,1990
take_home_wage,period_log_decomposition,,1990→2025,1990,2025,burden_log_contribution_pt,-4.655531381057652,pt,,,,調査産業計,5人以上,就業形態計,35,male,income_year,持家の帰属家賃を除く総合,1990
take_home_wage,period_log_decomposition,,1990→2000,1990,2000,price_log_contribution_pt,-7.184964527764344,pt,,,,調査産業計,5人以上,就業形態計,35,male,income_year,持家の帰属家賃を除く総合,1990
take_home_wage,period_log_decomposition,,2000→2010,2000,2010,price_log_contribution_pt,3.0188322616248833,pt,,,,調査産業計,5人以上,就業形態計,35,male,income_year,持家の帰属家賃を除く総合,1990
take_home_wage,period_log_decomposition,,2010→2020,2010,2020,price_log_contribution_pt,-6.685230698784041,pt,,,,調査産業計,5人以上,就業形態計,35,male,income_year,持家の帰属家賃を除く総合,1990
take_home_wage,period_log_decomposition,,2020→2025,2020,2025,price_log_contribution_pt,-13.124753660967276,pt,,,,調査産業計,5人以上,就業形態計,35,male,income_year,持家の帰属家賃を除く総合,1990
take_home_wage,period_log_decomposition,,2015→2025,2015,2025,price_log_contribution_pt,-15.34931455569924,pt,,,,調査産業計,5人以上,就業形態計,35,male,income_year,持家の帰属家賃を除く総合,1990
take_home_wage,period_log_decomposition,,1990→2025,1990,2025,price_log_contribution_pt,-23.976116625890757,pt,,,,調査産業計,5人以上,就業形態計,35,male,income_year,持家の帰属家賃を除く総合,1990
take_home_wage,period_log_decomposition,,1990→2000,1990,2000,real_take_home_log_change_pt,0.9528208275513378,pt,,,,調査産業計,5人以上,就業形態計,35,male,income_year,持家の帰属家賃を除く総合,1990
take_home_wage,period_log_decomposition,,2000→2010,2000,2010,real_take_home_log_change_pt,-11.364847249022905,pt,,,,調査産業計,5人以上,就業形態計,35,male,income_year,持家の帰属家賃を除く総合,1990
take_home_wage,period_log_decomposition,,2010→2020,2010,2020,real_take_home_log_change_pt,-8.248319203792008,pt,,,,調査産業計,5人以上,就業形態計,35,male,income_year,持家の帰属家賃を除く総合,1990
take_home_wage,period_log_decomposition,,2020→2025,2020,2025,real_take_home_log_change_pt,-1.968136826400008,pt,,,,調査産業計,5人以上,就業形態計,35,male,income_year,持家の帰属家賃を除く総合,1990
take_home_wage,period_log_decomposition,,2015→2025,2015,2025,real_take_home_log_change_pt,-3.421826914140606,pt,,,,調査産業計,5人以上,就業形態計,35,male,income_year,持家の帰属家賃を除く総合,1990
take_home_wage,period_log_decomposition,,1990→2025,1990,2025,real_take_home_log_change_pt,-20.628482451663587,pt,,,,調査産業計,5人以上,就業形態計,35,male,income_year,持家の帰属家賃を除く総合,1990
take_home_wage,period_log_decomposition,,1990→2000,1990,2000,decomposition_total_pt,0.9528208275513306,pt,,,,調査産業計,5人以上,就業形態計,35,male,income_year,持家の帰属家賃を除く総合,1990
take_home_wage,period_log_decomposition,,2000→2010,2000,2010,decomposition_total_pt,-11.3648472490229,pt,,,,調査産業計,5人以上,就業形態計,35,male,income_year,持家の帰属家賃を除く総合,1990
take_home_wage,period_log_decomposition,,2010→2020,2010,2020,decomposition_total_pt,-8.248319203792018,pt,,,,調査産業計,5人以上,就業形態計,35,male,income_year,持家の帰属家賃を除く総合,1990
take_home_wage,period_log_decomposition,,2020→2025,2020,2025,decomposition_total_pt,-1.9681368264000252,pt,,,,調査産業計,5人以上,就業形態計,35,male,income_year,持家の帰属家賃を除く総合,1990
take_home_wage,period_log_decomposition,,2015→2025,2015,2025,decomposition_total_pt,-3.421826914140601,pt,,,,調査産業計,5人以上,就業形態計,35,male,income_year,持家の帰属家賃を除く総合,1990
take_home_wage,period_log_decomposition,,1990→2025,1990,2025,decomposition_total_pt,-20.628482451663594,pt,,,,調査産業計,5人以上,就業形態計,35,male,income_year,持家の帰属家賃を除く総合,1990
take_home_wage,period_log_decomposition,,1990→2000,1990,2000,decomposition_error_pt,7.216449660063518e-15,pt,,,,調査産業計,5人以上,就業形態計,35,male,income_year,持家の帰属家賃を除く総合,1990
take_home_wage,period_log_decomposition,,2000→2010,2000,2010,decomposition_error_pt,-5.3290705182007506e-15,pt,,,,調査産業計,5人以上,就業形態計,35,male,income_year,持家の帰属家賃を除く総合,1990
take_home_wage,period_log_decomposition,,2010→2020,2010,2020,decomposition_error_pt,1.0658141036401504e-14,pt,,,,調査産業計,5人以上,就業形態計,35,male,income_year,持家の帰属家賃を除く総合,1990
take_home_wage,period_log_decomposition,,2020→2025,2020,2025,decomposition_error_pt,1.709743457922741e-14,pt,,,,調査産業計,5人以上,就業形態計,35,male,income_year,持家の帰属家賃を除く総合,1990
take_home_wage,period_log_decomposition,,2015→2025,2015,2025,decomposition_error_pt,-5.3290705182007506e-15,pt,,,,調査産業計,5人以上,就業形態計,35,male,income_year,持家の帰属家賃を除く総合,1990
take_home_wage,period_log_decomposition,,1990→2025,1990,2025,decomposition_error_pt,7.105427357601002e-15,pt,,,,調査産業計,5人以上,就業形態計,35,male,income_year,持家の帰属家賃を除く総合,1990
take_home_wage,period_log_decomposition,,1990→2000,1990,2000,real_take_home_pct_change,0.95737461685812,pct,,,,調査産業計,5人以上,就業形態計,35,male,income_year,持家の帰属家賃を除く総合,1990
take_home_wage,period_log_decomposition,,2000→2010,2000,2010,real_take_home_pct_change,-10.742833576495949,pct,,,,調査産業計,5人以上,就業形態計,35,male,income_year,持家の帰属家賃を除く総合,1990
take_home_wage,period_log_decomposition,,2010→2020,2010,2020,real_take_home_pct_change,-7.917308504939635,pct,,,,調査産業計,5人以上,就業形態計,35,male,income_year,持家の帰属家賃を除く総合,1990
take_home_wage,period_log_decomposition,,2020→2025,2020,2025,real_take_home_pct_change,-1.9488954525143876,pct,,,,調査産業計,5人以上,就業形態計,35,male,income_year,持家の帰属家賃を除く総合,1990
take_home_wage,period_log_decomposition,,2015→2025,2015,2025,real_take_home_pct_change,-3.3639445072174645,pct,,,,調査産業計,5人以上,就業形態計,35,male,income_year,持家の帰属家賃を除く総合,1990
take_home_wage,period_log_decomposition,,1990→2025,1990,2025,real_take_home_pct_change,-18.639869032168143,pct,,,,調査産業計,5人以上,就業形態計,35,male,income_year,持家の帰属家賃を除く総合,1990
take_home_wage,period_log_decomposition,,1990→2000,1990,2000,burden_change_pt,-0.1891934835517195,pt,,,,調査産業計,5人以上,就業形態計,35,male,income_year,持家の帰属家賃を除く総合,1990
take_home_wage,period_log_decomposition,,2000→2010,2000,2010,burden_change_pt,2.7307261475288502,pt,,,,調査産業計,5人以上,就業形態計,35,male,income_year,持家の帰属家賃を除く総合,1990
take_home_wage,period_log_decomposition,,2010→2020,2010,2020,burden_change_pt,1.2862653847606986,pt,,,,調査産業計,5人以上,就業形態計,35,male,income_year,持家の帰属家賃を除く総合,1990
take_home_wage,period_log_decomposition,,2020→2025,2020,2025,burden_change_pt,-0.0515671422282815,pt,,,,調査産業計,5人以上,就業形態計,35,male,income_year,持家の帰属家賃を除く総合,1990
take_home_wage,period_log_decomposition,,2015→2025,2015,2025,burden_change_pt,0.0363213316926902,pt,,,,調査産業計,5人以上,就業形態計,35,male,income_year,持家の帰属家賃を除く総合,1990
take_home_wage,period_log_decomposition,,1990→2025,1990,2025,burden_change_pt,3.776230906509548,pt,,,,調査産業計,5人以上,就業形態計,35,male,income_year,持家の帰属家賃を除く総合,1990
take_home_wage,burden_change,,1990→2000,1990,2000,income_tax_change_pt,-1.151413044660398,pt,,,,調査産業計,5人以上,就業形態計,35,male,income_year,持家の帰属家賃を除く総合,1990
take_home_wage,burden_change,,2000→2010,2000,2010,income_tax_change_pt,-1.663415000058604,pt,,,,調査産業計,5人以上,就業形態計,35,male,income_year,持家の帰属家賃を除く総合,1990
take_home_wage,burden_change,,2010→2020,2010,2020,income_tax_change_pt,-0.0272154667789549,pt,,,,調査産業計,5人以上,就業形態計,35,male,income_year,持家の帰属家賃を除く総合,1990
take_home_wage,burden_change,,2020→2025,2020,2025,income_tax_change_pt,-0.351513525786425,pt,,,,調査産業計,5人以上,就業形態計,35,male,income_year,持家の帰属家賃を除く総合,1990
take_home_wage,burden_change,,2015→2025,2015,2025,income_tax_change_pt,-0.343883313853438,pt,,,,調査産業計,5人以上,就業形態計,35,male,income_year,持家の帰属家賃を除く総合,1990
take_home_wage,burden_change,,1990→2025,1990,2025,income_tax_change_pt,-3.193557037284382,pt,,,,調査産業計,5人以上,就業形態計,35,male,income_year,持家の帰属家賃を除く総合,1990
take_home_wage,burden_change,,1990→2000,1990,2000,resident_tax_change_pt,-0.8644857029541243,pt,,,,調査産業計,5人以上,就業形態計,35,male,income_year,持家の帰属家賃を除く総合,1990
take_home_wage,burden_change,,2000→2010,2000,2010,resident_tax_change_pt,2.231083663549673,pt,,,,調査産業計,5人以上,就業形態計,35,male,income_year,持家の帰属家賃を除く総合,1990
take_home_wage,burden_change,,2010→2020,2010,2020,resident_tax_change_pt,-0.1173480995666297,pt,,,,調査産業計,5人以上,就業形態計,35,male,income_year,持家の帰属家賃を除く総合,1990
take_home_wage,burden_change,,2020→2025,2020,2025,resident_tax_change_pt,0.227402770737501,pt,,,,調査産業計,5人以上,就業形態計,35,male,income_year,持家の帰属家賃を除く総合,1990
take_home_wage,burden_change,,2015→2025,2015,2025,resident_tax_change_pt,0.2390480226192634,pt,,,,調査産業計,5人以上,就業形態計,35,male,income_year,持家の帰属家賃を除く総合,1990
take_home_wage,burden_change,,1990→2025,1990,2025,resident_tax_change_pt,1.47665263176642,pt,,,,調査産業計,5人以上,就業形態計,35,male,income_year,持家の帰属家賃を除く総合,1990
take_home_wage,burden_change,,1990→2000,1990,2000,pension_change_pt,1.709723054659102,pt,,,,調査産業計,5人以上,就業形態計,35,male,income_year,持家の帰属家賃を除く総合,1990
take_home_wage,burden_change,,2000→2010,2000,2010,pension_change_pt,0.8801489078381506,pt,,,,調査産業計,5人以上,就業形態計,35,male,income_year,持家の帰属家賃を除く総合,1990
take_home_wage,burden_change,,2010→2020,2010,2020,pension_change_pt,1.2620373619462235,pt,,,,調査産業計,5人以上,就業形態計,35,male,income_year,持家の帰属家賃を除く総合,1990
take_home_wage,burden_change,,2020→2025,2020,2025,pension_change_pt,-0.1212832798140953,pt,,,,調査産業計,5人以上,就業形態計,35,male,income_year,持家の帰属家賃を除く総合,1990
take_home_wage,burden_change,,2015→2025,2015,2025,pension_change_pt,0.1754238020298615,pt,,,,調査産業計,5人以上,就業形態計,35,male,income_year,持家の帰属家賃を除く総合,1990
take_home_wage,burden_change,,1990→2025,1990,2025,pension_change_pt,3.7306260446293806,pt,,,,調査産業計,5人以上,就業形態計,35,male,income_year,持家の帰属家賃を除く総合,1990
take_home_wage,burden_change,,1990→2000,1990,2000,health_insurance_change_pt,0.2669822094036919,pt,,,,調査産業計,5人以上,就業形態計,35,male,income_year,持家の帰属家賃を除く総合,1990
take_home_wage,burden_change,,2000→2010,2000,2010,health_insurance_change_pt,1.124388490442426,pt,,,,調査産業計,5人以上,就業形態計,35,male,income_year,持家の帰属家賃を除く総合,1990
take_home_wage,burden_change,,2010→2020,2010,2020,health_insurance_change_pt,0.4273116749172675,pt,,,,調査産業計,5人以上,就業形態計,35,male,income_year,持家の帰属家賃を除く総合,1990
take_home_wage,burden_change,,2020→2025,2020,2025,health_insurance_change_pt,-0.066275016291855,pt,,,,調査産業計,5人以上,就業形態計,35,male,income_year,持家の帰属家賃を除く総合,1990
take_home_wage,burden_change,,2015→2025,2015,2025,health_insurance_change_pt,-0.0943690880295958,pt,,,,調査産業計,5人以上,就業形態計,35,male,income_year,持家の帰属家賃を除く総合,1990
take_home_wage,burden_change,,1990→2025,1990,2025,health_insurance_change_pt,1.7524073584715305,pt,,,,調査産業計,5人以上,就業形態計,35,male,income_year,持家の帰属家賃を除く総合,1990
take_home_wage,burden_change,,1990→2000,1990,2000,employment_insurance_change_pt,-0.1499999999999999,pt,,,,調査産業計,5人以上,就業形態計,35,male,income_year,持家の帰属家賃を除く総合,1990
take_home_wage,burden_change,,2000→2010,2000,2010,employment_insurance_change_pt,0.1585200857572055,pt,,,,調査産業計,5人以上,就業形態計,35,male,income_year,持家の帰属家賃を除く総合,1990
take_home_wage,burden_change,,2010→2020,2010,2020,employment_insurance_change_pt,-0.2585200857572055,pt,,,,調査産業計,5人以上,就業形態計,35,male,income_year,持家の帰属家賃を除く総合,1990
take_home_wage,burden_change,,2020→2025,2020,2025,employment_insurance_change_pt,0.2601019089265856,pt,,,,調査産業計,5人以上,就業形態計,35,male,income_year,持家の帰属家賃を除く総合,1990
take_home_wage,burden_change,,2015→2025,2015,2025,employment_insurance_change_pt,0.0601019089265855,pt,,,,調査産業計,5人以上,就業形態計,35,male,income_year,持家の帰属家賃を除く総合,1990
take_home_wage,burden_change,,1990→2025,1990,2025,employment_insurance_change_pt,0.0101019089265855,pt,,,,調査産業計,5人以上,就業形態計,35,male,income_year,持家の帰属家賃を除く総合,1990
take_home_wage,burden_change,,1990→2000,1990,2000,component_sum_change_pt,-0.1891934835517282,pt,,,,調査産業計,5人以上,就業形態計,35,male,income_year,持家の帰属家賃を除く総合,1990
take_home_wage,burden_change,,2000→2010,2000,2010,component_sum_change_pt,2.730726147528851,pt,,,,調査産業計,5人以上,就業形態計,35,male,income_year,持家の帰属家賃を除く総合,1990
take_home_wage,burden_change,,2010→2020,2010,2020,component_sum_change_pt,1.2862653847607008,pt,,,,調査産業計,5人以上,就業形態計,35,male,income_year,持家の帰属家賃を除く総合,1990
take_home_wage,burden_change,,2020→2025,2020,2025,component_sum_change_pt,-0.0515671422282886,pt,,,,調査産業計,5人以上,就業形態計,35,male,income_year,持家の帰属家賃を除く総合,1990
take_home_wage,burden_change,,2015→2025,2015,2025,component_sum_change_pt,0.0363213316926766,pt,,,,調査産業計,5人以上,就業形態計,35,male,income_year,持家の帰属家賃を除く総合,1990
take_home_wage,burden_change,,1990→2025,1990,2025,component_sum_change_pt,3.7762309065095345,pt,,,,調査産業計,5人以上,就業形態計,35,male,income_year,持家の帰属家賃を除く総合,1990
take_home_wage,burden_change,,1990→2000,1990,2000,total_burden_change_pt,-0.189193483551725,pt,,,,調査産業計,5人以上,就業形態計,35,male,income_year,持家の帰属家賃を除く総合,1990
take_home_wage,burden_change,,2000→2010,2000,2010,total_burden_change_pt,2.7307261475288502,pt,,,,調査産業計,5人以上,就業形態計,35,male,income_year,持家の帰属家賃を除く総合,1990
take_home_wage,burden_change,,2010→2020,2010,2020,total_burden_change_pt,1.2862653847607013,pt,,,,調査産業計,5人以上,就業形態計,35,male,income_year,持家の帰属家賃を除く総合,1990
take_home_wage,burden_change,,2020→2025,2020,2025,total_burden_change_pt,-0.0515671422282898,pt,,,,調査産業計,5人以上,就業形態計,35,male,income_year,持家の帰属家賃を除く総合,1990
take_home_wage,burden_change,,2015→2025,2015,2025,total_burden_change_pt,0.0363213316926763,pt,,,,調査産業計,5人以上,就業形態計,35,male,income_year,持家の帰属家賃を除く総合,1990
take_home_wage,burden_change,,1990→2025,1990,2025,total_burden_change_pt,3.7762309065095367,pt,,,,調査産業計,5人以上,就業形態計,35,male,income_year,持家の帰属家賃を除く総合,1990
take_home_wage,burden_change,,1990→2000,1990,2000,decomposition_error_pt,3.219646771412954e-15,pt,,,,調査産業計,5人以上,就業形態計,35,male,income_year,持家の帰属家賃を除く総合,1990
take_home_wage,burden_change,,2000→2010,2000,2010,decomposition_error_pt,-8.881784197001252e-16,pt,,,,調査産業計,5人以上,就業形態計,35,male,income_year,持家の帰属家賃を除く総合,1990
take_home_wage,burden_change,,2010→2020,2010,2020,decomposition_error_pt,4.440892098500626e-16,pt,,,,調査産業計,5人以上,就業形態計,35,male,income_year,持家の帰属家賃を除く総合,1990
take_home_wage,burden_change,,2020→2025,2020,2025,decomposition_error_pt,-1.1657341758564144e-15,pt,,,,調査産業計,5人以上,就業形態計,35,male,income_year,持家の帰属家賃を除く総合,1990
take_home_wage,burden_change,,2015→2025,2015,2025,decomposition_error_pt,-2.6367796834847473e-16,pt,,,,調査産業計,5人以上,就業形態計,35,male,income_year,持家の帰属家賃を除く総合,1990
take_home_wage,burden_change,,1990→2025,1990,2025,decomposition_error_pt,2.220446049250313e-15,pt,,,,調査産業計,5人以上,就業形態計,35,male,income_year,持家の帰属家賃を除く総合,1990
take_home_wage,burden_shapley,,1990→2000,1990,2000,start_burden_pct,16.984455213715393,pct,,,,調査産業計,5人以上,就業形態計,35,male,income_year,持家の帰属家賃を除く総合,1990
take_home_wage,burden_shapley,,2000→2010,2000,2010,start_burden_pct,16.79526173016367,pct,,,,調査産業計,5人以上,就業形態計,35,male,income_year,持家の帰属家賃を除く総合,1990
take_home_wage,burden_shapley,,2010→2020,2010,2020,start_burden_pct,19.52598787769252,pct,,,,調査産業計,5人以上,就業形態計,35,male,income_year,持家の帰属家賃を除く総合,1990
take_home_wage,burden_shapley,,2020→2025,2020,2025,start_burden_pct,20.812253262453225,pct,,,,調査産業計,5人以上,就業形態計,35,male,income_year,持家の帰属家賃を除く総合,1990
take_home_wage,burden_shapley,,2015→2025,2015,2025,start_burden_pct,20.724364788532252,pct,,,,調査産業計,5人以上,就業形態計,35,male,income_year,持家の帰属家賃を除く総合,1990
take_home_wage,burden_shapley,,1990→2025,1990,2025,start_burden_pct,16.984455213715393,pct,,,,調査産業計,5人以上,就業形態計,35,male,income_year,持家の帰属家賃を除く総合,1990
take_home_wage,burden_shapley,,1990→2000,1990,2000,end_burden_pct,16.79526173016367,pct,,,,調査産業計,5人以上,就業形態計,35,male,income_year,持家の帰属家賃を除く総合,1990
take_home_wage,burden_shapley,,2000→2010,2000,2010,end_burden_pct,19.52598787769252,pct,,,,調査産業計,5人以上,就業形態計,35,male,income_year,持家の帰属家賃を除く総合,1990
take_home_wage,burden_shapley,,2010→2020,2010,2020,end_burden_pct,20.812253262453225,pct,,,,調査産業計,5人以上,就業形態計,35,male,income_year,持家の帰属家賃を除く総合,1990
take_home_wage,burden_shapley,,2020→2025,2020,2025,end_burden_pct,20.760686120224932,pct,,,,調査産業計,5人以上,就業形態計,35,male,income_year,持家の帰属家賃を除く総合,1990
take_home_wage,burden_shapley,,2015→2025,2015,2025,end_burden_pct,20.760686120224932,pct,,,,調査産業計,5人以上,就業形態計,35,male,income_year,持家の帰属家賃を除く総合,1990
take_home_wage,burden_shapley,,1990→2025,1990,2025,end_burden_pct,20.760686120224932,pct,,,,調査産業計,5人以上,就業形態計,35,male,income_year,持家の帰属家賃を除く総合,1990
take_home_wage,burden_shapley,,1990→2000,1990,2000,wage_effect_pt,0.947760682823926,pt,,,,調査産業計,5人以上,就業形態計,35,male,income_year,持家の帰属家賃を除く総合,1990
take_home_wage,burden_shapley,,2000→2010,2000,2010,wage_effect_pt,-0.2252249483158552,pt,,,,調査産業計,5人以上,就業形態計,35,male,income_year,持家の帰属家賃を除く総合,1990
take_home_wage,burden_shapley,,2010→2020,2010,2020,wage_effect_pt,0.0554657603085526,pt,,,,調査産業計,5人以上,就業形態計,35,male,income_year,持家の帰属家賃を除く総合,1990
take_home_wage,burden_shapley,,2020→2025,2020,2025,wage_effect_pt,0.2339737386788392,pt,,,,調査産業計,5人以上,就業形態計,35,male,income_year,持家の帰属家賃を除く総合,1990
take_home_wage,burden_shapley,,2015→2025,2015,2025,wage_effect_pt,0.1996760106667383,pt,,,,調査産業計,5人以上,就業形態計,35,male,income_year,持家の帰属家賃を除く総合,1990
take_home_wage,burden_shapley,,1990→2025,1990,2025,wage_effect_pt,0.6844596697177237,pt,,,,調査産業計,5人以上,就業形態計,35,male,income_year,持家の帰属家賃を除く総合,1990
take_home_wage,burden_shapley,,1990→2000,1990,2000,tax_policy_effect_pt,-2.087842483964154,pt,,,,調査産業計,5人以上,就業形態計,35,male,income_year,持家の帰属家賃を除く総合,1990
take_home_wage,burden_shapley,,2000→2010,2000,2010,tax_policy_effect_pt,1.2730186410617268,pt,,,,調査産業計,5人以上,就業形態計,35,male,income_year,持家の帰属家賃を除く総合,1990
take_home_wage,burden_shapley,,2010→2020,2010,2020,tax_policy_effect_pt,0.0707051570693048,pt,,,,調査産業計,5人以上,就業形態計,35,male,income_year,持家の帰属家賃を除く総合,1990
take_home_wage,burden_shapley,,2020→2025,2020,2025,tax_policy_effect_pt,-0.5073613707081782,pt,,,,調査産業計,5人以上,就業形態計,35,male,income_year,持家の帰属家賃を除く総合,1990
take_home_wage,burden_shapley,,2015→2025,2015,2025,tax_policy_effect_pt,-0.5084175296158913,pt,,,,調査産業計,5人以上,就業形態計,35,male,income_year,持家の帰属家賃を除く総合,1990
take_home_wage,burden_shapley,,1990→2025,1990,2025,tax_policy_effect_pt,-1.1345348907101571,pt,,,,調査産業計,5人以上,就業形態計,35,male,income_year,持家の帰属家賃を除く総合,1990
take_home_wage,burden_shapley,,1990→2000,1990,2000,social_insurance_policy_effect_pt,0.950888317588503,pt,,,,調査産業計,5人以上,就業形態計,35,male,income_year,持家の帰属家賃を除く総合,1990
take_home_wage,burden_shapley,,2000→2010,2000,2010,social_insurance_policy_effect_pt,1.682932454782979,pt,,,,調査産業計,5人以上,就業形態計,35,male,income_year,持家の帰属家賃を除く総合,1990
take_home_wage,burden_shapley,,2010→2020,2010,2020,social_insurance_policy_effect_pt,1.160094467382844,pt,,,,調査産業計,5人以上,就業形態計,35,male,income_year,持家の帰属家賃を除く総合,1990
take_home_wage,burden_shapley,,2020→2025,2020,2025,social_insurance_policy_effect_pt,0.2218204898010491,pt,,,,調査産業計,5人以上,就業形態計,35,male,income_year,持家の帰属家賃を除く総合,1990
take_home_wage,burden_shapley,,2015→2025,2015,2025,social_insurance_policy_effect_pt,0.3450628506418293,pt,,,,調査産業計,5人以上,就業形態計,35,male,income_year,持家の帰属家賃を除く総合,1990
take_home_wage,burden_shapley,,1990→2025,1990,2025,social_insurance_policy_effect_pt,4.22630612750197,pt,,,,調査産業計,5人以上,就業形態計,35,male,income_year,持家の帰属家賃を除く総合,1990
take_home_wage,burden_shapley,,1990→2000,1990,2000,policy_effect_pt,-1.1369541663756508,pt,,,,調査産業計,5人以上,就業形態計,35,male,income_year,持家の帰属家賃を除く総合,1990
take_home_wage,burden_shapley,,2000→2010,2000,2010,policy_effect_pt,2.9559510958447057,pt,,,,調査産業計,5人以上,就業形態計,35,male,income_year,持家の帰属家賃を除く総合,1990
take_home_wage,burden_shapley,,2010→2020,2010,2020,policy_effect_pt,1.2307996244521489,pt,,,,調査産業計,5人以上,就業形態計,35,male,income_year,持家の帰属家賃を除く総合,1990
take_home_wage,burden_shapley,,2020→2025,2020,2025,policy_effect_pt,-0.285540880907129,pt,,,,調査産業計,5人以上,就業形態計,35,male,income_year,持家の帰属家賃を除く総合,1990
take_home_wage,burden_shapley,,2015→2025,2015,2025,policy_effect_pt,-0.1633546789740619,pt,,,,調査産業計,5人以上,就業形態計,35,male,income_year,持家の帰属家賃を除く総合,1990
take_home_wage,burden_shapley,,1990→2025,1990,2025,policy_effect_pt,3.091771236791813,pt,,,,調査産業計,5人以上,就業形態計,35,male,income_year,持家の帰属家賃を除く総合,1990
take_home_wage,burden_shapley,,1990→2000,1990,2000,total_change_pt,-0.189193483551725,pt,,,,調査産業計,5人以上,就業形態計,35,male,income_year,持家の帰属家賃を除く総合,1990
take_home_wage,burden_shapley,,2000→2010,2000,2010,total_change_pt,2.7307261475288502,pt,,,,調査産業計,5人以上,就業形態計,35,male,income_year,持家の帰属家賃を除く総合,1990
take_home_wage,burden_shapley,,2010→2020,2010,2020,total_change_pt,1.2862653847607013,pt,,,,調査産業計,5人以上,就業形態計,35,male,income_year,持家の帰属家賃を除く総合,1990
take_home_wage,burden_shapley,,2020→2025,2020,2025,total_change_pt,-0.0515671422282898,pt,,,,調査産業計,5人以上,就業形態計,35,male,income_year,持家の帰属家賃を除く総合,1990
take_home_wage,burden_shapley,,2015→2025,2015,2025,total_change_pt,0.0363213316926763,pt,,,,調査産業計,5人以上,就業形態計,35,male,income_year,持家の帰属家賃を除く総合,1990
take_home_wage,burden_shapley,,1990→2025,1990,2025,total_change_pt,3.7762309065095367,pt,,,,調査産業計,5人以上,就業形態計,35,male,income_year,持家の帰属家賃を除く総合,1990
take_home_wage,burden_shapley,,1990→2000,1990,2000,shapley_sum_pt,-0.1891934835517248,pt,,,,調査産業計,5人以上,就業形態計,35,male,income_year,持家の帰属家賃を除く総合,1990
take_home_wage,burden_shapley,,2000→2010,2000,2010,shapley_sum_pt,2.7307261475288502,pt,,,,調査産業計,5人以上,就業形態計,35,male,income_year,持家の帰属家賃を除く総合,1990
take_home_wage,burden_shapley,,2010→2020,2010,2020,shapley_sum_pt,1.2862653847607013,pt,,,,調査産業計,5人以上,就業形態計,35,male,income_year,持家の帰属家賃を除く総合,1990
take_home_wage,burden_shapley,,2020→2025,2020,2025,shapley_sum_pt,-0.0515671422282898,pt,,,,調査産業計,5人以上,就業形態計,35,male,income_year,持家の帰属家賃を除く総合,1990
take_home_wage,burden_shapley,,2015→2025,2015,2025,shapley_sum_pt,0.0363213316926764,pt,,,,調査産業計,5人以上,就業形態計,35,male,income_year,持家の帰属家賃を除く総合,1990
take_home_wage,burden_shapley,,1990→2025,1990,2025,shapley_sum_pt,3.7762309065095367,pt,,,,調査産業計,5人以上,就業形態計,35,male,income_year,持家の帰属家賃を除く総合,1990
take_home_wage,burden_shapley,,1990→2000,1990,2000,decomposition_error_pt,-2.220446049250313e-16,pt,,,,調査産業計,5人以上,就業形態計,35,male,income_year,持家の帰属家賃を除く総合,1990
take_home_wage,burden_shapley,,2000→2010,2000,2010,decomposition_error_pt,0.0,pt,,,,調査産業計,5人以上,就業形態計,35,male,income_year,持家の帰属家賃を除く総合,1990
take_home_wage,burden_shapley,,2010→2020,2010,2020,decomposition_error_pt,0.0,pt,,,,調査産業計,5人以上,就業形態計,35,male,income_year,持家の帰属家賃を除く総合,1990
take_home_wage,burden_shapley,,2020→2025,2020,2025,decomposition_error_pt,2.7755575615628914e-17,pt,,,,調査産業計,5人以上,就業形態計,35,male,income_year,持家の帰属家賃を除く総合,1990
take_home_wage,burden_shapley,,2015→2025,2015,2025,decomposition_error_pt,-5.551115123125783e-17,pt,,,,調査産業計,5人以上,就業形態計,35,male,income_year,持家の帰属家賃を除く総合,1990
take_home_wage,burden_shapley,,1990→2025,1990,2025,decomposition_error_pt,0.0,pt,,,,調査産業計,5人以上,就業形態計,35,male,income_year,持家の帰属家賃を除く総合,1990
take_home_wage,real_take_home_shapley,,1990→2000,1990,2000,start_cpi,89.71666666666665,value,,,,調査産業計,5人以上,就業形態計,35,male,income_year,持家の帰属家賃を除く総合,1990
take_home_wage,real_take_home_shapley,,2000→2010,2000,2010,start_cpi,96.4,value,,,,調査産業計,5人以上,就業形態計,35,male,income_year,持家の帰属家賃を除く総合,1990
take_home_wage,real_take_home_shapley,,2010→2020,2010,2020,start_cpi,93.53333333333336,value,,,,調査産業計,5人以上,就業形態計,35,male,income_year,持家の帰属家賃を除く総合,1990
take_home_wage,real_take_home_shapley,,2020→2025,2020,2025,start_cpi,100.0,value,,,,調査産業計,5人以上,就業形態計,35,male,income_year,持家の帰属家賃を除く総合,1990
take_home_wage,real_take_home_shapley,,2015→2025,2015,2025,start_cpi,97.8,value,,,,調査産業計,5人以上,就業形態計,35,male,income_year,持家の帰属家賃を除く総合,1990
take_home_wage,real_take_home_shapley,,1990→2025,1990,2025,start_cpi,89.71666666666665,value,,,,調査産業計,5人以上,就業形態計,35,male,income_year,持家の帰属家賃を除く総合,1990
take_home_wage,real_take_home_shapley,,1990→2000,1990,2000,end_cpi,96.4,value,,,,調査産業計,5人以上,就業形態計,35,male,income_year,持家の帰属家賃を除く総合,1990
take_home_wage,real_take_home_shapley,,2000→2010,2000,2010,end_cpi,93.53333333333336,value,,,,調査産業計,5人以上,就業形態計,35,male,income_year,持家の帰属家賃を除く総合,1990
take_home_wage,real_take_home_shapley,,2010→2020,2010,2020,end_cpi,100.0,value,,,,調査産業計,5人以上,就業形態計,35,male,income_year,持家の帰属家賃を除く総合,1990
take_home_wage,real_take_home_shapley,,2020→2025,2020,2025,end_cpi,114.025,value,,,,調査産業計,5人以上,就業形態計,35,male,income_year,持家の帰属家賃を除く総合,1990
take_home_wage,real_take_home_shapley,,2015→2025,2015,2025,end_cpi,114.025,value,,,,調査産業計,5人以上,就業形態計,35,male,income_year,持家の帰属家賃を除く総合,1990
take_home_wage,real_take_home_shapley,,1990→2025,1990,2025,end_cpi,114.025,value,,,,調査産業計,5人以上,就業形態計,35,male,income_year,持家の帰属家賃を除く総合,1990
take_home_wage,real_take_home_shapley,,1990→2000,1990,2000,start_nominal_take_home_yen,3270312.711,yen,,,,調査産業計,5人以上,就業形態計,35,male,income_year,持家の帰属家賃を除く総合,1990
take_home_wage,real_take_home_shapley,,2000→2010,2000,2010,start_nominal_take_home_yen,3547572.136,yen,,,,調査産業計,5人以上,就業形態計,35,male,income_year,持家の帰属家賃を除く総合,1990
take_home_wage,real_take_home_shapley,,2010→2020,2010,2020,start_nominal_take_home_yen,3072300.6215,yen,,,,調査産業計,5人以上,就業形態計,35,male,income_year,持家の帰属家賃を除く総合,1990
take_home_wage,real_take_home_shapley,,2020→2025,2020,2025,start_nominal_take_home_yen,3024651.215,yen,,,,調査産業計,5人以上,就業形態計,35,male,income_year,持家の帰属家賃を除く総合,1990
take_home_wage,real_take_home_shapley,,2015→2025,2015,2025,start_nominal_take_home_yen,3001424.7,yen,,,,調査産業計,5人以上,就業形態計,35,male,income_year,持家の帰属家賃を除く総合,1990
take_home_wage,real_take_home_shapley,,1990→2025,1990,2025,start_nominal_take_home_yen,3270312.711,yen,,,,調査産業計,5人以上,就業形態計,35,male,income_year,持家の帰属家賃を除く総合,1990
take_home_wage,real_take_home_shapley,,1990→2000,1990,2000,end_nominal_take_home_yen,3547572.136,yen,,,,調査産業計,5人以上,就業形態計,35,male,income_year,持家の帰属家賃を除く総合,1990
take_home_wage,real_take_home_shapley,,2000→2010,2000,2010,end_nominal_take_home_yen,3072300.6215,yen,,,,調査産業計,5人以上,就業形態計,35,male,income_year,持家の帰属家賃を除く総合,1990
take_home_wage,real_take_home_shapley,,2010→2020,2010,2020,end_nominal_take_home_yen,3024651.215,yen,,,,調査産業計,5人以上,就業形態計,35,male,income_year,持家の帰属家賃を除く総合,1990
take_home_wage,real_take_home_shapley,,2020→2025,2020,2025,end_nominal_take_home_yen,3381643.9005,yen,,,,調査産業計,5人以上,就業形態計,35,male,income_year,持家の帰属家賃を除く総合,1990
take_home_wage,real_take_home_shapley,,2015→2025,2015,2025,end_nominal_take_home_yen,3381643.9005,yen,,,,調査産業計,5人以上,就業形態計,35,male,income_year,持家の帰属家賃を除く総合,1990
take_home_wage,real_take_home_shapley,,1990→2025,1990,2025,end_nominal_take_home_yen,3381643.9005,yen,,,,調査産業計,5人以上,就業形態計,35,male,income_year,持家の帰属家賃を除く総合,1990
take_home_wage,real_take_home_shapley,,1990→2000,1990,2000,start_real_take_home_yen,3645156.281998886,yen,,,,調査産業計,5人以上,就業形態計,35,male,income_year,持家の帰属家賃を除く総合,1990
take_home_wage,real_take_home_shapley,,2000→2010,2000,2010,start_real_take_home_yen,3680054.082987552,yen,,,,調査産業計,5人以上,就業形態計,35,male,income_year,持家の帰属家賃を除く総合,1990
take_home_wage,real_take_home_shapley,,2010→2020,2010,2020,start_real_take_home_yen,3284711.997327155,yen,,,,調査産業計,5人以上,就業形態計,35,male,income_year,持家の帰属家賃を除く総合,1990
take_home_wage,real_take_home_shapley,,2020→2025,2020,2025,start_real_take_home_yen,3024651.215,yen,,,,調査産業計,5人以上,就業形態計,35,male,income_year,持家の帰属家賃を除く総合,1990
take_home_wage,real_take_home_shapley,,2015→2025,2015,2025,start_real_take_home_yen,3068941.411042945,yen,,,,調査産業計,5人以上,就業形態計,35,male,income_year,持家の帰属家賃を除く総合,1990
take_home_wage,real_take_home_shapley,,1990→2025,1990,2025,start_real_take_home_yen,3645156.281998886,yen,,,,調査産業計,5人以上,就業形態計,35,male,income_year,持家の帰属家賃を除く総合,1990
take_home_wage,real_take_home_shapley,,1990→2000,1990,2000,end_real_take_home_yen,3680054.082987552,yen,,,,調査産業計,5人以上,就業形態計,35,male,income_year,持家の帰属家賃を除く総合,1990
take_home_wage,real_take_home_shapley,,2000→2010,2000,2010,end_real_take_home_yen,3284711.997327155,yen,,,,調査産業計,5人以上,就業形態計,35,male,income_year,持家の帰属家賃を除く総合,1990
take_home_wage,real_take_home_shapley,,2010→2020,2010,2020,end_real_take_home_yen,3024651.215,yen,,,,調査産業計,5人以上,就業形態計,35,male,income_year,持家の帰属家賃を除く総合,1990
take_home_wage,real_take_home_shapley,,2020→2025,2020,2025,end_real_take_home_yen,2965703.9250164437,yen,,,,調査産業計,5人以上,就業形態計,35,male,income_year,持家の帰属家賃を除く総合,1990
take_home_wage,real_take_home_shapley,,2015→2025,2015,2025,end_real_take_home_yen,2965703.9250164437,yen,,,,調査産業計,5人以上,就業形態計,35,male,income_year,持家の帰属家賃を除く総合,1990
take_home_wage,real_take_home_shapley,,1990→2025,1990,2025,end_real_take_home_yen,2965703.9250164437,yen,,,,調査産業計,5人以上,就業形態計,35,male,income_year,持家の帰属家賃を除く総合,1990
take_home_wage,real_take_home_shapley,,1990→2000,1990,2000,wage_effect_yen,248086.43216690057,yen,,,,調査産業計,5人以上,就業形態計,35,male,income_year,持家の帰属家賃を除く総合,1990
take_home_wage,real_take_home_shapley,,2000→2010,2000,2010,wage_effect_yen,-374285.9480536051,yen,,,,調査産業計,5人以上,就業形態計,35,male,income_year,持家の帰属家賃を除く総合,1990
take_home_wage,real_take_home_shapley,,2010→2020,2010,2020,wage_effect_yen,-671.066990140127,yen,,,,調査産業計,5人以上,就業形態計,35,male,income_year,持家の帰属家賃を除く総合,1990
take_home_wage,real_take_home_shapley,,2020→2025,2020,2025,wage_effect_yen,324276.88854542613,yen,,,,調査産業計,5人以上,就業形態計,35,male,income_year,持家の帰属家賃を除く総合,1990
take_home_wage,real_take_home_shapley,,2015→2025,2015,2025,wage_effect_yen,354945.94007580634,yen,,,,調査産業計,5人以上,就業形態計,35,male,income_year,持家の帰属家賃を除く総合,1990
take_home_wage,real_take_home_shapley,,1990→2025,1990,2025,wage_effect_yen,236601.7560501452,yen,,,,調査産業計,5人以上,就業形態計,35,male,income_year,持家の帰属家賃を除く総合,1990
take_home_wage,real_take_home_shapley,,1990→2000,1990,2000,tax_policy_effect_yen,92157.58577602931,yen,,,,調査産業計,5人以上,就業形態計,35,male,income_year,持家の帰属家賃を除く総合,1990
take_home_wage,real_take_home_shapley,,2000→2010,2000,2010,tax_policy_effect_yen,-54264.36903138804,yen,,,,調査産業計,5人以上,就業形態計,35,male,income_year,持家の帰属家賃を除く総合,1990
take_home_wage,real_take_home_shapley,,2010→2020,2010,2020,tax_policy_effect_yen,-2793.3357091944977,yen,,,,調査産業計,5人以上,就業形態計,35,male,income_year,持家の帰属家賃を除く総合,1990
take_home_wage,real_take_home_shapley,,2020→2025,2020,2025,tax_policy_effect_yen,19193.356720017546,yen,,,,調査産業計,5人以上,就業形態計,35,male,income_year,持家の帰属家賃を除く総合,1990
take_home_wage,real_take_home_shapley,,2015→2025,2015,2025,tax_policy_effect_yen,19374.854561815777,yen,,,,調査産業計,5人以上,就業形態計,35,male,income_year,持家の帰属家賃を除く総合,1990
take_home_wage,real_take_home_shapley,,1990→2025,1990,2025,tax_policy_effect_yen,46423.34066461675,yen,,,,調査産業計,5人以上,就業形態計,35,male,income_year,持家の帰属家賃を除く総合,1990
take_home_wage,real_take_home_shapley,,1990→2000,1990,2000,social_insurance_policy_effect_yen,-41967.64618928009,yen,,,,調査産業計,5人以上,就業形態計,35,male,income_year,持家の帰属家賃を除く総合,1990
take_home_wage,real_take_home_shapley,,2000→2010,2000,2010,social_insurance_policy_effect_yen,-71874.15228253994,yen,,,,調査産業計,5人以上,就業形態計,35,male,income_year,持家の帰属家賃を除く総合,1990
take_home_wage,real_take_home_shapley,,2010→2020,2010,2020,social_insurance_policy_effect_yen,-45831.11731319797,yen,,,,調査産業計,5人以上,就業形態計,35,male,income_year,持家の帰属家賃を除く総合,1990
take_home_wage,real_take_home_shapley,,2020→2025,2020,2025,social_insurance_policy_effect_yen,-8408.759284614236,yen,,,,調査産業計,5人以上,就業形態計,35,male,income_year,持家の帰属家賃を除く総合,1990
take_home_wage,real_take_home_shapley,,2015→2025,2015,2025,social_insurance_policy_effect_yen,-13173.298719848855,yen,,,,調査産業計,5人以上,就業形態計,35,male,income_year,持家の帰属家賃を除く総合,1990
take_home_wage,real_take_home_shapley,,1990→2025,1990,2025,social_insurance_policy_effect_yen,-172288.34965067633,yen,,,,調査産業計,5人以上,就業形態計,35,male,income_year,持家の帰属家賃を除く総合,1990
take_home_wage,real_take_home_shapley,,1990→2000,1990,2000,price_effect_yen,-263378.57076498354,yen,,,,調査産業計,5人以上,就業形態計,35,male,income_year,持家の帰属家賃を除く総合,1990
take_home_wage,real_take_home_shapley,,2000→2010,2000,2010,price_effect_yen,105082.3837071365,yen,,,,調査産業計,5人以上,就業形態計,35,male,income_year,持家の帰属家賃を除く総合,1990
take_home_wage,real_take_home_shapley,,2010→2020,2010,2020,price_effect_yen,-210765.262314623,yen,,,,調査産業計,5人以上,就業形態計,35,male,income_year,持家の帰属家賃を除く総合,1990
take_home_wage,real_take_home_shapley,,2020→2025,2020,2025,price_effect_yen,-394008.77596438554,yen,,,,調査産業計,5人以上,就業形態計,35,male,income_year,持家の帰属家賃を除く総合,1990
take_home_wage,real_take_home_shapley,,2015→2025,2015,2025,price_effect_yen,-464384.9819442745,yen,,,,調査産業計,5人以上,就業形態計,35,male,income_year,持家の帰属家賃を除く総合,1990
take_home_wage,real_take_home_shapley,,1990→2025,1990,2025,price_effect_yen,-790189.1040465278,yen,,,,調査産業計,5人以上,就業形態計,35,male,income_year,持家の帰属家賃を除く総合,1990
take_home_wage,real_take_home_shapley,,1990→2000,1990,2000,total_change_yen,34897.80098866625,yen,,,,調査産業計,5人以上,就業形態計,35,male,income_year,持家の帰属家賃を除く総合,1990
take_home_wage,real_take_home_shapley,,2000→2010,2000,2010,total_change_yen,-395342.0856603966,yen,,,,調査産業計,5人以上,就業形態計,35,male,income_year,持家の帰属家賃を除く総合,1990
take_home_wage,real_take_home_shapley,,2010→2020,2010,2020,total_change_yen,-260060.7823271556,yen,,,,調査産業計,5人以上,就業形態計,35,male,income_year,持家の帰属家賃を除く総合,1990
take_home_wage,real_take_home_shapley,,2020→2025,2020,2025,total_change_yen,-58947.28998355614,yen,,,,調査産業計,5人以上,就業形態計,35,male,income_year,持家の帰属家賃を除く総合,1990
take_home_wage,real_take_home_shapley,,2015→2025,2015,2025,total_change_yen,-103237.48602650128,yen,,,,調査産業計,5人以上,就業形態計,35,male,income_year,持家の帰属家賃を除く総合,1990
take_home_wage,real_take_home_shapley,,1990→2025,1990,2025,total_change_yen,-679452.3569824421,yen,,,,調査産業計,5人以上,就業形態計,35,male,income_year,持家の帰属家賃を除く総合,1990
take_home_wage,real_take_home_shapley,,1990→2000,1990,2000,shapley_sum_yen,34897.80098866626,yen,,,,調査産業計,5人以上,就業形態計,35,male,income_year,持家の帰属家賃を除く総合,1990
take_home_wage,real_take_home_shapley,,2000→2010,2000,2010,shapley_sum_yen,-395342.0856603966,yen,,,,調査産業計,5人以上,就業形態計,35,male,income_year,持家の帰属家賃を除く総合,1990
take_home_wage,real_take_home_shapley,,2010→2020,2010,2020,shapley_sum_yen,-260060.7823271556,yen,,,,調査産業計,5人以上,就業形態計,35,male,income_year,持家の帰属家賃を除く総合,1990
take_home_wage,real_take_home_shapley,,2020→2025,2020,2025,shapley_sum_yen,-58947.2899835561,yen,,,,調査産業計,5人以上,就業形態計,35,male,income_year,持家の帰属家賃を除く総合,1990
take_home_wage,real_take_home_shapley,,2015→2025,2015,2025,shapley_sum_yen,-103237.48602650118,yen,,,,調査産業計,5人以上,就業形態計,35,male,income_year,持家の帰属家賃を除く総合,1990
take_home_wage,real_take_home_shapley,,1990→2025,1990,2025,shapley_sum_yen,-679452.3569824421,yen,,,,調査産業計,5人以上,就業形態計,35,male,income_year,持家の帰属家賃を除く総合,1990
take_home_wage,real_take_home_shapley,,1990→2000,1990,2000,decomposition_error_yen,-1.4551915228366852e-11,yen,,,,調査産業計,5人以上,就業形態計,35,male,income_year,持家の帰属家賃を除く総合,1990
take_home_wage,real_take_home_shapley,,2000→2010,2000,2010,decomposition_error_yen,0.0,yen,,,,調査産業計,5人以上,就業形態計,35,male,income_year,持家の帰属家賃を除く総合,1990
take_home_wage,real_take_home_shapley,,2010→2020,2010,2020,decomposition_error_yen,0.0,yen,,,,調査産業計,5人以上,就業形態計,35,male,income_year,持家の帰属家賃を除く総合,1990
take_home_wage,real_take_home_shapley,,2020→2025,2020,2025,decomposition_error_yen,-4.365574568510055e-11,yen,,,,調査産業計,5人以上,就業形態計,35,male,income_year,持家の帰属家賃を除く総合,1990
take_home_wage,real_take_home_shapley,,2015→2025,2015,2025,decomposition_error_yen,-1.0186340659856795e-10,yen,,,,調査産業計,5人以上,就業形態計,35,male,income_year,持家の帰属家賃を除く総合,1990
take_home_wage,real_take_home_shapley,,1990→2025,1990,2025,decomposition_error_yen,0.0,yen,,,,調査産業計,5人以上,就業形態計,35,male,income_year,持家の帰属家賃を除く総合,1990
take_home_wage,real_take_home_shapley,,1990→2000,1990,2000,wage_effect_pct_of_start,6.805920322046055,pct,,,,調査産業計,5人以上,就業形態計,35,male,income_year,持家の帰属家賃を除く総合,1990
take_home_wage,real_take_home_shapley,,2000→2010,2000,2010,wage_effect_pct_of_start,-10.170664333002172,pct,,,,調査産業計,5人以上,就業形態計,35,male,income_year,持家の帰属家賃を除く総合,1990
take_home_wage,real_take_home_shapley,,2010→2020,2010,2020,wage_effect_pct_of_start,-0.0204300100187227,pct,,,,調査産業計,5人以上,就業形態計,35,male,income_year,持家の帰属家賃を除く総合,1990
take_home_wage,real_take_home_shapley,,2020→2025,2020,2025,wage_effect_pct_of_start,10.721133297527205,pct,,,,調査産業計,5人以上,就業形態計,35,male,income_year,持家の帰属家賃を除く総合,1990
take_home_wage,real_take_home_shapley,,2015→2025,2015,2025,wage_effect_pct_of_start,11.56574507413558,pct,,,,調査産業計,5人以上,就業形態計,35,male,income_year,持家の帰属家賃を除く総合,1990
take_home_wage,real_take_home_shapley,,1990→2025,1990,2025,wage_effect_pct_of_start,6.490853553208985,pct,,,,調査産業計,5人以上,就業形態計,35,male,income_year,持家の帰属家賃を除く総合,1990
take_home_wage,real_take_home_shapley,,1990→2000,1990,2000,tax_policy_effect_pct_of_start,2.5282204286037655,pct,,,,調査産業計,5人以上,就業形態計,35,male,income_year,持家の帰属家賃を除く総合,1990
take_home_wage,real_take_home_shapley,,2000→2010,2000,2010,tax_policy_effect_pct_of_start,-1.474553574694614,pct,,,,調査産業計,5人以上,就業形態計,35,male,income_year,持家の帰属家賃を除く総合,1990
take_home_wage,real_take_home_shapley,,2010→2020,2010,2020,tax_policy_effect_pct_of_start,-0.0850405061834187,pct,,,,調査産業計,5人以上,就業形態計,35,male,income_year,持家の帰属家賃を除く総合,1990
take_home_wage,real_take_home_shapley,,2020→2025,2020,2025,tax_policy_effect_pct_of_start,0.63456429702813,pct,,,,調査産業計,5人以上,就業形態計,35,male,income_year,持家の帰属家賃を除く総合,1990
take_home_wage,real_take_home_shapley,,2015→2025,2015,2025,tax_policy_effect_pct_of_start,0.6313204446360366,pct,,,,調査産業計,5人以上,就業形態計,35,male,income_year,持家の帰属家賃を除く総合,1990
take_home_wage,real_take_home_shapley,,1990→2025,1990,2025,tax_policy_effect_pct_of_start,1.273562422930182,pct,,,,調査産業計,5人以上,就業形態計,35,male,income_year,持家の帰属家賃を除く総合,1990
take_home_wage,real_take_home_shapley,,1990→2000,1990,2000,social_insurance_policy_effect_pct_of_start,-1.1513263888446064,pct,,,,調査産業計,5人以上,就業形態計,35,male,income_year,持家の帰属家賃を除く総合,1990
take_home_wage,real_take_home_shapley,,2000→2010,2000,2010,social_insurance_policy_effect_pct_of_start,-1.9530732609285693,pct,,,,調査産業計,5人以上,就業形態計,35,male,income_year,持家の帰属家賃を除く総合,1990
take_home_wage,real_take_home_shapley,,2010→2020,2010,2020,social_insurance_policy_effect_pct_of_start,-1.3952857160838388,pct,,,,調査産業計,5人以上,就業形態計,35,male,income_year,持家の帰属家賃を除く総合,1990
take_home_wage,real_take_home_shapley,,2020→2025,2020,2025,social_insurance_policy_effect_pct_of_start,-0.2780075680433202,pct,,,,調査産業計,5人以上,就業形態計,35,male,income_year,持家の帰属家賃を除く総合,1990
take_home_wage,real_take_home_shapley,,2015→2025,2015,2025,social_insurance_policy_effect_pct_of_start,-0.4292456894891343,pct,,,,調査産業計,5人以上,就業形態計,35,male,income_year,持家の帰属家賃を除く総合,1990
take_home_wage,real_take_home_shapley,,1990→2025,1990,2025,social_insurance_policy_effect_pct_of_start,-4.726501041985475,pct,,,,調査産業計,5人以上,就業形態計,35,male,income_year,持家の帰属家賃を除く総合,1990
take_home_wage,real_take_home_shapley,,1990→2000,1990,2000,price_effect_pct_of_start,-7.225439744947101,pct,,,,調査産業計,5人以上,就業形態計,35,male,income_year,持家の帰属家賃を除く総合,1990
take_home_wage,real_take_home_shapley,,2000→2010,2000,2010,price_effect_pct_of_start,2.855457592129413,pct,,,,調査産業計,5人以上,就業形態計,35,male,income_year,持家の帰属家賃を除く総合,1990
take_home_wage,real_take_home_shapley,,2010→2020,2010,2020,price_effect_pct_of_start,-6.41655227265366,pct,,,,調査産業計,5人以上,就業形態計,35,male,income_year,持家の帰属家賃を除く総合,1990
take_home_wage,real_take_home_shapley,,2020→2025,2020,2025,price_effect_pct_of_start,-13.026585479026402,pct,,,,調査産業計,5人以上,就業形態計,35,male,income_year,持家の帰属家賃を除く総合,1990
take_home_wage,real_take_home_shapley,,2015→2025,2015,2025,price_effect_pct_of_start,-15.13176433649994,pct,,,,調査産業計,5人以上,就業形態計,35,male,income_year,持家の帰属家賃を除く総合,1990
take_home_wage,real_take_home_shapley,,1990→2025,1990,2025,price_effect_pct_of_start,-21.67778396632184,pct,,,,調査産業計,5人以上,就業形態計,35,male,income_year,持家の帰属家賃を除く総合,1990
take_home_wage,real_take_home_shapley,,1990→2000,1990,2000,total_change_pct,0.9573746168581124,pct,,,,調査産業計,5人以上,就業形態計,35,male,income_year,持家の帰属家賃を除く総合,1990
take_home_wage,real_take_home_shapley,,2000→2010,2000,2010,total_change_pct,-10.742833576495944,pct,,,,調査産業計,5人以上,就業形態計,35,male,income_year,持家の帰属家賃を除く総合,1990
take_home_wage,real_take_home_shapley,,2010→2020,2010,2020,total_change_pct,-7.91730850493964,pct,,,,調査産業計,5人以上,就業形態計,35,male,income_year,持家の帰属家賃を除く総合,1990
take_home_wage,real_take_home_shapley,,2020→2025,2020,2025,total_change_pct,-1.9488954525143865,pct,,,,調査産業計,5人以上,就業形態計,35,male,income_year,持家の帰属家賃を除く総合,1990
take_home_wage,real_take_home_shapley,,2015→2025,2015,2025,total_change_pct,-3.3639445072174636,pct,,,,調査産業計,5人以上,就業形態計,35,male,income_year,持家の帰属家賃を除く総合,1990
take_home_wage,real_take_home_shapley,,1990→2025,1990,2025,total_change_pct,-18.639869032168143,pct,,,,調査産業計,5人以上,就業形態計,35,male,income_year,持家の帰属家賃を除く総合,1990
take_home_wage,real_take_home_shapley,,1990→2000,1990,2000,shapley_sum_pct_of_start,0.9573746168581128,pct,,,,調査産業計,5人以上,就業形態計,35,male,income_year,持家の帰属家賃を除く総合,1990
take_home_wage,real_take_home_shapley,,2000→2010,2000,2010,shapley_sum_pct_of_start,-10.742833576495944,pct,,,,調査産業計,5人以上,就業形態計,35,male,income_year,持家の帰属家賃を除く総合,1990
take_home_wage,real_take_home_shapley,,2010→2020,2010,2020,shapley_sum_pct_of_start,-7.91730850493964,pct,,,,調査産業計,5人以上,就業形態計,35,male,income_year,持家の帰属家賃を除く総合,1990
take_home_wage,real_take_home_shapley,,2020→2025,2020,2025,shapley_sum_pct_of_start,-1.9488954525143851,pct,,,,調査産業計,5人以上,就業形態計,35,male,income_year,持家の帰属家賃を除く総合,1990
take_home_wage,real_take_home_shapley,,2015→2025,2015,2025,shapley_sum_pct_of_start,-3.363944507217461,pct,,,,調査産業計,5人以上,就業形態計,35,male,income_year,持家の帰属家賃を除く総合,1990
take_home_wage,real_take_home_shapley,,1990→2025,1990,2025,shapley_sum_pct_of_start,-18.639869032168143,pct,,,,調査産業計,5人以上,就業形態計,35,male,income_year,持家の帰属家賃を除く総合,1990
take_home_wage,robustness,,1991→2025,,,real_take_home_change_pct,-19.363,pct,resident_tax_timing,income_year,主分析。所得年tに賦課年度t+1の住民税を対応。,調査産業計,5人以上,就業形態計,35,male,income_year,持家の帰属家賃を除く総合,1990
take_home_wage,robustness,,1991→2025,,,real_take_home_change_pct,-19.48,pct,resident_tax_timing,cash_flow,前年所得に基づく年税額を当年へ対応する感応度分析。,調査産業計,5人以上,就業形態計,35,male,income_year,持家の帰属家賃を除く総合,1990
take_home_wage,robustness,,1990→2025,,,real_take_home_change_pct,-18.64,pct,sex,male,主分析。,調査産業計,5人以上,就業形態計,35,male,income_year,持家の帰属家賃を除く総合,1990
take_home_wage,robustness,,1990→2025,,,real_take_home_change_pct,-18.784,pct,sex,female,厚生年金保険料率の男女差を反映。差は1990～1993年のみ。,調査産業計,5人以上,就業形態計,35,male,income_year,持家の帰属家賃を除く総合,1990
take_home_wage,robustness,,1990→2025,,,real_take_home_change_pct,-18.64,pct,age_long_term_care,age35,主分析。介護保険第2号被保険者外。,調査産業計,5人以上,就業形態計,35,male,income_year,持家の帰属家賃を除く総合,1990
take_home_wage,robustness,,1990→2025,,,real_take_home_change_pct,-19.315,pct,age_long_term_care,age45,40～64歳の介護保険料を反映。,調査産業計,5人以上,就業形態計,35,male,income_year,持家の帰属家賃を除く総合,1990
take_home_wage,robustness,,2025,,,nominal_take_home_difference_yen,-28043.1,yen,age_long_term_care,age45_minus_age35,"介護保険料33,243.1円の一部を所得税・住民税減が相殺。",調査産業計,5人以上,就業形態計,35,male,income_year,持家の帰属家賃を除く総合,1990
take_home_wage,robustness,,1990→2025,,,real_gross_wage_change_pct,-14.763,pct,wage_series,level_series,毎月勤労統計の実額月次値から年平均を作成。,調査産業計,5人以上,就業形態計,35,male,income_year,持家の帰属家賃を除く総合,1990
take_home_wage,robustness,,1990→2025,,,real_gross_wage_change_pct,-14.364,pct,wage_series,official_yoy_chained,公表前年比を1990年から連鎖。,調査産業計,5人以上,就業形態計,35,male,income_year,持家の帰属家賃を除く総合,1990
take_home_wage,robustness,,2015→2025,,,real_gross_wage_change_pct,-3.32,pct,wage_series,level_series,毎月勤労統計の実額月次値から年平均を作成。,調査産業計,5人以上,就業形態計,35,male,income_year,持家の帰属家賃を除く総合,1990
take_home_wage,robustness,,2015→2025,,,real_gross_wage_change_pct,-5.881,pct,wage_series,official_yoy_chained,公表前年比を連鎖。,調査産業計,5人以上,就業形態計,35,male,income_year,持家の帰属家賃を除く総合,1990
take_home_wage,robustness,,1990→2025,,,interpretation,,,temporary_tax_measures,actual_policy,一時的減税を含む実際の制度。実質手取りのピークは1996年。,調査産業計,5人以上,就業形態計,35,male,income_year,持家の帰属家賃を除く総合,1990
take_home_wage,robustness,,1990→2025,,,interpretation,,,temporary_tax_measures,structural_policy,1994～1996、1998、2024年等の一時的減税を除外しても、実質手取りのピークは1996年。,調査産業計,5人以上,就業形態計,35,male,income_year,持家の帰属家賃を除く総合,1990
